> Task :feature-pairing:preBuild UP-TO-DATE
> Task :core-designsystem:preBuild UP-TO-DATE
> Task :core-appwrite:preBuild UP-TO-DATE
> Task :core-common:preBuild UP-TO-DATE
> Task :core-appwrite:preDebugBuild UP-TO-DATE
> Task :core-common:preDebugBuild UP-TO-DATE
> Task :feature-pairing:preDebugBuild UP-TO-DATE
> Task :core-designsystem:preDebugBuild UP-TO-DATE
> Task :feature-pairing:generateDebugResources FROM-CACHE
> Task :core-appwrite:generateDebugResources FROM-CACHE
> Task :core-designsystem:generateDebugResources FROM-CACHE
> Task :core-common:generateDebugResources FROM-CACHE
> Task :core-common:processDebugNavigationResources FROM-CACHE
> Task :core-designsystem:packageDebugResources FROM-CACHE
> Task :feature-pairing:packageDebugResources FROM-CACHE
> Task :core-appwrite:packageDebugResources FROM-CACHE
> Task :core-designsystem:processDebugNavigationResources FROM-CACHE
> Task :core-common:javaPreCompileDebug FROM-CACHE
> Task :core-appwrite:processDebugNavigationResources FROM-CACHE
> Task :feature-pairing:processDebugNavigationResources FROM-CACHE
> Task :core-common:packageDebugResources FROM-CACHE
> Task :feature-pairing:parseDebugLocalResources FROM-CACHE
> Task :core-designsystem:parseDebugLocalResources FROM-CACHE
> Task :core-common:parseDebugLocalResources FROM-CACHE
> Task :core-appwrite:parseDebugLocalResources FROM-CACHE
> Task :core-designsystem:generateDebugRFile FROM-CACHE
> Task :core-appwrite:generateDebugRFile FROM-CACHE
> Task :core-common:generateDebugRFile FROM-CACHE
> Task :feature-pairing:generateDebugRFile FROM-CACHE
> Task :core-designsystem:javaPreCompileDebug FROM-CACHE
> Task :core-sync:preBuild UP-TO-DATE
> Task :core-sync:preDebugBuild UP-TO-DATE
> Task :core-appwrite:javaPreCompileDebug FROM-CACHE
> Task :core-sync:generateDebugResources FROM-CACHE
> Task :feature-pairing:javaPreCompileDebug FROM-CACHE
> Task :feature-pairing:preDebugUnitTestBuild UP-TO-DATE
> Task :feature-playback:preBuild UP-TO-DATE
> Task :feature-playback:preDebugBuild UP-TO-DATE
> Task :feature-playback:generateDebugResources FROM-CACHE
> Task :core-sync:packageDebugResources FROM-CACHE
> Task :core-sync:processDebugNavigationResources FROM-CACHE
> Task :feature-playback:packageDebugResources FROM-CACHE
> Task :core-sync:parseDebugLocalResources FROM-CACHE
> Task :feature-playback:processDebugNavigationResources FROM-CACHE
> Task :feature-playback:parseDebugLocalResources FROM-CACHE
> Task :core-sync:generateDebugRFile FROM-CACHE
> Task :feature-playback:generateDebugRFile FROM-CACHE
> Task :core-sync:javaPreCompileDebug FROM-CACHE
> Task :feature-study:preBuild UP-TO-DATE
> Task :feature-study:preDebugBuild UP-TO-DATE
> Task :feature-playback:javaPreCompileDebug FROM-CACHE
> Task :feature-playback:preDebugUnitTestBuild UP-TO-DATE
> Task :feature-study:generateDebugResources FROM-CACHE
> Task :feature-study:packageDebugResources FROM-CACHE
> Task :feature-study:processDebugNavigationResources FROM-CACHE
> Task :feature-study:parseDebugLocalResources FROM-CACHE
> Task :feature-study:generateDebugRFile FROM-CACHE
> Task :feature-study:javaPreCompileDebug FROM-CACHE
> Task :feature-study:preDebugUnitTestBuild UP-TO-DATE
> Task :core-common:compileDebugKotlin FROM-CACHE
> Task :core-common:compileDebugJavaWithJavac NO-SOURCE
> Task :core-common:bundleLibRuntimeToJarDebug
> Task :core-common:bundleLibCompileToJarDebug
> Task :core-common:preDebugUnitTestBuild UP-TO-DATE
> Task :core-common:generateDebugUnitTestStubRFile FROM-CACHE
> Task :core-common:compileDebugUnitTestKotlin FROM-CACHE
> Task :core-common:javaPreCompileDebugUnitTest FROM-CACHE
> Task :core-common:compileDebugUnitTestJavaWithJavac NO-SOURCE
> Task :core-common:processDebugJavaRes
> Task :core-common:processDebugUnitTestJavaRes
> Task :core-common:testDebugUnitTest FROM-CACHE
> Task :core-appwrite:compileDebugKotlin FROM-CACHE
> Task :core-appwrite:compileDebugJavaWithJavac NO-SOURCE
> Task :core-appwrite:bundleLibRuntimeToJarDebug
> Task :core-appwrite:processDebugJavaRes
> Task :core-designsystem:compileDebugKotlin FROM-CACHE
> Task :core-designsystem:compileDebugJavaWithJavac NO-SOURCE
> Task :core-designsystem:bundleLibRuntimeToJarDebug
> Task :core-designsystem:processDebugJavaRes
> Task :core-appwrite:bundleLibCompileToJarDebug
> Task :core-designsystem:bundleLibCompileToJarDebug
> Task :core-sync:compileDebugKotlin FROM-CACHE
> Task :core-sync:compileDebugJavaWithJavac NO-SOURCE
> Task :core-sync:bundleLibRuntimeToJarDebug
> Task :core-sync:processDebugJavaRes
> Task :core-sync:bundleLibCompileToJarDebug
> Task :core-notifications:preBuild UP-TO-DATE
> Task :core-notifications:preDebugBuild UP-TO-DATE
> Task :core-notifications:generateDebugResources FROM-CACHE
> Task :core-notifications:packageDebugResources FROM-CACHE
> Task :core-notifications:processDebugNavigationResources FROM-CACHE
> Task :core-notifications:parseDebugLocalResources FROM-CACHE
> Task :core-notifications:generateDebugRFile FROM-CACHE
> Task :core-notifications:compileDebugKotlin FROM-CACHE
> Task :core-notifications:javaPreCompileDebug FROM-CACHE
> Task :core-notifications:compileDebugJavaWithJavac NO-SOURCE
> Task :core-notifications:bundleLibRuntimeToJarDebug
> Task :feature-pairing:compileDebugKotlin FROM-CACHE
> Task :feature-pairing:compileDebugJavaWithJavac NO-SOURCE
> Task :feature-pairing:bundleLibRuntimeToJarDebug
> Task :feature-pairing:bundleLibCompileToJarDebug
> Task :feature-pairing:javaPreCompileDebugUnitTest FROM-CACHE
> Task :feature-pairing:processDebugJavaRes
> Task :core-notifications:processDebugJavaRes
> Task :core-security:preBuild UP-TO-DATE
> Task :core-security:preDebugBuild UP-TO-DATE
> Task :feature-pairing:generateDebugUnitTestStubRFile
> Task :core-security:generateDebugResources FROM-CACHE
> Task :core-security:packageDebugResources FROM-CACHE
> Task :core-security:processDebugNavigationResources FROM-CACHE
> Task :core-security:parseDebugLocalResources FROM-CACHE
> Task :core-security:generateDebugRFile FROM-CACHE
> Task :core-security:compileDebugKotlin FROM-CACHE
> Task :core-security:javaPreCompileDebug FROM-CACHE
> Task :core-security:compileDebugJavaWithJavac NO-SOURCE
> Task :core-security:bundleLibRuntimeToJarDebug
> Task :core-security:processDebugJavaRes
> Task :feature-calls:preBuild UP-TO-DATE
> Task :feature-calls:preDebugBuild UP-TO-DATE
> Task :feature-calls:generateDebugResources FROM-CACHE
> Task :feature-calls:packageDebugResources FROM-CACHE
> Task :feature-calls:processDebugNavigationResources FROM-CACHE
> Task :feature-calls:parseDebugLocalResources FROM-CACHE
> Task :feature-calls:generateDebugRFile FROM-CACHE
> Task :feature-calls:compileDebugKotlin FROM-CACHE
> Task :feature-calls:javaPreCompileDebug FROM-CACHE
> Task :feature-calls:compileDebugJavaWithJavac NO-SOURCE
> Task :feature-calls:bundleLibRuntimeToJarDebug
> Task :feature-calls:processDebugJavaRes
> Task :feature-hearttoheart:preBuild UP-TO-DATE
> Task :feature-hearttoheart:preDebugBuild UP-TO-DATE
> Task :feature-hearttoheart:generateDebugResources FROM-CACHE
> Task :feature-hearttoheart:packageDebugResources FROM-CACHE
> Task :feature-hearttoheart:processDebugNavigationResources FROM-CACHE
> Task :feature-hearttoheart:parseDebugLocalResources FROM-CACHE
> Task :feature-hearttoheart:generateDebugRFile FROM-CACHE
> Task :feature-hearttoheart:compileDebugKotlin FROM-CACHE
> Task :feature-hearttoheart:javaPreCompileDebug FROM-CACHE
> Task :feature-hearttoheart:compileDebugJavaWithJavac NO-SOURCE
> Task :feature-hearttoheart:bundleLibRuntimeToJarDebug
> Task :feature-hearttoheart:processDebugJavaRes
> Task :core-notifications:bundleLibCompileToJarDebug
> Task :core-security:bundleLibCompileToJarDebug
> Task :feature-calls:bundleLibCompileToJarDebug
> Task :feature-hearttoheart:bundleLibCompileToJarDebug
> Task :hamyar-app:preBuild UP-TO-DATE
> Task :hamyar-app:preP09DebugBuild UP-TO-DATE
> Task :hamyar-app:generateP09DebugBuildConfig
> Task :hamyar-app:generateP09DebugResValues FROM-CACHE
> Task :hamyar-app:generateP09DebugResources FROM-CACHE
> Task :hamyar-app:packageP09DebugResources FROM-CACHE
> Task :hamyar-app:processP09DebugNavigationResources FROM-CACHE
> Task :hamyar-app:parseP09DebugLocalResources FROM-CACHE
> Task :hamyar-app:generateP09DebugRFile FROM-CACHE
> Task :hamyar-app:javaPreCompileP09Debug FROM-CACHE
> Task :core-appwrite:mapDebugSourceSetPaths
> Task :core-appwrite:compileDebugLibraryResources FROM-CACHE
> Task :core-common:mapDebugSourceSetPaths
> Task :core-common:compileDebugLibraryResources FROM-CACHE
> Task :core-designsystem:mapDebugSourceSetPaths
> Task :core-designsystem:compileDebugLibraryResources FROM-CACHE
> Task :core-notifications:mapDebugSourceSetPaths
> Task :core-notifications:compileDebugLibraryResources FROM-CACHE
> Task :core-security:mapDebugSourceSetPaths
> Task :core-security:compileDebugLibraryResources FROM-CACHE
> Task :core-sync:mapDebugSourceSetPaths
> Task :core-sync:compileDebugLibraryResources FROM-CACHE
> Task :feature-calls:mapDebugSourceSetPaths
> Task :feature-calls:compileDebugLibraryResources FROM-CACHE
> Task :feature-hearttoheart:mapDebugSourceSetPaths
> Task :feature-hearttoheart:compileDebugLibraryResources FROM-CACHE
> Task :feature-pairing:mapDebugSourceSetPaths
> Task :feature-pairing:compileDebugLibraryResources FROM-CACHE
> Task :core-appwrite:writeDebugAarMetadata
> Task :core-common:writeDebugAarMetadata
> Task :core-designsystem:writeDebugAarMetadata
> Task :core-notifications:writeDebugAarMetadata
> Task :core-security:writeDebugAarMetadata
> Task :core-sync:writeDebugAarMetadata
> Task :feature-calls:writeDebugAarMetadata
> Task :feature-hearttoheart:writeDebugAarMetadata
> Task :feature-pairing:writeDebugAarMetadata
> Task :hamyar-app:mapP09DebugSourceSetPaths
> Task :hamyar-app:compileP09DebugNavigationResources FROM-CACHE
> Task :feature-study:generateDebugUnitTestStubRFile
> Task :hamyar-app:mergeP09DebugResources FROM-CACHE
> Task :feature-playback:generateDebugUnitTestStubRFile
> Task :hamyar-app:createP09DebugCompatibleScreenManifests
> Task :core-appwrite:extractDeepLinksDebug FROM-CACHE
> Task :core-appwrite:processDebugManifest FROM-CACHE
> Task :core-common:extractDeepLinksDebug FROM-CACHE
> Task :core-common:processDebugManifest FROM-CACHE
> Task :core-designsystem:extractDeepLinksDebug FROM-CACHE
> Task :core-designsystem:processDebugManifest FROM-CACHE
> Task :core-notifications:extractDeepLinksDebug FROM-CACHE
> Task :core-notifications:processDebugManifest FROM-CACHE
> Task :core-security:extractDeepLinksDebug FROM-CACHE
> Task :feature-playback:compileDebugKotlin FROM-CACHE
> Task :feature-playback:compileDebugJavaWithJavac NO-SOURCE
> Task :core-security:processDebugManifest FROM-CACHE
> Task :core-sync:extractDeepLinksDebug FROM-CACHE
> Task :feature-playback:bundleLibRuntimeToJarDebug
> Task :feature-study:compileDebugKotlin FROM-CACHE
> Task :feature-study:compileDebugJavaWithJavac NO-SOURCE
> Task :core-sync:processDebugManifest FROM-CACHE
> Task :feature-playback:javaPreCompileDebugUnitTest FROM-CACHE
> Task :feature-playback:bundleLibCompileToJarDebug
> Task :feature-study:bundleLibRuntimeToJarDebug
> Task :feature-study:javaPreCompileDebugUnitTest FROM-CACHE
> Task :feature-playback:processDebugJavaRes
> Task :feature-study:bundleLibCompileToJarDebug
> Task :feature-calls:extractDeepLinksDebug FROM-CACHE
> Task :feature-study:processDebugJavaRes
> Task :feature-pairing:compileDebugUnitTestKotlin
> Task :feature-pairing:compileDebugUnitTestJavaWithJavac NO-SOURCE
> Task :feature-pairing:processDebugUnitTestJavaRes
> Task :feature-playback:compileDebugUnitTestKotlin
> Task :feature-playback:compileDebugUnitTestJavaWithJavac NO-SOURCE
> Task :feature-playback:processDebugUnitTestJavaRes
> Task :feature-study:compileDebugUnitTestKotlin
> Task :feature-study:compileDebugUnitTestJavaWithJavac NO-SOURCE
> Task :feature-study:processDebugUnitTestJavaRes
> Task :feature-pairing:testDebugUnitTest
> Task :feature-calls:processDebugManifest FROM-CACHE
> Task :feature-hearttoheart:extractDeepLinksDebug FROM-CACHE
> Task :feature-hearttoheart:processDebugManifest FROM-CACHE
> Task :feature-pairing:extractDeepLinksDebug FROM-CACHE
> Task :feature-pairing:processDebugManifest FROM-CACHE
> Task :hamyar-app:extractDeepLinksP09Debug FROM-CACHE
> Task :hamyar-app:preP09DebugUnitTestBuild UP-TO-DATE
> Task :hamyar-app:javaPreCompileP09DebugUnitTest FROM-CACHE
> Task :feature-playback:testDebugUnitTest
> Task :feature-playback:mapDebugSourceSetPaths
> Task :feature-playback:compileDebugLibraryResources FROM-CACHE
> Task :feature-playback:writeDebugAarMetadata
> Task :feature-playback:extractDeepLinksDebug FROM-CACHE
> Task :feature-playback:processDebugManifest FROM-CACHE
> Task :feature-study:testDebugUnitTest
> Task :feature-study:mapDebugSourceSetPaths
> Task :feature-study:compileDebugLibraryResources FROM-CACHE
> Task :feature-study:writeDebugAarMetadata
> Task :feature-study:extractDeepLinksDebug FROM-CACHE
> Task :feature-study:processDebugManifest FROM-CACHE
> Task :hamyar-app:checkP09DebugAarMetadata
> Task :hamyar-app:processP09DebugMainManifest
> Task :hamyar-app:processP09DebugManifest
> Task :hamyar-app:processP09DebugManifestForPackage
> Task :hamyar-app:processP09DebugResources
> Task :hamyar-app:compileP09DebugKotlin
e: apps/hamyar-app/src/main/java/com/hamyareman/ir/ui/study/BookDetailScreen.kt:135:23 Assignment type mismatch: actual type is 'Collection<String>', but 'Set<String>' was expected.
> Task :hamyar-app:compileP09DebugKotlin FAILED
FAILURE: Build failed with an exception.
* What went wrong:
BUILD FAILED in 1m 15s
> Task :core-appwrite:preBuild UP-TO-DATE
> Task :core-common:preBuild UP-TO-DATE
> Task :core-appwrite:preDebugBuild UP-TO-DATE
> Task :core-common:preDebugBuild UP-TO-DATE
> Task :core-designsystem:preBuild UP-TO-DATE
> Task :core-security:preBuild UP-TO-DATE
> Task :core-designsystem:preDebugBuild UP-TO-DATE
> Task :core-security:preDebugBuild UP-TO-DATE
> Task :core-common:checkDebugAarMetadata
> Task :core-security:mergeDebugJniLibFolders
> Task :core-common:mergeDebugJniLibFolders
> Task :core-appwrite:mergeDebugJniLibFolders
> Task :core-designsystem:mergeDebugJniLibFolders
> Task :core-common:mergeDebugNativeLibs NO-SOURCE
> Task :core-appwrite:mergeDebugNativeLibs NO-SOURCE
> Task :core-common:stripDebugDebugSymbols NO-SOURCE
> Task :core-designsystem:mergeDebugNativeLibs NO-SOURCE
> Task :core-security:mergeDebugNativeLibs NO-SOURCE
> Task :core-security:stripDebugDebugSymbols NO-SOURCE
> Task :core-designsystem:stripDebugDebugSymbols NO-SOURCE
> Task :core-appwrite:stripDebugDebugSymbols NO-SOURCE
> Task :core-designsystem:copyDebugJniLibsProjectAndLocalJars
> Task :core-appwrite:copyDebugJniLibsProjectAndLocalJars
> Task :core-security:copyDebugJniLibsProjectAndLocalJars
> Task :core-common:copyDebugJniLibsProjectAndLocalJars
> Task :core-designsystem:generateDebugResources UP-TO-DATE
> Task :core-appwrite:generateDebugResources UP-TO-DATE
> Task :core-security:generateDebugResources UP-TO-DATE
> Task :core-common:generateDebugResources UP-TO-DATE
> Task :core-common:processDebugNavigationResources UP-TO-DATE
> Task :core-common:extractDeepLinksForAarDebug
> Task :core-common:generateDebugAssets UP-TO-DATE
> Task :core-security:packageDebugResources UP-TO-DATE
> Task :core-security:processDebugNavigationResources UP-TO-DATE
> Task :core-designsystem:packageDebugResources UP-TO-DATE
> Task :core-appwrite:packageDebugResources UP-TO-DATE
> Task :core-designsystem:processDebugNavigationResources UP-TO-DATE
> Task :core-appwrite:processDebugNavigationResources UP-TO-DATE
> Task :core-security:parseDebugLocalResources UP-TO-DATE
> Task :core-appwrite:parseDebugLocalResources UP-TO-DATE
> Task :core-designsystem:parseDebugLocalResources UP-TO-DATE
> Task :core-security:generateDebugRFile UP-TO-DATE
> Task :core-appwrite:generateDebugRFile UP-TO-DATE
> Task :core-appwrite:extractDeepLinksForAarDebug FROM-CACHE
> Task :core-appwrite:generateDebugAssets UP-TO-DATE
> Task :core-security:extractDeepLinksForAarDebug FROM-CACHE
> Task :core-security:generateDebugAssets UP-TO-DATE
> Task :core-common:mergeDebugAssets
> Task :core-designsystem:generateDebugRFile UP-TO-DATE
> Task :core-common:packageDebugResources UP-TO-DATE
> Task :core-designsystem:extractDeepLinksForAarDebug FROM-CACHE
> Task :core-designsystem:generateDebugAssets UP-TO-DATE
> Task :core-appwrite:mergeDebugAssets
> Task :core-common:parseDebugLocalResources UP-TO-DATE
> Task :core-appwrite:javaPreCompileDebug UP-TO-DATE
> Task :core-security:mergeDebugAssets
> Task :core-common:generateDebugRFile UP-TO-DATE
> Task :core-security:javaPreCompileDebug UP-TO-DATE
> Task :core-security:prepareDebugArtProfile
> Task :core-appwrite:prepareDebugArtProfile
> Task :core-designsystem:mergeDebugAssets
> Task :core-designsystem:javaPreCompileDebug UP-TO-DATE
> Task :core-designsystem:prepareDebugArtProfile
> Task :core-appwrite:prepareLintJarForPublish
> Task :core-security:prepareLintJarForPublish
> Task :core-appwrite:processDebugManifest UP-TO-DATE
> Task :core-security:processDebugManifest UP-TO-DATE
> Task :core-appwrite:writeDebugAarMetadata UP-TO-DATE
> Task :core-notifications:preBuild UP-TO-DATE
> Task :core-designsystem:prepareLintJarForPublish
> Task :core-security:writeDebugAarMetadata UP-TO-DATE
> Task :core-notifications:preDebugBuild UP-TO-DATE
> Task :core-notifications:generateDebugAssets UP-TO-DATE
> Task :core-designsystem:processDebugManifest UP-TO-DATE
> Task :core-sync:preBuild UP-TO-DATE
> Task :core-sync:preDebugBuild UP-TO-DATE
> Task :core-designsystem:writeDebugAarMetadata UP-TO-DATE
> Task :feature-pairing:preBuild UP-TO-DATE
> Task :feature-pairing:preDebugBuild UP-TO-DATE
> Task :core-notifications:mergeDebugJniLibFolders
> Task :feature-pairing:mergeDebugJniLibFolders
> Task :core-sync:mergeDebugJniLibFolders
> Task :feature-pairing:mergeDebugNativeLibs NO-SOURCE
> Task :core-notifications:mergeDebugNativeLibs NO-SOURCE
> Task :core-sync:mergeDebugNativeLibs NO-SOURCE
> Task :feature-pairing:stripDebugDebugSymbols NO-SOURCE
> Task :core-sync:stripDebugDebugSymbols NO-SOURCE
> Task :core-notifications:stripDebugDebugSymbols NO-SOURCE
> Task :feature-pairing:copyDebugJniLibsProjectAndLocalJars
> Task :core-notifications:copyDebugJniLibsProjectAndLocalJars
> Task :core-sync:generateDebugResources UP-TO-DATE
> Task :core-notifications:generateDebugResources UP-TO-DATE
> Task :core-sync:packageDebugResources UP-TO-DATE
> Task :core-notifications:packageDebugResources UP-TO-DATE
> Task :core-notifications:processDebugNavigationResources UP-TO-DATE
> Task :core-sync:copyDebugJniLibsProjectAndLocalJars
> Task :feature-pairing:generateDebugResources UP-TO-DATE
> Task :core-sync:processDebugNavigationResources UP-TO-DATE
> Task :feature-pairing:packageDebugResources UP-TO-DATE
> Task :core-notifications:parseDebugLocalResources UP-TO-DATE
> Task :feature-pairing:processDebugNavigationResources UP-TO-DATE
> Task :core-sync:parseDebugLocalResources UP-TO-DATE
> Task :core-sync:generateDebugRFile UP-TO-DATE
> Task :core-notifications:generateDebugRFile UP-TO-DATE
> Task :feature-pairing:parseDebugLocalResources UP-TO-DATE
> Task :feature-pairing:generateDebugRFile UP-TO-DATE
> Task :core-sync:extractDeepLinksForAarDebug FROM-CACHE
> Task :core-sync:generateDebugAssets UP-TO-DATE
> Task :core-notifications:extractDeepLinksForAarDebug FROM-CACHE
> Task :feature-pairing:extractDeepLinksForAarDebug FROM-CACHE
> Task :feature-pairing:generateDebugAssets UP-TO-DATE
> Task :core-sync:mergeDebugAssets
> Task :feature-pairing:mergeDebugAssets
> Task :feature-pairing:javaPreCompileDebug UP-TO-DATE
> Task :core-notifications:mergeDebugAssets
> Task :core-notifications:javaPreCompileDebug UP-TO-DATE
> Task :core-sync:javaPreCompileDebug UP-TO-DATE
> Task :feature-pairing:prepareDebugArtProfile
> Task :core-notifications:prepareDebugArtProfile
> Task :feature-pairing:prepareLintJarForPublish
> Task :core-sync:prepareDebugArtProfile
> Task :core-notifications:prepareLintJarForPublish
> Task :core-notifications:processDebugManifest UP-TO-DATE
> Task :core-notifications:writeDebugAarMetadata UP-TO-DATE
> Task :feature-hearttoheart:preBuild UP-TO-DATE
> Task :feature-hearttoheart:preDebugBuild UP-TO-DATE
> Task :feature-pairing:processDebugManifest UP-TO-DATE
> Task :core-sync:prepareLintJarForPublish
> Task :feature-pairing:writeDebugAarMetadata UP-TO-DATE
> Task :feature-calls:preBuild UP-TO-DATE
> Task :feature-calls:preDebugBuild UP-TO-DATE
> Task :core-sync:processDebugManifest UP-TO-DATE
> Task :core-sync:writeDebugAarMetadata UP-TO-DATE
> Task :feature-playback:preBuild UP-TO-DATE
> Task :feature-playback:preDebugBuild UP-TO-DATE
> Task :feature-hearttoheart:mergeDebugJniLibFolders
> Task :feature-hearttoheart:mergeDebugNativeLibs NO-SOURCE
> Task :feature-calls:mergeDebugJniLibFolders
> Task :feature-hearttoheart:stripDebugDebugSymbols NO-SOURCE
> Task :feature-playback:mergeDebugJniLibFolders
> Task :feature-calls:mergeDebugNativeLibs NO-SOURCE
> Task :feature-hearttoheart:generateDebugResources UP-TO-DATE
> Task :feature-hearttoheart:packageDebugResources UP-TO-DATE
> Task :feature-playback:mergeDebugNativeLibs NO-SOURCE
> Task :feature-hearttoheart:processDebugNavigationResources UP-TO-DATE
> Task :feature-hearttoheart:copyDebugJniLibsProjectAndLocalJars
> Task :feature-hearttoheart:parseDebugLocalResources UP-TO-DATE
> Task :feature-hearttoheart:generateDebugRFile UP-TO-DATE
> Task :feature-playback:stripDebugDebugSymbols NO-SOURCE
> Task :feature-calls:stripDebugDebugSymbols NO-SOURCE
> Task :feature-hearttoheart:extractDeepLinksForAarDebug FROM-CACHE
> Task :feature-hearttoheart:generateDebugAssets UP-TO-DATE
> Task :feature-playback:copyDebugJniLibsProjectAndLocalJars
> Task :feature-calls:copyDebugJniLibsProjectAndLocalJars
> Task :feature-calls:generateDebugResources UP-TO-DATE
> Task :feature-playback:generateDebugResources UP-TO-DATE
> Task :feature-calls:packageDebugResources UP-TO-DATE
> Task :feature-hearttoheart:mergeDebugAssets
> Task :feature-calls:processDebugNavigationResources UP-TO-DATE
> Task :feature-playback:packageDebugResources UP-TO-DATE
> Task :feature-hearttoheart:javaPreCompileDebug UP-TO-DATE
> Task :feature-hearttoheart:prepareDebugArtProfile
> Task :feature-playback:processDebugNavigationResources UP-TO-DATE
> Task :feature-calls:parseDebugLocalResources UP-TO-DATE
> Task :feature-calls:generateDebugRFile UP-TO-DATE
> Task :feature-playback:parseDebugLocalResources UP-TO-DATE
> Task :feature-hearttoheart:prepareLintJarForPublish
> Task :feature-playback:generateDebugRFile UP-TO-DATE
> Task :feature-playback:extractDeepLinksForAarDebug FROM-CACHE
> Task :feature-playback:generateDebugAssets UP-TO-DATE
> Task :feature-calls:extractDeepLinksForAarDebug FROM-CACHE
> Task :feature-calls:generateDebugAssets UP-TO-DATE
> Task :feature-hearttoheart:processDebugManifest UP-TO-DATE
> Task :feature-hearttoheart:writeDebugAarMetadata UP-TO-DATE
> Task :feature-study:preBuild UP-TO-DATE
> Task :feature-study:preDebugBuild UP-TO-DATE
> Task :feature-playback:mergeDebugAssets
> Task :feature-playback:javaPreCompileDebug UP-TO-DATE
> Task :feature-calls:mergeDebugAssets
> Task :feature-study:mergeDebugJniLibFolders
> Task :feature-calls:javaPreCompileDebug UP-TO-DATE
> Task :feature-study:mergeDebugNativeLibs NO-SOURCE
> Task :feature-playback:prepareDebugArtProfile
> Task :feature-calls:prepareDebugArtProfile
> Task :feature-study:stripDebugDebugSymbols NO-SOURCE
> Task :feature-playback:prepareLintJarForPublish
> Task :feature-playback:processDebugManifest UP-TO-DATE
> Task :feature-playback:writeDebugAarMetadata UP-TO-DATE
> Task :feature-calls:prepareLintJarForPublish
> Task :feature-calls:processDebugManifest UP-TO-DATE
> Task :feature-calls:writeDebugAarMetadata UP-TO-DATE
> Task :feature-study:generateDebugResources UP-TO-DATE
> Task :feature-study:copyDebugJniLibsProjectAndLocalJars
> Task :feature-study:packageDebugResources UP-TO-DATE
> Task :feature-study:processDebugNavigationResources UP-TO-DATE
> Task :feature-study:parseDebugLocalResources UP-TO-DATE
> Task :feature-study:generateDebugRFile UP-TO-DATE
> Task :feature-study:extractDeepLinksForAarDebug FROM-CACHE
> Task :feature-study:generateDebugAssets UP-TO-DATE
> Task :feature-study:mergeDebugAssets
> Task :feature-study:javaPreCompileDebug UP-TO-DATE
> Task :feature-study:prepareDebugArtProfile
> Task :feature-study:prepareLintJarForPublish
> Task :feature-study:processDebugManifest UP-TO-DATE
> Task :feature-study:writeDebugAarMetadata UP-TO-DATE
> Task :core-common:extractDebugAnnotations
> Task :core-common:compileDebugKotlin UP-TO-DATE
> Task :core-common:javaPreCompileDebug UP-TO-DATE
> Task :core-common:compileDebugJavaWithJavac NO-SOURCE
> Task :core-common:mergeDebugGeneratedProguardFiles
> Task :core-common:mergeDebugConsumerProguardFiles
> Task :core-common:prepareDebugArtProfile
> Task :core-common:prepareLintJarForPublish
> Task :core-common:processDebugManifest UP-TO-DATE
> Task :core-common:processDebugJavaRes UP-TO-DATE
> Task :core-common:writeDebugAarMetadata UP-TO-DATE
> Task :core-common:bundleLibCompileToJarDebug UP-TO-DATE
> Task :core-common:mergeDebugJavaResource
> Task :core-common:syncDebugLibJars
> Task :core-appwrite:checkDebugAarMetadata
> Task :core-common:bundleDebugAar
> Task :core-common:assembleDebug
> Task :core-notifications:checkDebugAarMetadata
> Task :core-notifications:extractDebugAnnotations
> Task :core-notifications:compileDebugKotlin UP-TO-DATE
> Task :core-notifications:compileDebugJavaWithJavac NO-SOURCE
> Task :core-notifications:mergeDebugGeneratedProguardFiles
> Task :core-notifications:mergeDebugConsumerProguardFiles
> Task :core-notifications:processDebugJavaRes UP-TO-DATE
> Task :core-notifications:mergeDebugJavaResource
> Task :core-notifications:syncDebugLibJars
> Task :core-notifications:bundleDebugAar
> Task :core-notifications:assembleDebug
> Task :core-sync:checkDebugAarMetadata
> Task :feature-pairing:checkDebugAarMetadata
> Task :core-security:checkDebugAarMetadata
> Task :feature-hearttoheart:checkDebugAarMetadata
> Task :core-appwrite:extractDebugAnnotations
> Task :core-appwrite:compileDebugKotlin UP-TO-DATE
> Task :core-appwrite:compileDebugJavaWithJavac NO-SOURCE
> Task :core-appwrite:mergeDebugGeneratedProguardFiles
> Task :core-appwrite:mergeDebugConsumerProguardFiles
> Task :core-appwrite:processDebugJavaRes UP-TO-DATE
> Task :feature-calls:checkDebugAarMetadata
> Task :core-appwrite:bundleLibCompileToJarDebug UP-TO-DATE
> Task :core-security:extractDebugAnnotations
> Task :core-appwrite:mergeDebugJavaResource
> Task :core-security:compileDebugKotlin UP-TO-DATE
> Task :core-security:compileDebugJavaWithJavac NO-SOURCE
> Task :core-security:mergeDebugGeneratedProguardFiles
> Task :core-security:mergeDebugConsumerProguardFiles
> Task :core-security:processDebugJavaRes UP-TO-DATE
> Task :core-security:mergeDebugJavaResource
> Task :core-security:syncDebugLibJars
> Task :core-security:bundleDebugAar
> Task :core-security:assembleDebug
> Task :core-sync:extractDebugAnnotations
> Task :core-appwrite:syncDebugLibJars
> Task :core-sync:compileDebugKotlin UP-TO-DATE
> Task :core-sync:compileDebugJavaWithJavac NO-SOURCE
> Task :core-sync:mergeDebugGeneratedProguardFiles
> Task :core-sync:mergeDebugConsumerProguardFiles
> Task :core-sync:processDebugJavaRes UP-TO-DATE
> Task :core-appwrite:bundleDebugAar
> Task :core-appwrite:assembleDebug
> Task :feature-playback:checkDebugAarMetadata
> Task :core-sync:mergeDebugJavaResource
> Task :core-sync:syncDebugLibJars
> Task :feature-study:checkDebugAarMetadata
> Task :core-sync:bundleDebugAar
> Task :core-sync:assembleDebug
> Task :core-sync:bundleLibCompileToJarDebug UP-TO-DATE
> Task :feature-playback:extractDebugAnnotations
> Task :feature-study:extractDebugAnnotations
> Task :feature-study:compileDebugKotlin UP-TO-DATE
> Task :feature-playback:compileDebugKotlin UP-TO-DATE
> Task :feature-playback:compileDebugJavaWithJavac NO-SOURCE
> Task :feature-study:compileDebugJavaWithJavac NO-SOURCE
> Task :feature-playback:mergeDebugGeneratedProguardFiles
> Task :feature-study:mergeDebugGeneratedProguardFiles
> Task :feature-study:mergeDebugConsumerProguardFiles
> Task :feature-study:processDebugJavaRes UP-TO-DATE
> Task :feature-playback:mergeDebugConsumerProguardFiles
> Task :feature-playback:processDebugJavaRes UP-TO-DATE
> Task :feature-playback:mergeDebugJavaResource
> Task :feature-study:mergeDebugJavaResource
> Task :feature-playback:syncDebugLibJars
> Task :feature-playback:bundleDebugAar
> Task :feature-playback:assembleDebug
> Task :feature-study:syncDebugLibJars
> Task :feature-study:bundleDebugAar
> Task :feature-study:assembleDebug
> Task :core-designsystem:checkDebugAarMetadata
> Task :core-designsystem:extractDebugAnnotations
> Task :core-designsystem:compileDebugKotlin UP-TO-DATE
> Task :core-designsystem:compileDebugJavaWithJavac NO-SOURCE
> Task :core-designsystem:mergeDebugGeneratedProguardFiles
> Task :core-designsystem:mergeDebugConsumerProguardFiles
> Task :core-designsystem:processDebugJavaRes UP-TO-DATE
> Task :core-designsystem:bundleLibCompileToJarDebug UP-TO-DATE
> Task :core-designsystem:mergeDebugJavaResource
> Task :core-designsystem:syncDebugLibJars
> Task :core-designsystem:bundleDebugAar
> Task :core-designsystem:assembleDebug
> Task :feature-hearttoheart:extractDebugAnnotations
> Task :feature-pairing:extractDebugAnnotations
> Task :feature-pairing:compileDebugKotlin UP-TO-DATE
> Task :feature-pairing:compileDebugJavaWithJavac NO-SOURCE
> Task :feature-hearttoheart:compileDebugKotlin UP-TO-DATE
> Task :feature-hearttoheart:compileDebugJavaWithJavac NO-SOURCE
> Task :feature-hearttoheart:mergeDebugGeneratedProguardFiles
> Task :feature-pairing:mergeDebugGeneratedProguardFiles
> Task :feature-pairing:mergeDebugConsumerProguardFiles
> Task :feature-hearttoheart:mergeDebugConsumerProguardFiles
> Task :feature-pairing:processDebugJavaRes UP-TO-DATE
> Task :feature-hearttoheart:processDebugJavaRes UP-TO-DATE
> Task :feature-calls:extractDebugAnnotations
> Task :feature-pairing:mergeDebugJavaResource
> Task :feature-hearttoheart:mergeDebugJavaResource
> Task :feature-calls:compileDebugKotlin UP-TO-DATE
> Task :feature-calls:compileDebugJavaWithJavac NO-SOURCE
> Task :feature-calls:mergeDebugGeneratedProguardFiles
> Task :feature-pairing:syncDebugLibJars
> Task :feature-calls:mergeDebugConsumerProguardFiles
> Task :feature-calls:processDebugJavaRes UP-TO-DATE
> Task :feature-pairing:bundleDebugAar
> Task :feature-pairing:assembleDebug
> Task :feature-calls:mergeDebugJavaResource
> Task :feature-hearttoheart:syncDebugLibJars
> Task :feature-hearttoheart:bundleDebugAar
> Task :feature-hearttoheart:assembleDebug
> Task :feature-calls:syncDebugLibJars
> Task :feature-calls:bundleDebugAar
> Task :feature-calls:assembleDebug
BUILD SUCCESSFUL in 11s
> Task :core-common:preBuild UP-TO-DATE
> Task :core-common:preDebugBuild UP-TO-DATE
> Task :core-appwrite:preBuild UP-TO-DATE
> Task :core-appwrite:preDebugBuild UP-TO-DATE
> Task :core-common:generateDebugResources UP-TO-DATE
> Task :core-appwrite:generateDebugResources UP-TO-DATE
> Task :hamyar-app:preBuild UP-TO-DATE
> Task :hamyar-app:preP09DebugBuild UP-TO-DATE
> Task :core-appwrite:packageDebugResources UP-TO-DATE
> Task :core-common:packageDebugResources UP-TO-DATE
> Task :core-designsystem:preBuild UP-TO-DATE
> Task :core-designsystem:preDebugBuild UP-TO-DATE
> Task :core-common:processDebugNavigationResources UP-TO-DATE
> Task :core-designsystem:generateDebugResources UP-TO-DATE
> Task :hamyar-app:mergeP09DebugNativeDebugMetadata NO-SOURCE
> Task :core-appwrite:processDebugNavigationResources UP-TO-DATE
> Task :core-notifications:preBuild UP-TO-DATE
> Task :core-notifications:preDebugBuild UP-TO-DATE
> Task :core-notifications:generateDebugResources UP-TO-DATE
> Task :core-notifications:packageDebugResources UP-TO-DATE
> Task :core-notifications:processDebugNavigationResources UP-TO-DATE
> Task :core-common:parseDebugLocalResources UP-TO-DATE
> Task :core-designsystem:packageDebugResources UP-TO-DATE
> Task :core-common:generateDebugRFile UP-TO-DATE
> Task :core-appwrite:parseDebugLocalResources UP-TO-DATE
> Task :core-appwrite:generateDebugRFile UP-TO-DATE
> Task :core-notifications:parseDebugLocalResources UP-TO-DATE
> Task :core-appwrite:javaPreCompileDebug UP-TO-DATE
> Task :core-security:preBuild UP-TO-DATE
> Task :core-security:preDebugBuild UP-TO-DATE
> Task :core-designsystem:processDebugNavigationResources UP-TO-DATE
> Task :core-notifications:generateDebugRFile UP-TO-DATE
> Task :core-security:generateDebugResources UP-TO-DATE
> Task :core-notifications:javaPreCompileDebug UP-TO-DATE
> Task :core-sync:preBuild UP-TO-DATE
> Task :core-sync:preDebugBuild UP-TO-DATE
> Task :core-designsystem:parseDebugLocalResources UP-TO-DATE
> Task :core-sync:generateDebugResources UP-TO-DATE
> Task :core-designsystem:generateDebugRFile UP-TO-DATE
> Task :core-security:packageDebugResources UP-TO-DATE
> Task :core-designsystem:javaPreCompileDebug UP-TO-DATE
> Task :core-sync:packageDebugResources UP-TO-DATE
> Task :core-security:processDebugNavigationResources UP-TO-DATE
> Task :core-sync:processDebugNavigationResources UP-TO-DATE
> Task :core-sync:parseDebugLocalResources UP-TO-DATE
> Task :feature-calls:preBuild UP-TO-DATE
> Task :feature-calls:preDebugBuild UP-TO-DATE
> Task :core-sync:generateDebugRFile UP-TO-DATE
> Task :core-sync:javaPreCompileDebug UP-TO-DATE
> Task :feature-hearttoheart:preBuild UP-TO-DATE
> Task :feature-hearttoheart:preDebugBuild UP-TO-DATE
> Task :feature-calls:generateDebugResources UP-TO-DATE
> Task :core-security:parseDebugLocalResources UP-TO-DATE
> Task :feature-hearttoheart:generateDebugResources UP-TO-DATE
> Task :core-security:generateDebugRFile UP-TO-DATE
> Task :feature-hearttoheart:packageDebugResources UP-TO-DATE
> Task :feature-calls:packageDebugResources UP-TO-DATE
> Task :feature-calls:processDebugNavigationResources UP-TO-DATE
> Task :feature-hearttoheart:processDebugNavigationResources UP-TO-DATE
> Task :core-common:compileDebugKotlin UP-TO-DATE
> Task :core-common:javaPreCompileDebug UP-TO-DATE
> Task :feature-hearttoheart:parseDebugLocalResources UP-TO-DATE
> Task :core-common:compileDebugJavaWithJavac NO-SOURCE
> Task :core-security:javaPreCompileDebug UP-TO-DATE
> Task :feature-pairing:preBuild UP-TO-DATE
> Task :feature-pairing:preDebugBuild UP-TO-DATE
> Task :feature-calls:parseDebugLocalResources UP-TO-DATE
> Task :feature-pairing:generateDebugResources UP-TO-DATE
> Task :core-common:bundleLibCompileToJarDebug UP-TO-DATE
> Task :feature-calls:generateDebugRFile UP-TO-DATE
> Task :feature-hearttoheart:generateDebugRFile UP-TO-DATE
> Task :core-notifications:compileDebugKotlin UP-TO-DATE
> Task :core-notifications:compileDebugJavaWithJavac NO-SOURCE
> Task :core-notifications:bundleLibCompileToJarDebug UP-TO-DATE
> Task :feature-calls:javaPreCompileDebug UP-TO-DATE
> Task :feature-hearttoheart:javaPreCompileDebug UP-TO-DATE
> Task :feature-pairing:packageDebugResources UP-TO-DATE
> Task :feature-pairing:processDebugNavigationResources UP-TO-DATE
> Task :feature-pairing:parseDebugLocalResources UP-TO-DATE
> Task :feature-pairing:generateDebugRFile UP-TO-DATE
> Task :core-security:compileDebugKotlin UP-TO-DATE
> Task :feature-pairing:javaPreCompileDebug UP-TO-DATE
> Task :feature-playback:preBuild UP-TO-DATE
> Task :feature-playback:preDebugBuild UP-TO-DATE
> Task :feature-playback:generateDebugResources UP-TO-DATE
> Task :core-security:compileDebugJavaWithJavac NO-SOURCE
> Task :core-security:bundleLibCompileToJarDebug UP-TO-DATE
> Task :feature-study:preBuild UP-TO-DATE
> Task :feature-study:preDebugBuild UP-TO-DATE
> Task :feature-playback:packageDebugResources UP-TO-DATE
> Task :feature-study:generateDebugResources UP-TO-DATE
> Task :feature-playback:processDebugNavigationResources UP-TO-DATE
> Task :feature-playback:parseDebugLocalResources UP-TO-DATE
> Task :feature-study:packageDebugResources UP-TO-DATE
> Task :feature-study:processDebugNavigationResources UP-TO-DATE
> Task :feature-study:parseDebugLocalResources UP-TO-DATE
> Task :feature-playback:generateDebugRFile UP-TO-DATE
> Task :feature-playback:javaPreCompileDebug UP-TO-DATE
> Task :feature-study:generateDebugRFile UP-TO-DATE
> Task :feature-study:javaPreCompileDebug UP-TO-DATE
> Task :hamyar-app:generateP09DebugBuildConfig UP-TO-DATE
> Task :core-appwrite:compileDebugKotlin UP-TO-DATE
> Task :core-common:generateDebugAssets UP-TO-DATE
> Task :core-common:mergeDebugAssets UP-TO-DATE
> Task :core-notifications:generateDebugAssets UP-TO-DATE
> Task :core-appwrite:compileDebugJavaWithJavac NO-SOURCE
> Task :core-notifications:mergeDebugAssets UP-TO-DATE
> Task :core-security:generateDebugAssets UP-TO-DATE
> Task :core-security:mergeDebugAssets UP-TO-DATE
> Task :core-sync:generateDebugAssets UP-TO-DATE
> Task :core-sync:mergeDebugAssets UP-TO-DATE
> Task :feature-calls:generateDebugAssets UP-TO-DATE
> Task :core-appwrite:bundleLibCompileToJarDebug UP-TO-DATE
> Task :hamyar-app:generateP09DebugResValues UP-TO-DATE
> Task :feature-calls:mergeDebugAssets UP-TO-DATE
> Task :hamyar-app:generateP09DebugResources UP-TO-DATE
> Task :core-appwrite:generateDebugAssets UP-TO-DATE
> Task :core-appwrite:mergeDebugAssets UP-TO-DATE
> Task :hamyar-app:packageP09DebugResources UP-TO-DATE
> Task :feature-hearttoheart:generateDebugAssets UP-TO-DATE
> Task :feature-hearttoheart:mergeDebugAssets UP-TO-DATE
> Task :feature-pairing:generateDebugAssets UP-TO-DATE
> Task :feature-pairing:mergeDebugAssets UP-TO-DATE
> Task :feature-playback:generateDebugAssets UP-TO-DATE
> Task :feature-playback:mergeDebugAssets UP-TO-DATE
> Task :feature-study:generateDebugAssets UP-TO-DATE
> Task :feature-study:mergeDebugAssets UP-TO-DATE
> Task :core-designsystem:compileDebugKotlin UP-TO-DATE
> Task :core-designsystem:compileDebugJavaWithJavac NO-SOURCE
> Task :core-designsystem:bundleLibCompileToJarDebug UP-TO-DATE
> Task :core-sync:compileDebugKotlin UP-TO-DATE
> Task :core-sync:compileDebugJavaWithJavac NO-SOURCE
> Task :core-sync:bundleLibCompileToJarDebug UP-TO-DATE
> Task :feature-hearttoheart:compileDebugKotlin UP-TO-DATE
> Task :feature-hearttoheart:compileDebugJavaWithJavac NO-SOURCE
> Task :feature-hearttoheart:bundleLibCompileToJarDebug UP-TO-DATE
> Task :feature-calls:compileDebugKotlin UP-TO-DATE
> Task :feature-calls:compileDebugJavaWithJavac NO-SOURCE
> Task :feature-calls:bundleLibCompileToJarDebug UP-TO-DATE
> Task :feature-pairing:compileDebugKotlin UP-TO-DATE
> Task :feature-pairing:compileDebugJavaWithJavac NO-SOURCE
> Task :feature-pairing:bundleLibCompileToJarDebug UP-TO-DATE
> Task :feature-playback:compileDebugKotlin UP-TO-DATE
> Task :feature-playback:compileDebugJavaWithJavac NO-SOURCE
> Task :feature-playback:bundleLibCompileToJarDebug UP-TO-DATE
> Task :core-designsystem:generateDebugAssets UP-TO-DATE
> Task :core-designsystem:mergeDebugAssets UP-TO-DATE
> Task :hamyar-app:processP09DebugNavigationResources UP-TO-DATE
> Task :core-appwrite:bundleLibRuntimeToDirDebug
> Task :feature-pairing:bundleLibRuntimeToDirDebug
> Task :feature-study:compileDebugKotlin UP-TO-DATE
> Task :feature-study:compileDebugJavaWithJavac NO-SOURCE
> Task :feature-study:bundleLibCompileToJarDebug UP-TO-DATE
> Task :hamyar-app:parseP09DebugLocalResources UP-TO-DATE
> Task :hamyar-app:generateP09DebugRFile UP-TO-DATE
> Task :core-designsystem:bundleLibRuntimeToDirDebug
> Task :feature-hearttoheart:bundleLibRuntimeToDirDebug
> Task :feature-calls:bundleLibRuntimeToDirDebug
> Task :core-sync:bundleLibRuntimeToDirDebug
> Task :feature-playback:bundleLibRuntimeToDirDebug
> Task :feature-study:bundleLibRuntimeToDirDebug
> Task :core-security:bundleLibRuntimeToDirDebug
> Task :core-notifications:bundleLibRuntimeToDirDebug
> Task :core-appwrite:processDebugJavaRes UP-TO-DATE
> Task :core-common:processDebugJavaRes UP-TO-DATE
> Task :core-designsystem:processDebugJavaRes UP-TO-DATE
> Task :core-common:bundleLibRuntimeToDirDebug
> Task :core-notifications:processDebugJavaRes UP-TO-DATE
> Task :core-sync:processDebugJavaRes UP-TO-DATE
> Task :core-security:processDebugJavaRes UP-TO-DATE
> Task :feature-calls:processDebugJavaRes UP-TO-DATE
> Task :hamyar-app:javaPreCompileP09Debug UP-TO-DATE
> Task :feature-hearttoheart:processDebugJavaRes UP-TO-DATE
> Task :hamyar-app:generateP09DebugAssets UP-TO-DATE
> Task :feature-pairing:processDebugJavaRes UP-TO-DATE
> Task :feature-playback:processDebugJavaRes UP-TO-DATE
> Task :feature-study:processDebugJavaRes UP-TO-DATE
> Task :core-appwrite:mapDebugSourceSetPaths UP-TO-DATE
> Task :core-common:mapDebugSourceSetPaths UP-TO-DATE
> Task :core-common:compileDebugLibraryResources UP-TO-DATE
> Task :core-appwrite:compileDebugLibraryResources UP-TO-DATE
> Task :core-notifications:mapDebugSourceSetPaths UP-TO-DATE
> Task :core-designsystem:mapDebugSourceSetPaths UP-TO-DATE
> Task :core-notifications:compileDebugLibraryResources UP-TO-DATE
> Task :core-designsystem:compileDebugLibraryResources UP-TO-DATE
> Task :core-security:mapDebugSourceSetPaths UP-TO-DATE
> Task :core-sync:mapDebugSourceSetPaths UP-TO-DATE
> Task :core-security:compileDebugLibraryResources UP-TO-DATE
> Task :feature-calls:mapDebugSourceSetPaths UP-TO-DATE
> Task :feature-calls:compileDebugLibraryResources UP-TO-DATE
> Task :feature-hearttoheart:mapDebugSourceSetPaths UP-TO-DATE
> Task :feature-hearttoheart:compileDebugLibraryResources UP-TO-DATE
> Task :feature-pairing:mapDebugSourceSetPaths UP-TO-DATE
> Task :feature-pairing:compileDebugLibraryResources UP-TO-DATE
> Task :feature-playback:mapDebugSourceSetPaths UP-TO-DATE
> Task :core-sync:compileDebugLibraryResources UP-TO-DATE
> Task :feature-playback:compileDebugLibraryResources UP-TO-DATE
> Task :feature-study:mapDebugSourceSetPaths UP-TO-DATE
> Task :core-appwrite:writeDebugAarMetadata UP-TO-DATE
> Task :core-common:writeDebugAarMetadata UP-TO-DATE
> Task :core-designsystem:writeDebugAarMetadata UP-TO-DATE
> Task :core-notifications:writeDebugAarMetadata UP-TO-DATE
> Task :feature-study:compileDebugLibraryResources UP-TO-DATE
> Task :core-security:writeDebugAarMetadata UP-TO-DATE
> Task :core-sync:writeDebugAarMetadata UP-TO-DATE
> Task :feature-calls:writeDebugAarMetadata UP-TO-DATE
> Task :feature-hearttoheart:writeDebugAarMetadata UP-TO-DATE
> Task :feature-pairing:writeDebugAarMetadata UP-TO-DATE
> Task :feature-playback:writeDebugAarMetadata UP-TO-DATE
> Task :feature-study:writeDebugAarMetadata UP-TO-DATE
> Task :core-appwrite:extractDeepLinksDebug UP-TO-DATE
> Task :core-appwrite:processDebugManifest UP-TO-DATE
> Task :core-common:extractDeepLinksDebug UP-TO-DATE
> Task :core-designsystem:extractDeepLinksDebug UP-TO-DATE
> Task :core-common:processDebugManifest UP-TO-DATE
> Task :core-designsystem:processDebugManifest UP-TO-DATE
> Task :core-notifications:extractDeepLinksDebug UP-TO-DATE
> Task :core-security:extractDeepLinksDebug UP-TO-DATE
> Task :core-security:processDebugManifest UP-TO-DATE
> Task :core-sync:extractDeepLinksDebug UP-TO-DATE
> Task :core-notifications:processDebugManifest UP-TO-DATE
> Task :core-sync:processDebugManifest UP-TO-DATE
> Task :feature-calls:extractDeepLinksDebug UP-TO-DATE
> Task :feature-calls:processDebugManifest UP-TO-DATE
> Task :feature-hearttoheart:extractDeepLinksDebug UP-TO-DATE
> Task :feature-pairing:extractDeepLinksDebug UP-TO-DATE
> Task :feature-pairing:processDebugManifest UP-TO-DATE
> Task :feature-hearttoheart:processDebugManifest UP-TO-DATE
> Task :feature-study:extractDeepLinksDebug UP-TO-DATE
> Task :feature-playback:extractDeepLinksDebug UP-TO-DATE
> Task :feature-playback:processDebugManifest UP-TO-DATE
> Task :core-appwrite:mergeDebugJniLibFolders UP-TO-DATE
> Task :core-appwrite:mergeDebugNativeLibs NO-SOURCE
> Task :feature-study:processDebugManifest UP-TO-DATE
> Task :core-common:mergeDebugJniLibFolders UP-TO-DATE
> Task :core-common:mergeDebugNativeLibs NO-SOURCE
> Task :core-appwrite:copyDebugJniLibsProjectOnly
> Task :core-designsystem:mergeDebugJniLibFolders UP-TO-DATE
> Task :core-designsystem:mergeDebugNativeLibs NO-SOURCE
> Task :core-designsystem:copyDebugJniLibsProjectOnly
> Task :core-notifications:mergeDebugJniLibFolders UP-TO-DATE
> Task :core-notifications:mergeDebugNativeLibs NO-SOURCE
> Task :core-common:copyDebugJniLibsProjectOnly
> Task :core-security:mergeDebugJniLibFolders UP-TO-DATE
> Task :core-security:mergeDebugNativeLibs NO-SOURCE
> Task :core-security:copyDebugJniLibsProjectOnly
> Task :core-sync:mergeDebugJniLibFolders UP-TO-DATE
> Task :core-notifications:copyDebugJniLibsProjectOnly
> Task :feature-calls:mergeDebugJniLibFolders UP-TO-DATE
> Task :core-sync:mergeDebugNativeLibs NO-SOURCE
> Task :feature-calls:mergeDebugNativeLibs NO-SOURCE
> Task :core-sync:copyDebugJniLibsProjectOnly
> Task :feature-calls:copyDebugJniLibsProjectOnly
> Task :feature-hearttoheart:mergeDebugJniLibFolders UP-TO-DATE
> Task :feature-pairing:mergeDebugJniLibFolders UP-TO-DATE
> Task :feature-hearttoheart:mergeDebugNativeLibs NO-SOURCE
> Task :feature-pairing:mergeDebugNativeLibs NO-SOURCE
> Task :feature-hearttoheart:copyDebugJniLibsProjectOnly
> Task :feature-pairing:copyDebugJniLibsProjectOnly
> Task :feature-study:mergeDebugJniLibFolders UP-TO-DATE
> Task :feature-study:mergeDebugNativeLibs NO-SOURCE
> Task :feature-playback:mergeDebugJniLibFolders UP-TO-DATE
> Task :feature-playback:mergeDebugNativeLibs NO-SOURCE
> Task :feature-study:copyDebugJniLibsProjectOnly
> Task :hamyar-admin:preBuild UP-TO-DATE
> Task :hamyar-admin:preDebugBuild UP-TO-DATE
> Task :feature-playback:copyDebugJniLibsProjectOnly
> Task :hamyar-admin:mergeDebugNativeDebugMetadata NO-SOURCE
> Task :hamyar-admin:generateDebugBuildConfig
> Task :hamyar-admin:generateDebugResources
> Task :hamyar-admin:packageDebugResources
> Task :hamyar-app:mergeP09DebugAssets
> Task :hamyar-app:generateP09DebugGlobalSynthetics FROM-CACHE
> Task :hamyar-admin:processDebugNavigationResources
> Task :hamyar-app:desugarP09DebugFileDependencies FROM-CACHE
> Task :hamyar-app:checkP09DebugAarMetadata UP-TO-DATE
> Task :hamyar-app:mapP09DebugSourceSetPaths UP-TO-DATE
> Task :hamyar-app:compileP09DebugNavigationResources UP-TO-DATE
> Task :hamyar-app:mergeP09DebugResources UP-TO-DATE
> Task :hamyar-app:createP09DebugCompatibleScreenManifests UP-TO-DATE
> Task :hamyar-app:extractDeepLinksP09Debug UP-TO-DATE
> Task :hamyar-app:processP09DebugMainManifest UP-TO-DATE
> Task :hamyar-app:processP09DebugManifest UP-TO-DATE
> Task :hamyar-app:processP09DebugManifestForPackage UP-TO-DATE
> Task :hamyar-app:checkP09DebugDuplicateClasses
> Task :hamyar-app:processP09DebugResources UP-TO-DATE
> Task :hamyar-admin:parseDebugLocalResources
> Task :hamyar-admin:generateDebugRFile
> Task :hamyar-app:mergeExtDexP09Debug FROM-CACHE
> Task :hamyar-app:mergeLibDexP09Debug FROM-CACHE
> Task :hamyar-app:mergeP09DebugJniLibFolders
> Task :hamyar-app:compressP09DebugAssets
> Task :hamyar-admin:javaPreCompileDebug FROM-CACHE
> Task :hamyar-admin:generateDebugAssets UP-TO-DATE
> Task :hamyar-admin:mergeDebugAssets
> Task :hamyar-admin:compressDebugAssets
> Task :hamyar-admin:generateDebugGlobalSynthetics FROM-CACHE
> Task :hamyar-app:mergeP09DebugNativeLibs
> Task :hamyar-admin:checkDebugDuplicateClasses
> Task :hamyar-app:validateSigningP09Debug
> Task :hamyar-app:writeP09DebugAppMetadata
> Task :hamyar-app:writeP09DebugSigningConfigVersions
> Task :hamyar-admin:desugarDebugFileDependencies FROM-CACHE
> Task :hamyar-app:stripP09DebugDebugSymbols
> Task :hamyar-admin:mergeLibDexDebug
> Task :hamyar-admin:checkDebugAarMetadata
> Task :hamyar-admin:mapDebugSourceSetPaths
> Task :hamyar-admin:compileDebugNavigationResources FROM-CACHE
> Task :hamyar-admin:mergeDebugResources
> Task :hamyar-admin:createDebugCompatibleScreenManifests
> Task :hamyar-admin:extractDeepLinksDebug
> Task :hamyar-admin:processDebugMainManifest
> Task :hamyar-admin:processDebugManifest
> Task :hamyar-admin:processDebugManifestForPackage
> Task :hamyar-admin:processDebugResources
> Task :hamyar-admin:mergeDebugJniLibFolders
> Task :hamyar-admin:mergeDebugNativeLibs
> Task :hamyar-admin:stripDebugDebugSymbols
> Task :hamyar-admin:validateSigningDebug
> Task :hamyar-admin:writeDebugAppMetadata
> Task :hamyar-admin:writeDebugSigningConfigVersions
> Task :hamyar-app:compileP09DebugKotlin
> Task :hamyar-admin:compileDebugKotlin
w: apps/hamyar-admin/src/main/java/com/hamyareman/admin/AdminApi.kt:104:29 Unnecessary safe call on a non-null receiver of type 'ResponseBody'.
w: apps/hamyar-admin/src/main/java/com/hamyareman/admin/AdminApi.kt:122:30 Unnecessary safe call on a non-null receiver of type 'ResponseBody'.
w: apps/hamyar-admin/src/main/java/com/hamyareman/admin/AdminApi.kt:199:19 'when' expression over a subject of type 'Any?' is not exhaustive. Add a 'null' or 'else' branch.
w: apps/hamyar-admin/src/main/java/com/hamyareman/admin/AdminApi.kt:343:13 'when' expression over a subject of type 'Any?' is not exhaustive. Add a 'null' or 'else' branch.
w: apps/hamyar-admin/src/main/java/com/hamyareman/admin/AdminApi.kt:739:9 Expression is unused.
w: apps/hamyar-admin/src/main/java/com/hamyareman/admin/ui/AdminConsoleScreens.kt:57:12 'when' expression over a subject of type 'Any?' is not exhaustive. Add a 'null' or 'else' branch.
> Task :hamyar-admin:mergeExtDexDebug
> Task :hamyar-admin:compileDebugJavaWithJavac
> Task :hamyar-admin:processDebugJavaRes
> Task :hamyar-app:compileP09DebugKotlin
e: apps/hamyar-app/src/main/java/com/hamyareman/ir/ui/study/BookDetailScreen.kt:135:23 Assignment type mismatch: actual type is 'Collection<String>', but 'Set<String>' was expected.
> Task :hamyar-app:compileP09DebugKotlin FAILED
> Task :hamyar-admin:mergeDebugJavaResource
> Task :hamyar-admin:dexBuilderDebug
> Task :hamyar-admin:mergeProjectDexDebug
> Task :hamyar-admin:packageDebug
> Task :hamyar-admin:createDebugApkListingFileRedirect
> Task :hamyar-admin:assembleDebug
FAILURE: Build failed with an exception.
* What went wrong:
BUILD FAILED in 47s
> Task :core-appwrite:preBuild UP-TO-DATE
> Task :core-common:preBuild UP-TO-DATE
> Task :core-common:preReleaseBuild UP-TO-DATE
> Task :core-appwrite:preReleaseBuild UP-TO-DATE
> Task :core-designsystem:preBuild UP-TO-DATE
> Task :core-designsystem:preReleaseBuild UP-TO-DATE
> Task :core-notifications:preBuild UP-TO-DATE
> Task :core-notifications:preReleaseBuild UP-TO-DATE
> Task :core-appwrite:mergeReleaseJniLibFolders
> Task :core-common:mergeReleaseJniLibFolders
> Task :core-designsystem:mergeReleaseJniLibFolders
> Task :core-notifications:mergeReleaseJniLibFolders
> Task :core-common:mergeReleaseNativeLibs NO-SOURCE
> Task :core-appwrite:mergeReleaseNativeLibs NO-SOURCE
> Task :core-common:copyReleaseJniLibsProjectOnly
> Task :core-security:preBuild UP-TO-DATE
> Task :core-designsystem:mergeReleaseNativeLibs NO-SOURCE
> Task :core-security:preReleaseBuild UP-TO-DATE
> Task :core-notifications:mergeReleaseNativeLibs NO-SOURCE
> Task :core-appwrite:copyReleaseJniLibsProjectOnly
> Task :core-sync:preBuild UP-TO-DATE
> Task :core-sync:preReleaseBuild UP-TO-DATE
> Task :core-designsystem:copyReleaseJniLibsProjectOnly
> Task :feature-calls:preBuild UP-TO-DATE
> Task :feature-calls:preReleaseBuild UP-TO-DATE
> Task :core-notifications:copyReleaseJniLibsProjectOnly
> Task :feature-hearttoheart:preBuild UP-TO-DATE
> Task :feature-hearttoheart:preReleaseBuild UP-TO-DATE
> Task :feature-calls:mergeReleaseJniLibFolders
> Task :feature-calls:mergeReleaseNativeLibs NO-SOURCE
> Task :core-security:mergeReleaseJniLibFolders
> Task :core-sync:mergeReleaseJniLibFolders
> Task :core-security:mergeReleaseNativeLibs NO-SOURCE
> Task :core-sync:mergeReleaseNativeLibs NO-SOURCE
> Task :feature-hearttoheart:mergeReleaseJniLibFolders
> Task :core-security:copyReleaseJniLibsProjectOnly
> Task :feature-pairing:preBuild UP-TO-DATE
> Task :feature-pairing:preReleaseBuild UP-TO-DATE
> Task :feature-calls:copyReleaseJniLibsProjectOnly
> Task :feature-playback:preBuild UP-TO-DATE
> Task :feature-playback:preReleaseBuild UP-TO-DATE
> Task :feature-hearttoheart:mergeReleaseNativeLibs NO-SOURCE
> Task :core-sync:copyReleaseJniLibsProjectOnly
> Task :feature-study:preBuild UP-TO-DATE
> Task :feature-study:preReleaseBuild UP-TO-DATE
> Task :feature-hearttoheart:copyReleaseJniLibsProjectOnly
> Task :hamyar-app:preBuild UP-TO-DATE
> Task :hamyar-app:preP09ReleaseBuild UP-TO-DATE
> Task :feature-pairing:mergeReleaseJniLibFolders
> Task :feature-playback:mergeReleaseJniLibFolders
> Task :feature-study:mergeReleaseJniLibFolders
> Task :feature-playback:mergeReleaseNativeLibs NO-SOURCE
> Task :feature-pairing:mergeReleaseNativeLibs NO-SOURCE
> Task :feature-study:mergeReleaseNativeLibs NO-SOURCE
> Task :feature-study:copyReleaseJniLibsProjectOnly
> Task :feature-pairing:copyReleaseJniLibsProjectOnly
> Task :core-appwrite:generateReleaseResources FROM-CACHE
> Task :hamyar-app:mergeP09ReleaseJniLibFolders
> Task :feature-playback:copyReleaseJniLibsProjectOnly
> Task :core-common:generateReleaseResources FROM-CACHE
> Task :core-designsystem:generateReleaseResources FROM-CACHE
> Task :core-appwrite:packageReleaseResources
> Task :core-common:packageReleaseResources
> Task :core-common:processReleaseNavigationResources FROM-CACHE
> Task :core-appwrite:processReleaseNavigationResources FROM-CACHE
> Task :core-designsystem:packageReleaseResources
> Task :core-common:parseReleaseLocalResources FROM-CACHE
> Task :core-appwrite:parseReleaseLocalResources FROM-CACHE
> Task :core-designsystem:processReleaseNavigationResources FROM-CACHE
> Task :core-common:generateReleaseRFile FROM-CACHE
> Task :core-designsystem:parseReleaseLocalResources FROM-CACHE
> Task :core-appwrite:generateReleaseRFile FROM-CACHE
> Task :core-appwrite:javaPreCompileRelease FROM-CACHE
> Task :core-designsystem:generateReleaseRFile FROM-CACHE
> Task :feature-pairing:generateReleaseResources FROM-CACHE
> Task :core-designsystem:javaPreCompileRelease FROM-CACHE
> Task :feature-hearttoheart:generateReleaseResources FROM-CACHE
> Task :feature-pairing:packageReleaseResources
> Task :feature-pairing:processReleaseNavigationResources FROM-CACHE
> Task :feature-pairing:parseReleaseLocalResources FROM-CACHE
> Task :feature-hearttoheart:packageReleaseResources
> Task :feature-hearttoheart:processReleaseNavigationResources FROM-CACHE
> Task :feature-pairing:generateReleaseRFile FROM-CACHE
> Task :feature-hearttoheart:parseReleaseLocalResources FROM-CACHE
> Task :feature-pairing:javaPreCompileRelease FROM-CACHE
> Task :feature-calls:generateReleaseResources FROM-CACHE
> Task :feature-hearttoheart:generateReleaseRFile FROM-CACHE
> Task :feature-hearttoheart:javaPreCompileRelease FROM-CACHE
> Task :core-common:javaPreCompileRelease FROM-CACHE
> Task :core-sync:generateReleaseResources FROM-CACHE
> Task :core-sync:packageReleaseResources
> Task :feature-calls:packageReleaseResources
> Task :feature-calls:processReleaseNavigationResources FROM-CACHE
> Task :core-sync:processReleaseNavigationResources FROM-CACHE
> Task :feature-calls:parseReleaseLocalResources FROM-CACHE
> Task :core-sync:parseReleaseLocalResources FROM-CACHE
> Task :feature-calls:generateReleaseRFile FROM-CACHE
> Task :core-sync:generateReleaseRFile FROM-CACHE
> Task :core-sync:javaPreCompileRelease FROM-CACHE
> Task :feature-calls:javaPreCompileRelease FROM-CACHE
> Task :feature-playback:generateReleaseResources FROM-CACHE
> Task :feature-study:generateReleaseResources FROM-CACHE
> Task :feature-study:packageReleaseResources
> Task :feature-study:processReleaseNavigationResources FROM-CACHE
> Task :feature-playback:packageReleaseResources
> Task :feature-study:parseReleaseLocalResources FROM-CACHE
> Task :feature-playback:processReleaseNavigationResources FROM-CACHE
> Task :feature-playback:parseReleaseLocalResources FROM-CACHE
> Task :feature-study:generateReleaseRFile FROM-CACHE
> Task :feature-study:javaPreCompileRelease FROM-CACHE
> Task :feature-playback:generateReleaseRFile FROM-CACHE
> Task :core-security:generateReleaseResources FROM-CACHE
> Task :feature-playback:javaPreCompileRelease FROM-CACHE
> Task :core-notifications:generateReleaseResources FROM-CACHE
> Task :core-security:packageReleaseResources
> Task :core-notifications:packageReleaseResources
> Task :core-security:processReleaseNavigationResources FROM-CACHE
> Task :core-notifications:processReleaseNavigationResources FROM-CACHE
> Task :core-security:parseReleaseLocalResources FROM-CACHE
> Task :core-security:generateReleaseRFile FROM-CACHE
> Task :core-notifications:parseReleaseLocalResources FROM-CACHE
> Task :core-security:javaPreCompileRelease FROM-CACHE
> Task :core-notifications:generateReleaseRFile FROM-CACHE
> Task :core-notifications:javaPreCompileRelease FROM-CACHE
> Task :core-appwrite:prepareReleaseArtProfile
> Task :core-common:prepareReleaseArtProfile
> Task :hamyar-app:mergeP09ReleaseNativeLibs
> Task :core-designsystem:prepareReleaseArtProfile
> Task :core-notifications:prepareReleaseArtProfile
> Task :hamyar-app:generateP09ReleaseBuildConfig
> Task :core-security:prepareReleaseArtProfile
> Task :core-sync:prepareReleaseArtProfile
> Task :hamyar-app:checkP09ReleaseDuplicateClasses
> Task :hamyar-app:generateP09ReleaseResValues FROM-CACHE
> Task :feature-calls:prepareReleaseArtProfile
> Task :feature-hearttoheart:prepareReleaseArtProfile
> Task :hamyar-app:generateP09ReleaseResources FROM-CACHE
> Task :feature-pairing:prepareReleaseArtProfile
> Task :feature-playback:prepareReleaseArtProfile
> Task :feature-study:prepareReleaseArtProfile
> Task :core-appwrite:mapReleaseSourceSetPaths
> Task :core-appwrite:compileReleaseLibraryResources
> Task :core-common:mapReleaseSourceSetPaths
> Task :core-common:compileReleaseLibraryResources FROM-CACHE
> Task :core-designsystem:mapReleaseSourceSetPaths
> Task :core-designsystem:compileReleaseLibraryResources FROM-CACHE
> Task :core-notifications:mapReleaseSourceSetPaths
> Task :core-notifications:compileReleaseLibraryResources
> Task :hamyar-app:stripP09ReleaseDebugSymbols
> Task :core-security:mapReleaseSourceSetPaths
> Task :core-sync:mapReleaseSourceSetPaths
> Task :core-sync:compileReleaseLibraryResources FROM-CACHE
> Task :core-security:compileReleaseLibraryResources FROM-CACHE
> Task :feature-hearttoheart:mapReleaseSourceSetPaths
> Task :feature-calls:mapReleaseSourceSetPaths
> Task :feature-hearttoheart:compileReleaseLibraryResources FROM-CACHE
> Task :feature-calls:compileReleaseLibraryResources
> Task :feature-pairing:mapReleaseSourceSetPaths
> Task :feature-pairing:compileReleaseLibraryResources FROM-CACHE
> Task :feature-playback:mapReleaseSourceSetPaths
> Task :feature-study:mapReleaseSourceSetPaths
> Task :feature-study:compileReleaseLibraryResources FROM-CACHE
> Task :core-appwrite:writeReleaseAarMetadata
> Task :feature-playback:compileReleaseLibraryResources
> Task :core-common:writeReleaseAarMetadata
> Task :core-designsystem:writeReleaseAarMetadata
> Task :core-notifications:writeReleaseAarMetadata
> Task :core-security:writeReleaseAarMetadata
> Task :core-sync:writeReleaseAarMetadata
> Task :feature-calls:writeReleaseAarMetadata
> Task :feature-hearttoheart:writeReleaseAarMetadata
> Task :feature-pairing:writeReleaseAarMetadata
> Task :feature-playback:writeReleaseAarMetadata
> Task :core-appwrite:extractDeepLinksRelease FROM-CACHE
> Task :feature-study:writeReleaseAarMetadata
> Task :core-common:extractDeepLinksRelease FROM-CACHE
> Task :core-appwrite:processReleaseManifest FROM-CACHE
> Task :core-designsystem:extractDeepLinksRelease FROM-CACHE
> Task :core-common:processReleaseManifest FROM-CACHE
> Task :core-designsystem:processReleaseManifest FROM-CACHE
> Task :core-security:extractDeepLinksRelease FROM-CACHE
> Task :core-notifications:extractDeepLinksRelease FROM-CACHE
> Task :core-notifications:processReleaseManifest FROM-CACHE
> Task :core-sync:extractDeepLinksRelease FROM-CACHE
> Task :core-security:processReleaseManifest FROM-CACHE
> Task :feature-calls:extractDeepLinksRelease FROM-CACHE
> Task :core-sync:processReleaseManifest FROM-CACHE
> Task :feature-hearttoheart:extractDeepLinksRelease FROM-CACHE
> Task :feature-calls:processReleaseManifest FROM-CACHE
> Task :feature-pairing:extractDeepLinksRelease FROM-CACHE
> Task :feature-hearttoheart:processReleaseManifest FROM-CACHE
> Task :feature-pairing:processReleaseManifest FROM-CACHE
> Task :feature-playback:extractDeepLinksRelease FROM-CACHE
> Task :feature-study:extractDeepLinksRelease FROM-CACHE
> Task :feature-study:processReleaseManifest FROM-CACHE
> Task :core-appwrite:generateReleaseAssets UP-TO-DATE
> Task :feature-playback:processReleaseManifest FROM-CACHE
> Task :core-common:generateReleaseAssets UP-TO-DATE
> Task :core-appwrite:mergeReleaseAssets
> Task :core-designsystem:generateReleaseAssets UP-TO-DATE
> Task :core-designsystem:mergeReleaseAssets
> Task :core-notifications:generateReleaseAssets UP-TO-DATE
> Task :core-common:mergeReleaseAssets
> Task :core-security:generateReleaseAssets UP-TO-DATE
> Task :core-notifications:mergeReleaseAssets
> Task :core-sync:generateReleaseAssets UP-TO-DATE
> Task :core-security:mergeReleaseAssets
> Task :feature-calls:generateReleaseAssets UP-TO-DATE
> Task :core-sync:mergeReleaseAssets
> Task :feature-hearttoheart:generateReleaseAssets UP-TO-DATE
> Task :feature-calls:mergeReleaseAssets
> Task :feature-pairing:generateReleaseAssets UP-TO-DATE
> Task :feature-pairing:mergeReleaseAssets
> Task :feature-playback:generateReleaseAssets UP-TO-DATE
> Task :feature-hearttoheart:mergeReleaseAssets
> Task :feature-study:generateReleaseAssets UP-TO-DATE
> Task :feature-study:mergeReleaseAssets
> Task :feature-playback:mergeReleaseAssets
> Task :core-common:extractProguardFiles
> Task :core-appwrite:extractProguardFiles
> Task :core-common:prepareLintJarForPublish UP-TO-DATE
> Task :core-appwrite:prepareLintJarForPublish UP-TO-DATE
> Task :core-designsystem:extractProguardFiles
> Task :core-designsystem:prepareLintJarForPublish UP-TO-DATE
> Task :core-common:checkReleaseAarMetadata
> Task :core-common:extractDeepLinksForAarRelease FROM-CACHE
> Task :core-notifications:extractProguardFiles
> Task :core-notifications:prepareLintJarForPublish UP-TO-DATE
> Task :core-security:extractProguardFiles
> Task :core-security:prepareLintJarForPublish UP-TO-DATE
> Task :core-sync:extractProguardFiles
> Task :core-common:extractReleaseAnnotations FROM-CACHE
> Task :core-common:writeReleaseLintModelMetadata
> Task :core-sync:prepareLintJarForPublish UP-TO-DATE
> Task :feature-calls:extractProguardFiles
> Task :core-designsystem:checkReleaseAarMetadata
> Task :core-appwrite:checkReleaseAarMetadata
> Task :core-designsystem:extractDeepLinksForAarRelease FROM-CACHE
> Task :core-appwrite:extractDeepLinksForAarRelease FROM-CACHE
> Task :core-designsystem:writeReleaseLintModelMetadata
> Task :feature-calls:prepareLintJarForPublish UP-TO-DATE
> Task :core-appwrite:writeReleaseLintModelMetadata
> Task :feature-hearttoheart:extractProguardFiles
> Task :feature-hearttoheart:prepareLintJarForPublish UP-TO-DATE
> Task :feature-pairing:extractProguardFiles
> Task :feature-playback:extractProguardFiles
> Task :feature-pairing:prepareLintJarForPublish UP-TO-DATE
> Task :feature-playback:prepareLintJarForPublish UP-TO-DATE
> Task :feature-study:extractProguardFiles
> Task :feature-study:prepareLintJarForPublish UP-TO-DATE
> Task :core-sync:checkReleaseAarMetadata
> Task :core-sync:extractDeepLinksForAarRelease FROM-CACHE
> Task :feature-pairing:checkReleaseAarMetadata
> Task :feature-pairing:extractDeepLinksForAarRelease FROM-CACHE
> Task :core-sync:writeReleaseLintModelMetadata
> Task :hamyar-app:packageP09ReleaseResources
> Task :hamyar-app:extractP09ReleaseNativeSymbolTables
> Task :hamyar-app:mergeP09ReleaseNativeDebugMetadata NO-SOURCE
> Task :feature-hearttoheart:checkReleaseAarMetadata
> Task :feature-calls:checkReleaseAarMetadata
> Task :feature-hearttoheart:extractDeepLinksForAarRelease FROM-CACHE
> Task :hamyar-app:processP09ReleaseNavigationResources FROM-CACHE
> Task :feature-calls:extractDeepLinksForAarRelease FROM-CACHE
> Task :hamyar-app:parseP09ReleaseLocalResources FROM-CACHE
> Task :hamyar-app:generateP09ReleaseRFile FROM-CACHE
> Task :hamyar-app:javaPreCompileP09Release FROM-CACHE
> Task :feature-study:checkReleaseAarMetadata
> Task :feature-playback:extractDeepLinksForAarRelease FROM-CACHE
> Task :feature-study:extractDeepLinksForAarRelease FROM-CACHE
> Task :feature-playback:checkReleaseAarMetadata
> Task :core-notifications:checkReleaseAarMetadata
> Task :core-notifications:extractDeepLinksForAarRelease FROM-CACHE
> Task :core-notifications:writeReleaseLintModelMetadata
> Task :feature-calls:writeReleaseLintModelMetadata
> Task :feature-hearttoheart:writeReleaseLintModelMetadata
> Task :feature-pairing:writeReleaseLintModelMetadata
> Task :feature-playback:writeReleaseLintModelMetadata
> Task :feature-study:writeReleaseLintModelMetadata
> Task :core-security:extractDeepLinksForAarRelease FROM-CACHE
> Task :core-security:writeReleaseLintModelMetadata
> Task :core-security:checkReleaseAarMetadata
> Task :hamyar-app:mergeP09ReleaseArtProfile
> Task :hamyar-app:mapP09ReleaseSourceSetPaths
> Task :hamyar-app:checkP09ReleaseAarMetadata
> Task :hamyar-app:compileP09ReleaseNavigationResources FROM-CACHE
> Task :core-common:compileReleaseKotlin
> Task :core-common:compileReleaseJavaWithJavac NO-SOURCE
> Task :core-common:mergeReleaseGeneratedProguardFiles
> Task :core-common:bundleLibCompileToJarRelease
> Task :core-common:exportReleaseConsumerProguardFiles
> Task :core-security:compileReleaseKotlin
> Task :core-security:compileReleaseJavaWithJavac NO-SOURCE
> Task :core-security:mergeReleaseGeneratedProguardFiles
> Task :core-designsystem:compileReleaseKotlin
> Task :core-designsystem:compileReleaseJavaWithJavac NO-SOURCE
> Task :core-appwrite:compileReleaseKotlin
w: shared/core-appwrite/src/main/java/com/hamyareman/ir/platform/core/appwrite/AuthService.kt:461:21 'suspend fun createVerification(url: String): Token' is deprecated. This API has been deprecated since 1.8.0. Please use `Account.createEmailVerification` instead.
w: shared/core-appwrite/src/main/java/com/hamyareman/ir/platform/core/appwrite/AuthService.kt:474:21 'suspend fun updateVerification(userId: String, secret: String): Token' is deprecated. This API has been deprecated since 1.8.0. Please use `Account.updateEmailVerification` instead.
w: shared/core-appwrite/src/main/java/com/hamyareman/ir/platform/core/appwrite/AuthService.kt:643:34 Unnecessary safe call on a non-null receiver of type 'JSONObject'.
w: shared/core-appwrite/src/main/java/com/hamyareman/ir/platform/core/appwrite/FunctionsService.kt:50:30 'when' expression over a subject of type 'Any?' is not exhaustive. Add a 'null' or 'else' branch.
w: shared/core-appwrite/src/main/java/com/hamyareman/ir/platform/core/appwrite/FunctionsService.kt:55:32 'when' expression over a subject of type 'Any?' is not exhaustive. Add a 'null' or 'else' branch.
w: shared/core-appwrite/src/main/java/com/hamyareman/ir/platform/core/appwrite/TablesDbService.kt:103:9 Expression is unused.
w: shared/core-appwrite/src/main/java/com/hamyareman/ir/platform/core/appwrite/TablesDbService.kt:113:9 Expression is unused.
w: shared/core-appwrite/src/main/java/com/hamyareman/ir/platform/core/appwrite/TablesDbService.kt:129:9 Expression is unused.
w: shared/core-appwrite/src/main/java/com/hamyareman/ir/platform/core/appwrite/TablesDbService.kt:138:9 Expression is unused.
> Task :core-security:exportReleaseConsumerProguardFiles
> Task :core-designsystem:bundleLibCompileToJarRelease
> Task :core-designsystem:mergeReleaseGeneratedProguardFiles
> Task :core-appwrite:compileReleaseJavaWithJavac NO-SOURCE
> Task :core-designsystem:exportReleaseConsumerProguardFiles
> Task :core-appwrite:mergeReleaseGeneratedProguardFiles
> Task :core-notifications:compileReleaseKotlin
w: shared/core-notifications/src/main/java/com/hamyareman/ir/platform/core/notifications/QuietHours.kt:153:28 Unnecessary safe call on a non-null receiver of type 'NotificationManager'.
w: shared/core-notifications/src/main/java/com/hamyareman/ir/platform/core/notifications/QuietHours.kt:161:34 Unnecessary safe call on a non-null receiver of type 'NotificationManager'.
> Task :core-appwrite:bundleLibCompileToJarRelease
> Task :core-appwrite:exportReleaseConsumerProguardFiles
> Task :feature-pairing:compileReleaseKotlin
> Task :feature-pairing:compileReleaseJavaWithJavac NO-SOURCE
> Task :feature-pairing:mergeReleaseGeneratedProguardFiles
> Task :feature-pairing:exportReleaseConsumerProguardFiles
> Task :core-sync:compileReleaseKotlin
> Task :core-sync:compileReleaseJavaWithJavac NO-SOURCE
> Task :core-sync:bundleLibCompileToJarRelease
> Task :hamyar-app:mergeP09ReleaseResources
> Task :feature-hearttoheart:compileReleaseKotlin
> Task :feature-hearttoheart:compileReleaseJavaWithJavac NO-SOURCE
> Task :feature-hearttoheart:mergeReleaseGeneratedProguardFiles
> Task :feature-hearttoheart:exportReleaseConsumerProguardFiles
> Task :core-sync:mergeReleaseGeneratedProguardFiles
> Task :core-sync:exportReleaseConsumerProguardFiles
> Task :core-notifications:compileReleaseJavaWithJavac NO-SOURCE
> Task :core-notifications:mergeReleaseGeneratedProguardFiles
> Task :core-notifications:exportReleaseConsumerProguardFiles
> Task :core-appwrite:bundleLibRuntimeToJarRelease
> Task :core-common:bundleLibRuntimeToJarRelease
> Task :core-designsystem:bundleLibRuntimeToJarRelease
> Task :core-notifications:bundleLibCompileToJarRelease
> Task :core-notifications:bundleLibRuntimeToJarRelease
> Task :core-security:bundleLibCompileToJarRelease
> Task :core-security:bundleLibRuntimeToJarRelease
> Task :core-sync:bundleLibRuntimeToJarRelease
> Task :feature-hearttoheart:bundleLibCompileToJarRelease
> Task :feature-hearttoheart:bundleLibRuntimeToJarRelease
> Task :feature-pairing:bundleLibCompileToJarRelease
> Task :feature-pairing:bundleLibRuntimeToJarRelease
> Task :hamyar-app:createP09ReleaseCompatibleScreenManifests
> Task :hamyar-app:extractDeepLinksP09Release FROM-CACHE
> Task :hamyar-app:processP09ReleaseMainManifest
> Task :hamyar-app:processP09ReleaseManifest
> Task :hamyar-app:processP09ReleaseManifestForPackage
> Task :feature-calls:compileReleaseKotlin
w: shared/feature-calls/src/main/java/com/hamyareman/ir/platform/feature/calls/CallEngine.kt:389:58 The corresponding parameter in the supertype 'SdpAdapter' is named 'sdp'. This may cause problems when calling this function with named arguments.
> Task :feature-calls:compileReleaseJavaWithJavac NO-SOURCE
> Task :feature-calls:mergeReleaseGeneratedProguardFiles
> Task :feature-calls:exportReleaseConsumerProguardFiles
> Task :feature-calls:bundleLibCompileToJarRelease
> Task :feature-calls:bundleLibRuntimeToJarRelease
> Task :hamyar-app:extractProguardFiles
> Task :core-appwrite:processReleaseJavaRes
> Task :hamyar-app:processP09ReleaseResources
> Task :core-common:processReleaseJavaRes
> Task :core-designsystem:processReleaseJavaRes
> Task :core-security:processReleaseJavaRes
> Task :core-notifications:processReleaseJavaRes
> Task :core-sync:processReleaseJavaRes
> Task :feature-calls:processReleaseJavaRes
> Task :feature-hearttoheart:processReleaseJavaRes
> Task :hamyar-app:mergeP09ReleaseStartupProfile
> Task :hamyar-app:generateP09ReleaseAssets UP-TO-DATE
> Task :feature-pairing:processReleaseJavaRes
> Task :core-common:createFullJarRelease
> Task :hamyar-app:mergeP09ReleaseAssets
> Task :feature-playback:compileReleaseKotlin
w: shared/feature-playback/src/main/java/com/hamyareman/ir/platform/feature/playback/PlaybackService.kt:123:58 'constructor(p0: MediaSession): MediaSession.ConnectionResult.AcceptedResultBuilder' is deprecated. Deprecated in Java.
w: shared/feature-playback/src/main/java/com/hamyareman/ir/platform/feature/playback/PlaybackService.kt:145:30 This declaration overrides a deprecated member but is not marked as deprecated itself. Add the '@Deprecated' annotation or suppress the diagnostic.
w: shared/feature-playback/src/main/java/com/hamyareman/ir/platform/feature/playback/PlaybackService.kt:158:34 'fun onPlayerCommandRequest(p0: MediaSession, p1: MediaSession.ControllerInfo, p2: Int): Int' is deprecated. Deprecated in Java.
w: shared/feature-playback/src/main/java/com/hamyareman/ir/platform/feature/playback/SleepPlaybackService.kt:61:58 'constructor(p0: MediaSession): MediaSession.ConnectionResult.AcceptedResultBuilder' is deprecated. Deprecated in Java.
> Task :feature-playback:compileReleaseJavaWithJavac NO-SOURCE
> Task :feature-playback:mergeReleaseGeneratedProguardFiles
> Task :feature-playback:exportReleaseConsumerProguardFiles
> Task :feature-playback:bundleLibCompileToJarRelease
> Task :feature-playback:bundleLibRuntimeToJarRelease
> Task :feature-playback:processReleaseJavaRes
> Task :core-common:generateReleaseLintModel
> Task :hamyar-app:extractP09ReleaseVersionControlInfo
> Task :core-common:mergeReleaseConsumerProguardFiles
> Task :core-common:mergeReleaseJavaResource
> Task :core-common:syncReleaseLibJars
> Task :core-common:bundleReleaseLocalLintAar
> Task :core-common:generateReleaseLintVitalModel
> Task :hamyar-app:compressP09ReleaseAssets
> Task :feature-study:compileReleaseKotlin
> Task :feature-study:compileReleaseJavaWithJavac NO-SOURCE
> Task :feature-study:mergeReleaseGeneratedProguardFiles
> Task :feature-study:exportReleaseConsumerProguardFiles
> Task :feature-study:bundleLibCompileToJarRelease
> Task :feature-study:bundleLibRuntimeToJarRelease
> Task :core-appwrite:generateReleaseLintVitalModel
> Task :feature-study:processReleaseJavaRes
> Task :core-designsystem:generateReleaseLintVitalModel
> Task :core-designsystem:lintVitalAnalyzeRelease
> Task :core-common:lintVitalAnalyzeRelease
> Task :core-notifications:generateReleaseLintVitalModel
> Task :core-security:generateReleaseLintVitalModel
> Task :core-security:lintVitalAnalyzeRelease
> Task :core-appwrite:createFullJarRelease
> Task :core-appwrite:generateReleaseLintModel
> Task :core-sync:generateReleaseLintVitalModel
> Task :core-appwrite:extractReleaseAnnotations FROM-CACHE
> Task :core-appwrite:mergeReleaseConsumerProguardFiles
> Task :core-appwrite:mergeReleaseJavaResource
> Task :core-appwrite:syncReleaseLibJars
> Task :core-appwrite:bundleReleaseLocalLintAar
> Task :core-appwrite:lintVitalAnalyzeRelease
> Task :core-designsystem:createFullJarRelease
> Task :core-designsystem:generateReleaseLintModel
> Task :hamyar-app:compileP09ReleaseKotlin FAILED
e: apps/hamyar-app/src/main/java/com/hamyareman/ir/ui/study/BookDetailScreen.kt:135:23 Assignment type mismatch: actual type is 'Collection<String>', but 'Set<String>' was expected.
> Task :feature-calls:generateReleaseLintVitalModel
> Task :core-sync:lintVitalAnalyzeRelease
> Task :core-notifications:lintVitalAnalyzeRelease
FAILURE: Build failed with an exception.
* What went wrong:
BUILD FAILED in 57s
> Task :core-appwrite:preBuild UP-TO-DATE
> Task :core-notifications:preBuild UP-TO-DATE
> Task :core-appwrite:preDebugBuild UP-TO-DATE
> Task :core-common:preBuild UP-TO-DATE
> Task :core-common:preDebugBuild UP-TO-DATE
> Task :core-notifications:preDebugBuild UP-TO-DATE
> Task :core-appwrite:generateDebugResources UP-TO-DATE
> Task :core-notifications:generateDebugResources UP-TO-DATE
> Task :core-common:writeDebugAarMetadata UP-TO-DATE
> Task :core-common:generateDebugResources UP-TO-DATE
> Task :core-designsystem:preBuild UP-TO-DATE
> Task :core-designsystem:preDebugBuild UP-TO-DATE
> Task :core-notifications:packageDebugResources UP-TO-DATE
> Task :core-common:packageDebugResources UP-TO-DATE
> Task :core-appwrite:packageDebugResources UP-TO-DATE
> Task :core-common:processDebugNavigationResources UP-TO-DATE
> Task :core-common:parseDebugLocalResources UP-TO-DATE
> Task :core-common:generateDebugRFile UP-TO-DATE
> Task :core-notifications:checkDebugAarMetadata UP-TO-DATE
> Task :core-notifications:processDebugNavigationResources UP-TO-DATE
> Task :core-notifications:parseDebugLocalResources UP-TO-DATE
> Task :core-notifications:generateDebugRFile UP-TO-DATE
> Task :core-notifications:extractDeepLinksForAarDebug UP-TO-DATE
> Task :core-notifications:generateDebugAssets UP-TO-DATE
> Task :core-notifications:mergeDebugAssets UP-TO-DATE
> Task :core-notifications:javaPreCompileDebug UP-TO-DATE
> Task :core-notifications:prepareDebugArtProfile UP-TO-DATE
> Task :core-notifications:prepareLintJarForPublish UP-TO-DATE
> Task :core-notifications:processDebugManifest UP-TO-DATE
> Task :core-notifications:writeDebugAarMetadata UP-TO-DATE
> Task :core-notifications:preDebugAndroidTestBuild UP-TO-DATE
> Task :core-notifications:writeDebugLintModelMetadata
> Task :core-notifications:extractProguardFiles UP-TO-DATE
> Task :core-common:compileDebugKotlin UP-TO-DATE
> Task :core-notifications:preDebugUnitTestBuild UP-TO-DATE
> Task :core-security:preBuild UP-TO-DATE
> Task :core-security:preDebugBuild UP-TO-DATE
> Task :core-common:javaPreCompileDebug UP-TO-DATE
> Task :core-common:compileDebugJavaWithJavac NO-SOURCE
> Task :core-common:bundleLibCompileToJarDebug UP-TO-DATE
> Task :core-common:checkDebugAarMetadata UP-TO-DATE
> Task :core-common:extractDebugAnnotations UP-TO-DATE
> Task :core-common:extractDeepLinksForAarDebug UP-TO-DATE
> Task :core-common:generateDebugAssets UP-TO-DATE
> Task :core-common:mergeDebugAssets UP-TO-DATE
> Task :core-common:mergeDebugGeneratedProguardFiles UP-TO-DATE
> Task :core-common:mergeDebugConsumerProguardFiles UP-TO-DATE
> Task :core-common:prepareDebugArtProfile UP-TO-DATE
> Task :core-common:prepareLintJarForPublish UP-TO-DATE
> Task :core-common:processDebugManifest UP-TO-DATE
> Task :core-common:processDebugJavaRes UP-TO-DATE
> Task :core-common:mergeDebugJavaResource UP-TO-DATE
> Task :core-common:syncDebugLibJars UP-TO-DATE
> Task :core-security:checkDebugAarMetadata UP-TO-DATE
> Task :core-common:bundleDebugLocalLintAar
> Task :core-designsystem:checkDebugAarMetadata UP-TO-DATE
> Task :core-common:bundleLibRuntimeToJarDebug UP-TO-DATE
> Task :core-common:createFullJarDebug
> Task :core-designsystem:generateDebugResources UP-TO-DATE
> Task :core-designsystem:packageDebugResources UP-TO-DATE
> Task :core-designsystem:processDebugNavigationResources UP-TO-DATE
> Task :core-common:writeDebugLintModelMetadata
> Task :core-common:extractProguardFiles UP-TO-DATE
> Task :core-designsystem:parseDebugLocalResources UP-TO-DATE
> Task :core-notifications:extractDebugAnnotations UP-TO-DATE
> Task :core-designsystem:generateDebugRFile UP-TO-DATE
> Task :core-appwrite:checkDebugAarMetadata UP-TO-DATE
> Task :core-appwrite:processDebugNavigationResources UP-TO-DATE
> Task :core-appwrite:parseDebugLocalResources UP-TO-DATE
> Task :core-notifications:compileDebugKotlin UP-TO-DATE
> Task :core-notifications:compileDebugJavaWithJavac NO-SOURCE
> Task :core-notifications:mergeDebugGeneratedProguardFiles UP-TO-DATE
> Task :core-appwrite:generateDebugRFile UP-TO-DATE
> Task :core-notifications:mergeDebugConsumerProguardFiles UP-TO-DATE
> Task :core-notifications:processDebugJavaRes UP-TO-DATE
> Task :core-notifications:mergeDebugJavaResource UP-TO-DATE
> Task :core-notifications:syncDebugLibJars UP-TO-DATE
> Task :core-notifications:bundleDebugLocalLintAar
> Task :core-common:generateDebugLintModel
> Task :core-designsystem:extractDebugAnnotations UP-TO-DATE
> Task :core-designsystem:extractDeepLinksForAarDebug UP-TO-DATE
> Task :core-designsystem:generateDebugAssets UP-TO-DATE
> Task :core-appwrite:extractDebugAnnotations UP-TO-DATE
> Task :core-notifications:bundleLibRuntimeToJarDebug UP-TO-DATE
> Task :core-appwrite:extractDeepLinksForAarDebug UP-TO-DATE
> Task :core-appwrite:generateDebugAssets UP-TO-DATE
> Task :core-appwrite:mergeDebugAssets UP-TO-DATE
> Task :core-designsystem:mergeDebugAssets UP-TO-DATE
> Task :core-notifications:createFullJarDebug
> Task :core-appwrite:compileDebugKotlin UP-TO-DATE
> Task :core-designsystem:compileDebugKotlin UP-TO-DATE
> Task :core-common:preDebugAndroidTestBuild UP-TO-DATE
> Task :core-appwrite:javaPreCompileDebug UP-TO-DATE
> Task :core-appwrite:compileDebugJavaWithJavac NO-SOURCE
> Task :core-appwrite:mergeDebugGeneratedProguardFiles UP-TO-DATE
> Task :core-notifications:generateDebugAndroidTestLintModel
> Task :core-designsystem:javaPreCompileDebug UP-TO-DATE
> Task :core-designsystem:compileDebugJavaWithJavac NO-SOURCE
> Task :core-appwrite:mergeDebugConsumerProguardFiles UP-TO-DATE
> Task :core-appwrite:prepareDebugArtProfile UP-TO-DATE
> Task :core-appwrite:prepareLintJarForPublish UP-TO-DATE
> Task :core-designsystem:mergeDebugGeneratedProguardFiles UP-TO-DATE
> Task :core-designsystem:mergeDebugConsumerProguardFiles UP-TO-DATE
> Task :core-appwrite:processDebugManifest UP-TO-DATE
> Task :core-designsystem:prepareDebugArtProfile UP-TO-DATE
> Task :core-designsystem:prepareLintJarForPublish UP-TO-DATE
> Task :core-appwrite:processDebugJavaRes UP-TO-DATE
> Task :core-designsystem:processDebugManifest UP-TO-DATE
> Task :core-appwrite:mergeDebugJavaResource UP-TO-DATE
> Task :core-designsystem:processDebugJavaRes UP-TO-DATE
> Task :core-appwrite:syncDebugLibJars UP-TO-DATE
> Task :core-appwrite:writeDebugAarMetadata UP-TO-DATE
> Task :core-designsystem:mergeDebugJavaResource UP-TO-DATE
> Task :core-designsystem:syncDebugLibJars UP-TO-DATE
> Task :core-designsystem:writeDebugAarMetadata UP-TO-DATE
> Task :core-common:generateDebugAndroidTestLintModel
> Task :core-common:preDebugUnitTestBuild UP-TO-DATE
> Task :core-appwrite:bundleDebugLocalLintAar
> Task :core-designsystem:bundleDebugLocalLintAar
> Task :core-appwrite:bundleLibRuntimeToJarDebug UP-TO-DATE
> Task :core-common:generateDebugUnitTestLintModel
> Task :core-appwrite:createFullJarDebug
> Task :core-appwrite:preDebugAndroidTestBuild UP-TO-DATE
> Task :core-designsystem:bundleLibRuntimeToJarDebug UP-TO-DATE
> Task :core-appwrite:writeDebugLintModelMetadata
> Task :core-designsystem:createFullJarDebug
> Task :core-designsystem:preDebugAndroidTestBuild UP-TO-DATE
> Task :core-designsystem:writeDebugLintModelMetadata
> Task :core-appwrite:generateDebugAndroidTestLintModel
> Task :core-appwrite:extractProguardFiles UP-TO-DATE
> Task :core-appwrite:generateDebugLintModel
> Task :core-appwrite:preDebugUnitTestBuild UP-TO-DATE
> Task :core-designsystem:generateDebugAndroidTestLintModel
> Task :core-appwrite:generateDebugUnitTestLintModel
> Task :core-appwrite:lintAnalyzeDebugAndroidTest
> Task :core-common:lintAnalyzeDebugAndroidTest
> Task :core-designsystem:extractProguardFiles UP-TO-DATE
> Task :core-designsystem:generateDebugLintModel
> Task :core-designsystem:preDebugUnitTestBuild UP-TO-DATE
> Task :core-designsystem:generateDebugUnitTestLintModel
> Task :core-appwrite:lintAnalyzeDebugUnitTest
> Task :core-designsystem:lintAnalyzeDebugAndroidTest
> Task :core-notifications:generateDebugLintModel
> Task :core-notifications:generateDebugUnitTestLintModel
> Task :core-notifications:lintAnalyzeDebugAndroidTest
> Task :core-designsystem:lintAnalyzeDebugUnitTest
> Task :core-security:generateDebugResources UP-TO-DATE
> Task :core-security:packageDebugResources UP-TO-DATE
> Task :core-security:processDebugNavigationResources UP-TO-DATE
> Task :core-security:parseDebugLocalResources UP-TO-DATE
> Task :core-security:generateDebugRFile UP-TO-DATE
> Task :core-security:extractDebugAnnotations UP-TO-DATE
> Task :core-security:extractDeepLinksForAarDebug UP-TO-DATE
> Task :core-security:generateDebugAssets UP-TO-DATE
> Task :core-security:mergeDebugAssets UP-TO-DATE
> Task :core-notifications:lintAnalyzeDebugUnitTest
> Task :core-sync:preBuild UP-TO-DATE
> Task :core-sync:preDebugBuild UP-TO-DATE
> Task :core-security:compileDebugKotlin UP-TO-DATE
> Task :core-security:javaPreCompileDebug UP-TO-DATE
> Task :core-security:compileDebugJavaWithJavac NO-SOURCE
> Task :core-security:mergeDebugGeneratedProguardFiles UP-TO-DATE
> Task :core-security:mergeDebugConsumerProguardFiles UP-TO-DATE
> Task :core-security:prepareDebugArtProfile UP-TO-DATE
> Task :core-security:prepareLintJarForPublish UP-TO-DATE
> Task :core-security:processDebugManifest UP-TO-DATE
> Task :core-security:processDebugJavaRes UP-TO-DATE
> Task :core-security:mergeDebugJavaResource UP-TO-DATE
> Task :core-security:syncDebugLibJars UP-TO-DATE
> Task :core-security:writeDebugAarMetadata UP-TO-DATE
> Task :core-sync:checkDebugAarMetadata UP-TO-DATE
> Task :core-appwrite:bundleLibCompileToJarDebug UP-TO-DATE
> Task :core-sync:generateDebugResources UP-TO-DATE
> Task :core-sync:packageDebugResources UP-TO-DATE
> Task :core-sync:processDebugNavigationResources UP-TO-DATE
> Task :core-sync:parseDebugLocalResources UP-TO-DATE
> Task :core-sync:generateDebugRFile UP-TO-DATE
> Task :core-security:bundleDebugLocalLintAar
> Task :core-sync:extractDebugAnnotations UP-TO-DATE
> Task :core-sync:extractDeepLinksForAarDebug UP-TO-DATE
> Task :core-sync:generateDebugAssets UP-TO-DATE
> Task :core-security:bundleLibRuntimeToJarDebug UP-TO-DATE
> Task :core-sync:mergeDebugAssets UP-TO-DATE
> Task :core-security:createFullJarDebug
> Task :core-security:preDebugAndroidTestBuild UP-TO-DATE
> Task :core-security:writeDebugLintModelMetadata
> Task :core-sync:compileDebugKotlin UP-TO-DATE
> Task :core-sync:javaPreCompileDebug UP-TO-DATE
> Task :core-sync:compileDebugJavaWithJavac NO-SOURCE
> Task :core-sync:mergeDebugGeneratedProguardFiles UP-TO-DATE
> Task :core-sync:mergeDebugConsumerProguardFiles UP-TO-DATE
> Task :core-sync:prepareDebugArtProfile UP-TO-DATE
> Task :core-sync:prepareLintJarForPublish UP-TO-DATE
> Task :core-sync:processDebugManifest UP-TO-DATE
> Task :core-sync:processDebugJavaRes UP-TO-DATE
> Task :core-sync:mergeDebugJavaResource UP-TO-DATE
> Task :core-sync:syncDebugLibJars UP-TO-DATE
> Task :core-sync:writeDebugAarMetadata UP-TO-DATE
> Task :core-sync:bundleDebugLocalLintAar
> Task :core-sync:bundleLibRuntimeToJarDebug UP-TO-DATE
> Task :core-sync:createFullJarDebug
> Task :core-sync:preDebugAndroidTestBuild UP-TO-DATE
> Task :core-sync:writeDebugLintModelMetadata
> Task :core-security:generateDebugAndroidTestLintModel
> Task :core-security:extractProguardFiles UP-TO-DATE
> Task :core-security:generateDebugLintModel
> Task :core-security:preDebugUnitTestBuild UP-TO-DATE
> Task :core-security:generateDebugUnitTestLintModel
> Task :core-sync:generateDebugAndroidTestLintModel
> Task :core-sync:extractProguardFiles UP-TO-DATE
> Task :core-sync:generateDebugLintModel
> Task :core-security:lintAnalyzeDebugUnitTest
> Task :core-sync:preDebugUnitTestBuild UP-TO-DATE
> Task :core-security:lintAnalyzeDebugAndroidTest
> Task :feature-calls:preBuild UP-TO-DATE
> Task :feature-calls:preDebugBuild UP-TO-DATE
> Task :feature-calls:checkDebugAarMetadata UP-TO-DATE
> Task :core-designsystem:bundleLibCompileToJarDebug UP-TO-DATE
> Task :feature-calls:generateDebugResources UP-TO-DATE
> Task :feature-calls:packageDebugResources UP-TO-DATE
> Task :feature-calls:processDebugNavigationResources UP-TO-DATE
> Task :core-sync:generateDebugUnitTestLintModel
> Task :feature-calls:parseDebugLocalResources UP-TO-DATE
> Task :feature-calls:generateDebugRFile UP-TO-DATE
> Task :feature-calls:extractDebugAnnotations UP-TO-DATE
> Task :feature-calls:extractDeepLinksForAarDebug UP-TO-DATE
> Task :feature-calls:generateDebugAssets UP-TO-DATE
> Task :feature-calls:mergeDebugAssets UP-TO-DATE
> Task :feature-calls:compileDebugKotlin UP-TO-DATE
> Task :core-sync:lintAnalyzeDebugAndroidTest
> Task :feature-calls:javaPreCompileDebug UP-TO-DATE
> Task :feature-calls:compileDebugJavaWithJavac NO-SOURCE
> Task :feature-calls:mergeDebugGeneratedProguardFiles UP-TO-DATE
> Task :feature-calls:mergeDebugConsumerProguardFiles UP-TO-DATE
> Task :feature-calls:prepareDebugArtProfile UP-TO-DATE
> Task :feature-calls:prepareLintJarForPublish UP-TO-DATE
> Task :feature-calls:processDebugManifest UP-TO-DATE
> Task :feature-calls:processDebugJavaRes UP-TO-DATE
> Task :feature-calls:mergeDebugJavaResource UP-TO-DATE
> Task :feature-calls:syncDebugLibJars UP-TO-DATE
> Task :feature-calls:writeDebugAarMetadata UP-TO-DATE
> Task :core-sync:lintAnalyzeDebugUnitTest
> Task :feature-hearttoheart:preBuild UP-TO-DATE
> Task :feature-hearttoheart:preDebugBuild UP-TO-DATE
> Task :feature-calls:bundleDebugLocalLintAar
> Task :feature-hearttoheart:checkDebugAarMetadata UP-TO-DATE
> Task :feature-hearttoheart:generateDebugResources UP-TO-DATE
> Task :feature-calls:bundleLibRuntimeToJarDebug UP-TO-DATE
> Task :feature-hearttoheart:packageDebugResources UP-TO-DATE
> Task :feature-hearttoheart:processDebugNavigationResources UP-TO-DATE
> Task :feature-calls:createFullJarDebug
> Task :feature-calls:preDebugAndroidTestBuild UP-TO-DATE
> Task :feature-hearttoheart:parseDebugLocalResources UP-TO-DATE
> Task :feature-calls:writeDebugLintModelMetadata
> Task :feature-hearttoheart:generateDebugRFile UP-TO-DATE
> Task :feature-hearttoheart:extractDebugAnnotations UP-TO-DATE
> Task :feature-hearttoheart:extractDeepLinksForAarDebug UP-TO-DATE
> Task :feature-hearttoheart:generateDebugAssets UP-TO-DATE
> Task :feature-hearttoheart:mergeDebugAssets UP-TO-DATE
> Task :feature-hearttoheart:compileDebugKotlin UP-TO-DATE
> Task :feature-hearttoheart:javaPreCompileDebug UP-TO-DATE
> Task :feature-hearttoheart:compileDebugJavaWithJavac NO-SOURCE
> Task :feature-hearttoheart:mergeDebugGeneratedProguardFiles UP-TO-DATE
> Task :feature-hearttoheart:mergeDebugConsumerProguardFiles UP-TO-DATE
> Task :feature-hearttoheart:prepareDebugArtProfile UP-TO-DATE
> Task :feature-hearttoheart:prepareLintJarForPublish UP-TO-DATE
> Task :feature-hearttoheart:processDebugManifest UP-TO-DATE
> Task :feature-hearttoheart:processDebugJavaRes UP-TO-DATE
> Task :feature-hearttoheart:mergeDebugJavaResource UP-TO-DATE
> Task :feature-hearttoheart:syncDebugLibJars UP-TO-DATE
> Task :feature-hearttoheart:writeDebugAarMetadata UP-TO-DATE
> Task :feature-hearttoheart:bundleDebugLocalLintAar
> Task :feature-hearttoheart:bundleLibRuntimeToJarDebug UP-TO-DATE
> Task :feature-calls:generateDebugAndroidTestLintModel
> Task :feature-calls:extractProguardFiles UP-TO-DATE
> Task :feature-hearttoheart:createFullJarDebug
> Task :feature-hearttoheart:preDebugAndroidTestBuild UP-TO-DATE
> Task :feature-hearttoheart:writeDebugLintModelMetadata
> Task :feature-calls:generateDebugLintModel
> Task :feature-calls:preDebugUnitTestBuild UP-TO-DATE
> Task :feature-calls:generateDebugUnitTestLintModel
> Task :feature-hearttoheart:generateDebugAndroidTestLintModel
> Task :feature-calls:lintAnalyzeDebugAndroidTest
> Task :feature-hearttoheart:extractProguardFiles UP-TO-DATE
> Task :feature-hearttoheart:generateDebugLintModel
> Task :feature-hearttoheart:preDebugUnitTestBuild UP-TO-DATE
> Task :feature-hearttoheart:generateDebugUnitTestLintModel
> Task :feature-calls:lintAnalyzeDebugUnitTest
> Task :feature-pairing:preBuild UP-TO-DATE
> Task :feature-pairing:preDebugBuild UP-TO-DATE
> Task :feature-pairing:checkDebugAarMetadata UP-TO-DATE
> Task :core-common:lintAnalyzeDebugUnitTest
> Task :feature-pairing:generateDebugResources UP-TO-DATE
> Task :feature-pairing:packageDebugResources UP-TO-DATE
> Task :feature-pairing:processDebugNavigationResources UP-TO-DATE
> Task :feature-pairing:parseDebugLocalResources UP-TO-DATE
> Task :feature-pairing:generateDebugRFile UP-TO-DATE
> Task :feature-pairing:extractDebugAnnotations UP-TO-DATE
> Task :feature-pairing:extractDeepLinksForAarDebug UP-TO-DATE
> Task :feature-pairing:generateDebugAssets UP-TO-DATE
> Task :feature-pairing:mergeDebugAssets UP-TO-DATE
> Task :feature-pairing:compileDebugKotlin UP-TO-DATE
> Task :feature-pairing:javaPreCompileDebug UP-TO-DATE
> Task :feature-pairing:compileDebugJavaWithJavac NO-SOURCE
> Task :feature-pairing:mergeDebugGeneratedProguardFiles UP-TO-DATE
> Task :feature-pairing:mergeDebugConsumerProguardFiles UP-TO-DATE
> Task :feature-pairing:prepareDebugArtProfile UP-TO-DATE
> Task :feature-pairing:prepareLintJarForPublish UP-TO-DATE
> Task :feature-pairing:processDebugManifest UP-TO-DATE
> Task :feature-pairing:processDebugJavaRes UP-TO-DATE
> Task :feature-pairing:mergeDebugJavaResource UP-TO-DATE
> Task :feature-pairing:syncDebugLibJars UP-TO-DATE
> Task :feature-pairing:writeDebugAarMetadata UP-TO-DATE
> Task :feature-pairing:bundleDebugLocalLintAar
> Task :feature-pairing:bundleLibRuntimeToJarDebug UP-TO-DATE
> Task :feature-pairing:createFullJarDebug
> Task :feature-pairing:preDebugAndroidTestBuild UP-TO-DATE
> Task :feature-pairing:writeDebugLintModelMetadata
> Task :feature-hearttoheart:lintAnalyzeDebugAndroidTest
> Task :feature-playback:preBuild UP-TO-DATE
> Task :feature-playback:preDebugBuild UP-TO-DATE
> Task :feature-playback:checkDebugAarMetadata UP-TO-DATE
> Task :core-sync:bundleLibCompileToJarDebug UP-TO-DATE
> Task :feature-playback:generateDebugResources UP-TO-DATE
> Task :feature-playback:packageDebugResources UP-TO-DATE
> Task :feature-playback:processDebugNavigationResources UP-TO-DATE
> Task :feature-playback:parseDebugLocalResources UP-TO-DATE
> Task :feature-playback:generateDebugRFile UP-TO-DATE
> Task :feature-playback:extractDebugAnnotations UP-TO-DATE
> Task :feature-playback:extractDeepLinksForAarDebug UP-TO-DATE
> Task :feature-playback:generateDebugAssets UP-TO-DATE
> Task :feature-playback:mergeDebugAssets UP-TO-DATE
> Task :feature-playback:compileDebugKotlin UP-TO-DATE
> Task :feature-playback:javaPreCompileDebug UP-TO-DATE
> Task :feature-playback:compileDebugJavaWithJavac NO-SOURCE
> Task :feature-playback:mergeDebugGeneratedProguardFiles UP-TO-DATE
> Task :feature-pairing:generateDebugAndroidTestLintModel
> Task :feature-hearttoheart:lintAnalyzeDebugUnitTest
> Task :feature-pairing:extractProguardFiles UP-TO-DATE
> Task :feature-playback:mergeDebugConsumerProguardFiles UP-TO-DATE
> Task :feature-study:preBuild UP-TO-DATE
> Task :feature-study:preDebugBuild UP-TO-DATE
> Task :feature-playback:prepareDebugArtProfile UP-TO-DATE
> Task :feature-playback:prepareLintJarForPublish UP-TO-DATE
> Task :feature-playback:processDebugManifest UP-TO-DATE
> Task :feature-playback:processDebugJavaRes UP-TO-DATE
> Task :feature-playback:mergeDebugJavaResource UP-TO-DATE
> Task :feature-study:checkDebugAarMetadata UP-TO-DATE
> Task :feature-playback:syncDebugLibJars UP-TO-DATE
> Task :feature-study:generateDebugResources UP-TO-DATE
> Task :feature-playback:writeDebugAarMetadata UP-TO-DATE
> Task :feature-study:packageDebugResources UP-TO-DATE
> Task :feature-study:processDebugNavigationResources UP-TO-DATE
> Task :feature-study:parseDebugLocalResources UP-TO-DATE
> Task :feature-study:generateDebugRFile UP-TO-DATE
> Task :feature-study:extractDebugAnnotations UP-TO-DATE
> Task :feature-study:extractDeepLinksForAarDebug UP-TO-DATE
> Task :feature-study:generateDebugAssets UP-TO-DATE
> Task :feature-study:mergeDebugAssets UP-TO-DATE
> Task :feature-pairing:generateDebugLintModel
> Task :feature-pairing:preDebugUnitTestBuild UP-TO-DATE
> Task :feature-playback:bundleDebugLocalLintAar
> Task :feature-study:compileDebugKotlin UP-TO-DATE
> Task :feature-playback:bundleLibRuntimeToJarDebug UP-TO-DATE
> Task :feature-study:javaPreCompileDebug UP-TO-DATE
> Task :feature-study:compileDebugJavaWithJavac NO-SOURCE
> Task :feature-study:mergeDebugGeneratedProguardFiles UP-TO-DATE
> Task :feature-study:mergeDebugConsumerProguardFiles UP-TO-DATE
> Task :feature-pairing:generateDebugUnitTestLintModel
> Task :feature-study:prepareDebugArtProfile UP-TO-DATE
> Task :feature-study:prepareLintJarForPublish UP-TO-DATE
> Task :feature-playback:createFullJarDebug
> Task :feature-playback:preDebugAndroidTestBuild UP-TO-DATE
> Task :feature-study:processDebugManifest UP-TO-DATE
> Task :feature-study:processDebugJavaRes UP-TO-DATE
> Task :feature-playback:writeDebugLintModelMetadata
> Task :feature-study:mergeDebugJavaResource UP-TO-DATE
> Task :feature-study:syncDebugLibJars UP-TO-DATE
> Task :feature-study:writeDebugAarMetadata UP-TO-DATE
> Task :feature-study:bundleDebugLocalLintAar
> Task :feature-pairing:lintAnalyzeDebugAndroidTest
> Task :feature-study:bundleLibRuntimeToJarDebug UP-TO-DATE
> Task :feature-study:createFullJarDebug
> Task :feature-study:preDebugAndroidTestBuild UP-TO-DATE
> Task :feature-study:writeDebugLintModelMetadata
> Task :feature-study:generateDebugAndroidTestLintModel
> Task :feature-study:extractProguardFiles UP-TO-DATE
> Task :feature-study:generateDebugLintModel
> Task :feature-study:preDebugUnitTestBuild UP-TO-DATE
> Task :feature-study:generateDebugUnitTestLintModel
> Task :feature-playback:generateDebugAndroidTestLintModel
> Task :feature-playback:extractProguardFiles UP-TO-DATE
> Task :feature-playback:generateDebugLintModel
> Task :feature-playback:preDebugUnitTestBuild UP-TO-DATE
> Task :feature-playback:generateDebugUnitTestLintModel
> Task :feature-pairing:lintAnalyzeDebugUnitTest
> Task :feature-study:lintAnalyzeDebugAndroidTest
> Task :feature-playback:lintAnalyzeDebugAndroidTest
> Task :core-notifications:bundleLibCompileToJarDebug UP-TO-DATE
> Task :core-security:bundleLibCompileToJarDebug UP-TO-DATE
> Task :feature-calls:bundleLibCompileToJarDebug UP-TO-DATE
> Task :feature-hearttoheart:bundleLibCompileToJarDebug UP-TO-DATE
> Task :feature-pairing:bundleLibCompileToJarDebug UP-TO-DATE
> Task :feature-playback:bundleLibCompileToJarDebug UP-TO-DATE
> Task :feature-study:bundleLibCompileToJarDebug UP-TO-DATE
> Task :hamyar-app:preBuild UP-TO-DATE
> Task :hamyar-app:preP09DebugBuild UP-TO-DATE
> Task :hamyar-app:generateP09DebugBuildConfig UP-TO-DATE
> Task :hamyar-app:generateP09DebugResValues UP-TO-DATE
> Task :hamyar-app:generateP09DebugResources UP-TO-DATE
> Task :hamyar-app:packageP09DebugResources UP-TO-DATE
> Task :hamyar-app:processP09DebugNavigationResources UP-TO-DATE
> Task :hamyar-app:parseP09DebugLocalResources UP-TO-DATE
> Task :hamyar-app:generateP09DebugRFile UP-TO-DATE
> Task :feature-playback:lintAnalyzeDebugUnitTest
> Task :hamyar-app:javaPreCompileP09Debug UP-TO-DATE
> Task :core-appwrite:mapDebugSourceSetPaths UP-TO-DATE
> Task :core-appwrite:compileDebugLibraryResources UP-TO-DATE
> Task :core-common:mapDebugSourceSetPaths UP-TO-DATE
> Task :core-common:compileDebugLibraryResources UP-TO-DATE
> Task :core-designsystem:mapDebugSourceSetPaths UP-TO-DATE
> Task :core-designsystem:compileDebugLibraryResources UP-TO-DATE
> Task :core-notifications:mapDebugSourceSetPaths UP-TO-DATE
> Task :core-notifications:compileDebugLibraryResources UP-TO-DATE
> Task :core-security:mapDebugSourceSetPaths UP-TO-DATE
> Task :core-security:compileDebugLibraryResources UP-TO-DATE
> Task :core-sync:mapDebugSourceSetPaths UP-TO-DATE
> Task :core-sync:compileDebugLibraryResources UP-TO-DATE
> Task :feature-calls:mapDebugSourceSetPaths UP-TO-DATE
> Task :feature-calls:compileDebugLibraryResources UP-TO-DATE
> Task :feature-hearttoheart:mapDebugSourceSetPaths UP-TO-DATE
> Task :feature-hearttoheart:compileDebugLibraryResources UP-TO-DATE
> Task :feature-pairing:mapDebugSourceSetPaths UP-TO-DATE
> Task :feature-pairing:compileDebugLibraryResources UP-TO-DATE
> Task :feature-playback:mapDebugSourceSetPaths UP-TO-DATE
> Task :feature-playback:compileDebugLibraryResources UP-TO-DATE
> Task :feature-study:mapDebugSourceSetPaths UP-TO-DATE
> Task :feature-study:compileDebugLibraryResources UP-TO-DATE
> Task :hamyar-app:checkP09DebugAarMetadata UP-TO-DATE
> Task :hamyar-app:mapP09DebugSourceSetPaths UP-TO-DATE
> Task :hamyar-app:compileP09DebugNavigationResources UP-TO-DATE
> Task :hamyar-app:mergeP09DebugResources UP-TO-DATE
> Task :hamyar-app:createP09DebugCompatibleScreenManifests UP-TO-DATE
> Task :core-appwrite:extractDeepLinksDebug UP-TO-DATE
> Task :core-common:extractDeepLinksDebug UP-TO-DATE
> Task :core-designsystem:extractDeepLinksDebug UP-TO-DATE
> Task :core-notifications:extractDeepLinksDebug UP-TO-DATE
> Task :core-security:extractDeepLinksDebug UP-TO-DATE
> Task :core-sync:extractDeepLinksDebug UP-TO-DATE
> Task :feature-calls:extractDeepLinksDebug UP-TO-DATE
> Task :feature-hearttoheart:extractDeepLinksDebug UP-TO-DATE
> Task :feature-pairing:extractDeepLinksDebug UP-TO-DATE
> Task :feature-playback:extractDeepLinksDebug UP-TO-DATE
> Task :feature-study:extractDeepLinksDebug UP-TO-DATE
> Task :hamyar-app:extractDeepLinksP09Debug UP-TO-DATE
> Task :hamyar-app:processP09DebugMainManifest UP-TO-DATE
> Task :hamyar-app:processP09DebugManifest UP-TO-DATE
> Task :hamyar-app:processP09DebugManifestForPackage UP-TO-DATE
> Task :hamyar-app:processP09DebugResources UP-TO-DATE
> Task :hamyar-app:preP09DebugAndroidTestBuild SKIPPED
> Task :hamyar-app:generateP09DebugAndroidTestResValues FROM-CACHE
> Task :hamyar-app:extractProguardFiles UP-TO-DATE
> Task :hamyar-app:preP09DebugUnitTestBuild UP-TO-DATE
> Task :hamyar-admin:preBuild UP-TO-DATE
> Task :hamyar-admin:preDebugBuild UP-TO-DATE
> Task :hamyar-admin:generateDebugBuildConfig UP-TO-DATE
> Task :hamyar-admin:generateDebugResources UP-TO-DATE
> Task :hamyar-admin:packageDebugResources UP-TO-DATE
> Task :hamyar-admin:processDebugNavigationResources UP-TO-DATE
> Task :hamyar-admin:parseDebugLocalResources UP-TO-DATE
> Task :hamyar-admin:generateDebugRFile UP-TO-DATE
> Task :hamyar-admin:compileDebugKotlin UP-TO-DATE
> Task :hamyar-admin:javaPreCompileDebug UP-TO-DATE
> Task :hamyar-admin:compileDebugJavaWithJavac UP-TO-DATE
> Task :hamyar-admin:checkDebugAarMetadata UP-TO-DATE
> Task :hamyar-admin:mapDebugSourceSetPaths UP-TO-DATE
> Task :hamyar-admin:compileDebugNavigationResources UP-TO-DATE
> Task :hamyar-admin:mergeDebugResources UP-TO-DATE
> Task :hamyar-admin:createDebugCompatibleScreenManifests UP-TO-DATE
> Task :hamyar-admin:extractDeepLinksDebug UP-TO-DATE
> Task :hamyar-admin:processDebugMainManifest UP-TO-DATE
> Task :hamyar-admin:processDebugManifest UP-TO-DATE
> Task :hamyar-admin:processDebugManifestForPackage UP-TO-DATE
> Task :hamyar-admin:processDebugResources UP-TO-DATE
> Task :hamyar-admin:bundleDebugClassesToCompileJar
> Task :hamyar-admin:preDebugAndroidTestBuild SKIPPED
> Task :hamyar-admin:generateDebugAndroidTestLintModel
> Task :hamyar-admin:extractProguardFiles
> Task :hamyar-admin:generateDebugLintReportModel
> Task :hamyar-admin:preDebugUnitTestBuild UP-TO-DATE
> Task :feature-study:lintAnalyzeDebugUnitTest
> Task :hamyar-admin:generateDebugUnitTestLintModel
> Task :hamyar-admin:lintAnalyzeDebugAndroidTest
> Task :hamyar-admin:lintAnalyzeDebugUnitTest
> Task :core-common:lintAnalyzeDebug
> Task :hamyar-app:compileP09DebugKotlin FAILED
e: apps/hamyar-app/src/main/java/com/hamyareman/ir/ui/study/BookDetailScreen.kt:135:23 Assignment type mismatch: actual type is 'Collection<String>', but 'Set<String>' was expected.
> Task :core-notifications:lintAnalyzeDebug
> Task :core-security:lintAnalyzeDebug
> Task :core-appwrite:lintAnalyzeDebug
> Task :core-designsystem:lintAnalyzeDebug
> Task :core-sync:lintAnalyzeDebug
> Task :feature-pairing:lintAnalyzeDebug
> Task :feature-playback:lintAnalyzeDebug
> Task :feature-hearttoheart:lintAnalyzeDebug
> Task :feature-calls:lintAnalyzeDebug
> Task :feature-study:lintAnalyzeDebug
> Task :hamyar-admin:lintAnalyzeDebug
> Task :hamyar-admin:lintReportDebug
> Task :hamyar-admin:lintDebug
FAILURE: Build failed with an exception.
* What went wrong:
BUILD FAILED in 1m 28s
