title,category,ids,key,url,extensions,sources,appDeclared,csvStatus,csvTitle,csvIds,csvUrl,csvUrlMatch,cacheHandling,referenceCount,notes
"Hamyar e Man - آزمایشگاه زیست پایه نهم","آزمایشگاه","lab-09-biology.html","Bucket/Html-files/آزمایشگاه 9/زیست/Hamyar e Man - آزمایشگاه زیست پایه نهم.html","https://c539776.parspack.net/Bucket/Html-files/%D8%A2%D8%B2%D9%85%D8%A7%DB%8C%D8%B4%DA%AF%D8%A7%D9%87%209/%D8%B2%DB%8C%D8%B3%D8%AA/Hamyar%20e%20Man%20-%20%D8%A2%D8%B2%D9%85%D8%A7%DB%8C%D8%B4%DA%AF%D8%A7%D9%87%20%D8%B2%DB%8C%D8%B3%D8%AA%20%D9%BE%D8%A7%DB%8C%D9%87%20%D9%86%D9%87%D9%85.html","html","catalog.json ; server-map.json ; app-Parspack-upload-map.csv","yes","active","Hamyar e Man - آزمایشگاه زیست پایه نهم","lab-09-biology.html","https://c539776.parspack.net/Bucket/Html-files/%D8%A2%D8%B2%D9%85%D8%A7%DB%8C%D8%B4%DA%AF%D8%A7%D9%87%209/%D8%B2%DB%8C%D8%B3%D8%AA/Hamyar%20e%20Man%20-%20%D8%A2%D8%B2%D9%85%D8%A7%DB%8C%D8%B4%DA%AF%D8%A7%D9%87%20%D8%B2%DB%8C%D8%B3%D8%AA%20%D9%BE%D8%A7%DB%8C%D9%87%20%D9%86%D9%87%D9%85.html","یکسان","HTML: LessonCache؛ کش HMK1 + اعتبارسنجی تغییر","3","منبع CSV: catalog.json;server-map.json"
"Hamyar e Man - آزمایشگاه شیمی پایه نهم","آزمایشگاه","lab-09-chemistry.html","Bucket/Html-files/آزمایشگاه 9/شیمی/Hamyar e Man - آزمایشگاه شیمی پایه نهم.html","https://c539776.parspack.net/Bucket/Html-files/%D8%A2%D8%B2%D9%85%D8%A7%DB%8C%D8%B4%DA%AF%D8%A7%D9%87%209/%D8%B4%DB%8C%D9%85%DB%8C/Hamyar%20e%20Man%20-%20%D8%A2%D8%B2%D9%85%D8%A7%DB%8C%D8%B4%DA%AF%D8%A7%D9%87%20%D8%B4%DB%8C%D9%85%DB%8C%20%D9%BE%D8%A7%DB%8C%D9%87%20%D9%86%D9%87%D9%85.html","html","catalog.json ; server-map.json ; app-Parspack-upload-map.csv","yes","active","Hamyar e Man - آزمایشگاه شیمی پایه نهم","lab-09-chemistry.html","https://c539776.parspack.net/Bucket/Html-files/%D8%A2%D8%B2%D9%85%D8%A7%DB%8C%D8%B4%DA%AF%D8%A7%D9%87%209/%D8%B4%DB%8C%D9%85%DB%8C/Hamyar%20e%20Man%20-%20%D8%A2%D8%B2%D9%85%D8%A7%DB%8C%D8%B4%DA%AF%D8%A7%D9%87%20%D8%B4%DB%8C%D9%85%DB%8C%20%D9%BE%D8%A7%DB%8C%D9%87%20%D9%86%D9%87%D9%85.html","یکسان","HTML: LessonCache؛ کش HMK1 + اعتبارسنجی تغییر","3","منبع CSV: catalog.json;server-map.json"
"Hamyar e Man - آزمایشگاه فیزیک پایه نهم","آزمایشگاه","lab-09-physics.html","Bucket/Html-files/آزمایشگاه 9/فیزیک/Hamyar e Man - آزمایشگاه فیزیک پایه نهم.html","https://c539776.parspack.net/Bucket/Html-files/%D8%A2%D8%B2%D9%85%D8%A7%DB%8C%D8%B4%DA%AF%D8%A7%D9%87%209/%D9%81%DB%8C%D8%B2%DB%8C%DA%A9/Hamyar%20e%20Man%20-%20%D8%A2%D8%B2%D9%85%D8%A7%DB%8C%D8%B4%DA%AF%D8%A7%D9%87%20%D9%81%DB%8C%D8%B2%DB%8C%DA%A9%20%D9%BE%D8%A7%DB%8C%D9%87%20%D9%86%D9%87%D9%85.html","html","catalog.json ; server-map.json ; app-Parspack-upload-map.csv","yes","active","Hamyar e Man - آزمایشگاه فیزیک پایه نهم","lab-09-physics.html","https://c539776.parspack.net/Bucket/Html-files/%D8%A2%D8%B2%D9%85%D8%A7%DB%8C%D8%B4%DA%AF%D8%A7%D9%87%209/%D9%81%DB%8C%D8%B2%DB%8C%DA%A9/Hamyar%20e%20Man%20-%20%D8%A2%D8%B2%D9%85%D8%A7%DB%8C%D8%B4%DA%AF%D8%A7%D9%87%20%D9%81%DB%8C%D8%B2%DB%8C%DA%A9%20%D9%BE%D8%A7%DB%8C%D9%87%20%D9%86%D9%87%D9%85.html","یکسان","HTML: LessonCache؛ کش HMK1 + اعتبارسنجی تغییر","3","منبع CSV: catalog.json;server-map.json"
"سرعت خواندن","آموزشگاه","amz-01","Bucket/Html-files/آموزشگاه/01-speed-reading.html","https://c539776.parspack.net/Bucket/Html-files/%D8%A2%D9%85%D9%88%D8%B2%D8%B4%DA%AF%D8%A7%D9%87/01-speed-reading.html","html","catalog.json ; server-map.json ; app-Parspack-upload-map.csv","yes","active","سرعت خواندن","amz-01","https://c539776.parspack.net/Bucket/Html-files/%D8%A2%D9%85%D9%88%D8%B2%D8%B4%DA%AF%D8%A7%D9%87/01-speed-reading.html","یکسان","HTML: LessonCache؛ کش HMK1 + اعتبارسنجی تغییر","3","منبع CSV: catalog.json;server-map.json"
"خوشنویسی","آموزشگاه","amz-02","Bucket/Html-files/آموزشگاه/02-handwriting.html","https://c539776.parspack.net/Bucket/Html-files/%D8%A2%D9%85%D9%88%D8%B2%D8%B4%DA%AF%D8%A7%D9%87/02-handwriting.html","html","catalog.json ; server-map.json ; app-Parspack-upload-map.csv","yes","active","خوشنویسی","amz-02","https://c539776.parspack.net/Bucket/Html-files/%D8%A2%D9%85%D9%88%D8%B2%D8%B4%DA%AF%D8%A7%D9%87/02-handwriting.html","یکسان","HTML: LessonCache؛ کش HMK1 + اعتبارسنجی تغییر","3","منبع CSV: catalog.json;server-map.json"
"تایپ لمسی","آموزشگاه","amz-03","Bucket/Html-files/آموزشگاه/03-touch-typing.html","https://c539776.parspack.net/Bucket/Html-files/%D8%A2%D9%85%D9%88%D8%B2%D8%B4%DA%AF%D8%A7%D9%87/03-touch-typing.html","html","catalog.json ; server-map.json ; app-Parspack-upload-map.csv","yes","active","تایپ لمسی","amz-03","https://c539776.parspack.net/Bucket/Html-files/%D8%A2%D9%85%D9%88%D8%B2%D8%B4%DA%AF%D8%A7%D9%87/03-touch-typing.html","یکسان","HTML: LessonCache؛ کش HMK1 + اعتبارسنجی تغییر","3","منبع CSV: catalog.json;server-map.json"
"یادداشت‌برداری","آموزشگاه","amz-04","Bucket/Html-files/آموزشگاه/04-note-taking.html","https://c539776.parspack.net/Bucket/Html-files/%D8%A2%D9%85%D9%88%D8%B2%D8%B4%DA%AF%D8%A7%D9%87/04-note-taking.html","html","catalog.json ; server-map.json ; app-Parspack-upload-map.csv","yes","active","یادداشت‌برداری","amz-04","https://c539776.parspack.net/Bucket/Html-files/%D8%A2%D9%85%D9%88%D8%B2%D8%B4%DA%AF%D8%A7%D9%87/04-note-taking.html","یکسان","HTML: LessonCache؛ کش HMK1 + اعتبارسنجی تغییر","3","منبع CSV: catalog.json;server-map.json"
"خلاصه‌نویسی","آموزشگاه","amz-05","Bucket/Html-files/آموزشگاه/05-summarizing.html","https://c539776.parspack.net/Bucket/Html-files/%D8%A2%D9%85%D9%88%D8%B2%D8%B4%DA%AF%D8%A7%D9%87/05-summarizing.html","html","catalog.json ; server-map.json ; app-Parspack-upload-map.csv","yes","active","خلاصه‌نویسی","amz-05","https://c539776.parspack.net/Bucket/Html-files/%D8%A2%D9%85%D9%88%D8%B2%D8%B4%DA%AF%D8%A7%D9%87/05-summarizing.html","یکسان","HTML: LessonCache؛ کش HMK1 + اعتبارسنجی تغییر","3","منبع CSV: catalog.json;server-map.json"
"اصول مناظره","آموزشگاه","amz-06","Bucket/Html-files/آموزشگاه/06-debate-principles.html","https://c539776.parspack.net/Bucket/Html-files/%D8%A2%D9%85%D9%88%D8%B2%D8%B4%DA%AF%D8%A7%D9%87/06-debate-principles.html","html","catalog.json ; server-map.json ; app-Parspack-upload-map.csv","yes","active","اصول مناظره","amz-06","https://c539776.parspack.net/Bucket/Html-files/%D8%A2%D9%85%D9%88%D8%B2%D8%B4%DA%AF%D8%A7%D9%87/06-debate-principles.html","یکسان","HTML: LessonCache؛ کش HMK1 + اعتبارسنجی تغییر","3","منبع CSV: catalog.json;server-map.json"
"مغالطه‌های منطقی","آموزشگاه","amz-07","Bucket/Html-files/آموزشگاه/07-logical-fallacies.html","https://c539776.parspack.net/Bucket/Html-files/%D8%A2%D9%85%D9%88%D8%B2%D8%B4%DA%AF%D8%A7%D9%87/07-logical-fallacies.html","html","catalog.json ; server-map.json ; app-Parspack-upload-map.csv","yes","active","مغالطه‌های منطقی","amz-07","https://c539776.parspack.net/Bucket/Html-files/%D8%A2%D9%85%D9%88%D8%B2%D8%B4%DA%AF%D8%A7%D9%87/07-logical-fallacies.html","یکسان","HTML: LessonCache؛ کش HMK1 + اعتبارسنجی تغییر","3","منبع CSV: catalog.json;server-map.json"
"فن بیان","آموزشگاه","amz-08","Bucket/Html-files/آموزشگاه/08-public-speaking.html","https://c539776.parspack.net/Bucket/Html-files/%D8%A2%D9%85%D9%88%D8%B2%D8%B4%DA%AF%D8%A7%D9%87/08-public-speaking.html","html","catalog.json ; server-map.json ; app-Parspack-upload-map.csv","yes","active","فن بیان","amz-08","https://c539776.parspack.net/Bucket/Html-files/%D8%A2%D9%85%D9%88%D8%B2%D8%B4%DA%AF%D8%A7%D9%87/08-public-speaking.html","یکسان","HTML: LessonCache؛ کش HMK1 + اعتبارسنجی تغییر","3","منبع CSV: catalog.json;server-map.json"
"اضطراب سخنرانی","آموزشگاه","amz-09","Bucket/Html-files/آموزشگاه/09-public-speaking-anxiety.html","https://c539776.parspack.net/Bucket/Html-files/%D8%A2%D9%85%D9%88%D8%B2%D8%B4%DA%AF%D8%A7%D9%87/09-public-speaking-anxiety.html","html","catalog.json ; server-map.json ; app-Parspack-upload-map.csv","yes","active","اضطراب سخنرانی","amz-09","https://c539776.parspack.net/Bucket/Html-files/%D8%A2%D9%85%D9%88%D8%B2%D8%B4%DA%AF%D8%A7%D9%87/09-public-speaking-anxiety.html","یکسان","HTML: LessonCache؛ کش HMK1 + اعتبارسنجی تغییر","3","منبع CSV: catalog.json;server-map.json"
"ایمیل رسمی","آموزشگاه","amz-10","Bucket/Html-files/آموزشگاه/10-formal-email.html","https://c539776.parspack.net/Bucket/Html-files/%D8%A2%D9%85%D9%88%D8%B2%D8%B4%DA%AF%D8%A7%D9%87/10-formal-email.html","html","catalog.json ; server-map.json ; app-Parspack-upload-map.csv","yes","active","ایمیل رسمی","amz-10","https://c539776.parspack.net/Bucket/Html-files/%D8%A2%D9%85%D9%88%D8%B2%D8%B4%DA%AF%D8%A7%D9%87/10-formal-email.html","یکسان","HTML: LessonCache؛ کش HMK1 + اعتبارسنجی تغییر","3","منبع CSV: catalog.json;server-map.json"
"گوش دادن فعال","آموزشگاه","amz-11","Bucket/Html-files/آموزشگاه/11-active-listening.html","https://c539776.parspack.net/Bucket/Html-files/%D8%A2%D9%85%D9%88%D8%B2%D8%B4%DA%AF%D8%A7%D9%87/11-active-listening.html","html","catalog.json ; server-map.json ; app-Parspack-upload-map.csv","yes","active","گوش دادن فعال","amz-11","https://c539776.parspack.net/Bucket/Html-files/%D8%A2%D9%85%D9%88%D8%B2%D8%B4%DA%AF%D8%A7%D9%87/11-active-listening.html","یکسان","HTML: LessonCache؛ کش HMK1 + اعتبارسنجی تغییر","3","منبع CSV: catalog.json;server-map.json"
"محاسبات ذهنی","آموزشگاه","amz-12","Bucket/Html-files/آموزشگاه/12-mental-math.html","https://c539776.parspack.net/Bucket/Html-files/%D8%A2%D9%85%D9%88%D8%B2%D8%B4%DA%AF%D8%A7%D9%87/12-mental-math.html","html","catalog.json ; server-map.json ; app-Parspack-upload-map.csv","yes","active","محاسبات ذهنی","amz-12","https://c539776.parspack.net/Bucket/Html-files/%D8%A2%D9%85%D9%88%D8%B2%D8%B4%DA%AF%D8%A7%D9%87/12-mental-math.html","یکسان","HTML: LessonCache؛ کش HMK1 + اعتبارسنجی تغییر","3","منبع CSV: catalog.json;server-map.json"
"تقویت حافظه","آموزشگاه","amz-13","Bucket/Html-files/آموزشگاه/13-memory-boost.html","https://c539776.parspack.net/Bucket/Html-files/%D8%A2%D9%85%D9%88%D8%B2%D8%B4%DA%AF%D8%A7%D9%87/13-memory-boost.html","html","catalog.json ; server-map.json ; app-Parspack-upload-map.csv","yes","active","تقویت حافظه","amz-13","https://c539776.parspack.net/Bucket/Html-files/%D8%A2%D9%85%D9%88%D8%B2%D8%B4%DA%AF%D8%A7%D9%87/13-memory-boost.html","یکسان","HTML: LessonCache؛ کش HMK1 + اعتبارسنجی تغییر","3","منبع CSV: catalog.json;server-map.json"
"حل مسئله","آموزشگاه","amz-14","Bucket/Html-files/آموزشگاه/14-problem-solving.html","https://c539776.parspack.net/Bucket/Html-files/%D8%A2%D9%85%D9%88%D8%B2%D8%B4%DA%AF%D8%A7%D9%87/14-problem-solving.html","html","catalog.json ; server-map.json ; app-Parspack-upload-map.csv","yes","active","حل مسئله","amz-14","https://c539776.parspack.net/Bucket/Html-files/%D8%A2%D9%85%D9%88%D8%B2%D8%B4%DA%AF%D8%A7%D9%87/14-problem-solving.html","یکسان","HTML: LessonCache؛ کش HMK1 + اعتبارسنجی تغییر","3","منبع CSV: catalog.json;server-map.json"
"مهارت روابط","آموزشگاه","amz-15","Bucket/Html-files/آموزشگاه/15-relationships.html","https://c539776.parspack.net/Bucket/Html-files/%D8%A2%D9%85%D9%88%D8%B2%D8%B4%DA%AF%D8%A7%D9%87/15-relationships.html","html","catalog.json ; server-map.json ; app-Parspack-upload-map.csv","yes","active","مهارت روابط","amz-15","https://c539776.parspack.net/Bucket/Html-files/%D8%A2%D9%85%D9%88%D8%B2%D8%B4%DA%AF%D8%A7%D9%87/15-relationships.html","یکسان","HTML: LessonCache؛ کش HMK1 + اعتبارسنجی تغییر","3","منبع CSV: catalog.json;server-map.json"
"خودآگاهی","آموزشگاه","amz-16","Bucket/Html-files/آموزشگاه/16-self-awareness.html","https://c539776.parspack.net/Bucket/Html-files/%D8%A2%D9%85%D9%88%D8%B2%D8%B4%DA%AF%D8%A7%D9%87/16-self-awareness.html","html","catalog.json ; server-map.json ; app-Parspack-upload-map.csv","yes","active","خودآگاهی","amz-16","https://c539776.parspack.net/Bucket/Html-files/%D8%A2%D9%85%D9%88%D8%B2%D8%B4%DA%AF%D8%A7%D9%87/16-self-awareness.html","یکسان","HTML: LessonCache؛ کش HMK1 + اعتبارسنجی تغییر","3","منبع CSV: catalog.json;server-map.json"
"تله‌های ذهنی","آموزشگاه","amz-17","Bucket/Html-files/آموزشگاه/17-mental-traps.html","https://c539776.parspack.net/Bucket/Html-files/%D8%A2%D9%85%D9%88%D8%B2%D8%B4%DA%AF%D8%A7%D9%87/17-mental-traps.html","html","catalog.json ; server-map.json ; app-Parspack-upload-map.csv","yes","active","تله‌های ذهنی","amz-17","https://c539776.parspack.net/Bucket/Html-files/%D8%A2%D9%85%D9%88%D8%B2%D8%B4%DA%AF%D8%A7%D9%87/17-mental-traps.html","یکسان","HTML: LessonCache؛ کش HMK1 + اعتبارسنجی تغییر","3","منبع CSV: catalog.json;server-map.json"
"انعطاف‌پذیری","آموزشگاه","amz-18","Bucket/Html-files/آموزشگاه/18-resilience.html","https://c539776.parspack.net/Bucket/Html-files/%D8%A2%D9%85%D9%88%D8%B2%D8%B4%DA%AF%D8%A7%D9%87/18-resilience.html","html","catalog.json ; server-map.json ; app-Parspack-upload-map.csv","yes","active","انعطاف‌پذیری","amz-18","https://c539776.parspack.net/Bucket/Html-files/%D8%A2%D9%85%D9%88%D8%B2%D8%B4%DA%AF%D8%A7%D9%87/18-resilience.html","یکسان","HTML: LessonCache؛ کش HMK1 + اعتبارسنجی تغییر","3","منبع CSV: catalog.json;server-map.json"
"برنامه‌ریزی روزانه","آموزشگاه","amz-19","Bucket/Html-files/آموزشگاه/19-daily-planning.html","https://c539776.parspack.net/Bucket/Html-files/%D8%A2%D9%85%D9%88%D8%B2%D8%B4%DA%AF%D8%A7%D9%87/19-daily-planning.html","html","catalog.json ; server-map.json ; app-Parspack-upload-map.csv","yes","active","برنامه‌ریزی روزانه","amz-19","https://c539776.parspack.net/Bucket/Html-files/%D8%A2%D9%85%D9%88%D8%B2%D8%B4%DA%AF%D8%A7%D9%87/19-daily-planning.html","یکسان","HTML: LessonCache؛ کش HMK1 + اعتبارسنجی تغییر","3","منبع CSV: catalog.json;server-map.json"
"ساخت عادت","آموزشگاه","amz-20","Bucket/Html-files/آموزشگاه/20-habit-building.html","https://c539776.parspack.net/Bucket/Html-files/%D8%A2%D9%85%D9%88%D8%B2%D8%B4%DA%AF%D8%A7%D9%87/20-habit-building.html","html","catalog.json ; server-map.json ; app-Parspack-upload-map.csv","yes","active","ساخت عادت","amz-20","https://c539776.parspack.net/Bucket/Html-files/%D8%A2%D9%85%D9%88%D8%B2%D8%B4%DA%AF%D8%A7%D9%87/20-habit-building.html","یکسان","HTML: LessonCache؛ کش HMK1 + اعتبارسنجی تغییر","3","منبع CSV: catalog.json;server-map.json"
"فضای مطالعه","آموزشگاه","amz-21","Bucket/Html-files/آموزشگاه/21-study-space.html","https://c539776.parspack.net/Bucket/Html-files/%D8%A2%D9%85%D9%88%D8%B2%D8%B4%DA%AF%D8%A7%D9%87/21-study-space.html","html","catalog.json ; server-map.json ; app-Parspack-upload-map.csv","yes","active","فضای مطالعه","amz-21","https://c539776.parspack.net/Bucket/Html-files/%D8%A2%D9%85%D9%88%D8%B2%D8%B4%DA%AF%D8%A7%D9%87/21-study-space.html","یکسان","HTML: LessonCache؛ کش HMK1 + اعتبارسنجی تغییر","3","منبع CSV: catalog.json;server-map.json"
"ویندوز (مبانی)","آموزشگاه","amz-22","Bucket/Html-files/آموزشگاه/22-windows-basics.html","https://c539776.parspack.net/Bucket/Html-files/%D8%A2%D9%85%D9%88%D8%B2%D8%B4%DA%AF%D8%A7%D9%87/22-windows-basics.html","html","catalog.json ; server-map.json ; app-Parspack-upload-map.csv","yes","active","ویندوز (مبانی)","amz-22","https://c539776.parspack.net/Bucket/Html-files/%D8%A2%D9%85%D9%88%D8%B2%D8%B4%DA%AF%D8%A7%D9%87/22-windows-basics.html","یکسان","HTML: LessonCache؛ کش HMK1 + اعتبارسنجی تغییر","3","منبع CSV: catalog.json;server-map.json"
"سواد هوش مصنوعی","آموزشگاه","amz-23","Bucket/Html-files/آموزشگاه/23-ai-literacy.html","https://c539776.parspack.net/Bucket/Html-files/%D8%A2%D9%85%D9%88%D8%B2%D8%B4%DA%AF%D8%A7%D9%87/23-ai-literacy.html","html","catalog.json ; server-map.json ; app-Parspack-upload-map.csv","yes","active","سواد هوش مصنوعی","amz-23","https://c539776.parspack.net/Bucket/Html-files/%D8%A2%D9%85%D9%88%D8%B2%D8%B4%DA%AF%D8%A7%D9%87/23-ai-literacy.html","یکسان","HTML: LessonCache؛ کش HMK1 + اعتبارسنجی تغییر","3","منبع CSV: catalog.json;server-map.json"
"جست‌وجوی هوشمند","آموزشگاه","amz-24","Bucket/Html-files/آموزشگاه/24-smart-search.html","https://c539776.parspack.net/Bucket/Html-files/%D8%A2%D9%85%D9%88%D8%B2%D8%B4%DA%AF%D8%A7%D9%87/24-smart-search.html","html","catalog.json ; server-map.json ; app-Parspack-upload-map.csv","yes","active","جست‌وجوی هوشمند","amz-24","https://c539776.parspack.net/Bucket/Html-files/%D8%A2%D9%85%D9%88%D8%B2%D8%B4%DA%AF%D8%A7%D9%87/24-smart-search.html","یکسان","HTML: LessonCache؛ کش HMK1 + اعتبارسنجی تغییر","3","منبع CSV: catalog.json;server-map.json"
"ایمنی در فضای مجازی","آموزشگاه","amz-25","Bucket/Html-files/آموزشگاه/25-online-safety.html","https://c539776.parspack.net/Bucket/Html-files/%D8%A2%D9%85%D9%88%D8%B2%D8%B4%DA%AF%D8%A7%D9%87/25-online-safety.html","html","catalog.json ; server-map.json ; app-Parspack-upload-map.csv","yes","active","ایمنی در فضای مجازی","amz-25","https://c539776.parspack.net/Bucket/Html-files/%D8%A2%D9%85%D9%88%D8%B2%D8%B4%DA%AF%D8%A7%D9%87/25-online-safety.html","یکسان","HTML: LessonCache؛ کش HMK1 + اعتبارسنجی تغییر","3","منبع CSV: catalog.json;server-map.json"
"اخبار جعلی","آموزشگاه","amz-26","Bucket/Html-files/آموزشگاه/26-fake-news.html","https://c539776.parspack.net/Bucket/Html-files/%D8%A2%D9%85%D9%88%D8%B2%D8%B4%DA%AF%D8%A7%D9%87/26-fake-news.html","html","catalog.json ; server-map.json ; app-Parspack-upload-map.csv","yes","active","اخبار جعلی","amz-26","https://c539776.parspack.net/Bucket/Html-files/%D8%A2%D9%85%D9%88%D8%B2%D8%B4%DA%AF%D8%A7%D9%87/26-fake-news.html","یکسان","HTML: LessonCache؛ کش HMK1 + اعتبارسنجی تغییر","3","منبع CSV: catalog.json;server-map.json"
"کار تیمی","آموزشگاه","amz-27","Bucket/Html-files/آموزشگاه/27-teamwork.html","https://c539776.parspack.net/Bucket/Html-files/%D8%A2%D9%85%D9%88%D8%B2%D8%B4%DA%AF%D8%A7%D9%87/27-teamwork.html","html","catalog.json ; server-map.json ; app-Parspack-upload-map.csv","yes","active","کار تیمی","amz-27","https://c539776.parspack.net/Bucket/Html-files/%D8%A2%D9%85%D9%88%D8%B2%D8%B4%DA%AF%D8%A7%D9%87/27-teamwork.html","یکسان","HTML: LessonCache؛ کش HMK1 + اعتبارسنجی تغییر","3","منبع CSV: catalog.json;server-map.json"
"مدیریت اختلاف با دوستان","آموزشگاه","amz-28","Bucket/Html-files/آموزشگاه/28-conflict-with-friends.html","https://c539776.parspack.net/Bucket/Html-files/%D8%A2%D9%85%D9%88%D8%B2%D8%B4%DA%AF%D8%A7%D9%87/28-conflict-with-friends.html","html","catalog.json ; server-map.json ; app-Parspack-upload-map.csv","yes","active","مدیریت اختلاف با دوستان","amz-28","https://c539776.parspack.net/Bucket/Html-files/%D8%A2%D9%85%D9%88%D8%B2%D8%B4%DA%AF%D8%A7%D9%87/28-conflict-with-friends.html","یکسان","HTML: LessonCache؛ کش HMK1 + اعتبارسنجی تغییر","3","منبع CSV: catalog.json;server-map.json"
"هنر نه گفتن","آموزشگاه","amz-29","Bucket/Html-files/آموزشگاه/29-saying-no.html","https://c539776.parspack.net/Bucket/Html-files/%D8%A2%D9%85%D9%88%D8%B2%D8%B4%DA%AF%D8%A7%D9%87/29-saying-no.html","html","catalog.json ; server-map.json ; app-Parspack-upload-map.csv","yes","active","هنر نه گفتن","amz-29","https://c539776.parspack.net/Bucket/Html-files/%D8%A2%D9%85%D9%88%D8%B2%D8%B4%DA%AF%D8%A7%D9%87/29-saying-no.html","یکسان","HTML: LessonCache؛ کش HMK1 + اعتبارسنجی تغییر","3","منبع CSV: catalog.json;server-map.json"
"مدیریت بودجه","آموزشگاه","amz-30","Bucket/Html-files/آموزشگاه/30-budgeting.html","https://c539776.parspack.net/Bucket/Html-files/%D8%A2%D9%85%D9%88%D8%B2%D8%B4%DA%AF%D8%A7%D9%87/30-budgeting.html","html","catalog.json ; server-map.json ; app-Parspack-upload-map.csv","yes","active","مدیریت بودجه","amz-30","https://c539776.parspack.net/Bucket/Html-files/%D8%A2%D9%85%D9%88%D8%B2%D8%B4%DA%AF%D8%A7%D9%87/30-budgeting.html","یکسان","HTML: LessonCache؛ کش HMK1 + اعتبارسنجی تغییر","3","منبع CSV: catalog.json;server-map.json"
"نیاز در برابر خواسته","آموزشگاه","amz-31","Bucket/Html-files/آموزشگاه/31-needs-vs-wants.html","https://c539776.parspack.net/Bucket/Html-files/%D8%A2%D9%85%D9%88%D8%B2%D8%B4%DA%AF%D8%A7%D9%87/31-needs-vs-wants.html","html","catalog.json ; server-map.json ; app-Parspack-upload-map.csv","yes","active","نیاز در برابر خواسته","amz-31","https://c539776.parspack.net/Bucket/Html-files/%D8%A2%D9%85%D9%88%D8%B2%D8%B4%DA%AF%D8%A7%D9%87/31-needs-vs-wants.html","یکسان","HTML: LessonCache؛ کش HMK1 + اعتبارسنجی تغییر","3","منبع CSV: catalog.json;server-map.json"
"طوفان فکری","آموزشگاه","amz-32","Bucket/Html-files/آموزشگاه/32-brainstorming.html","https://c539776.parspack.net/Bucket/Html-files/%D8%A2%D9%85%D9%88%D8%B2%D8%B4%DA%AF%D8%A7%D9%87/32-brainstorming.html","html","catalog.json ; server-map.json ; app-Parspack-upload-map.csv","yes","active","طوفان فکری","amz-32","https://c539776.parspack.net/Bucket/Html-files/%D8%A2%D9%85%D9%88%D8%B2%D8%B4%DA%AF%D8%A7%D9%87/32-brainstorming.html","یکسان","HTML: LessonCache؛ کش HMK1 + اعتبارسنجی تغییر","3","منبع CSV: catalog.json;server-map.json"
"تفکر خلاق","آموزشگاه","amz-33","Bucket/Html-files/آموزشگاه/33-creative-thinking.html","https://c539776.parspack.net/Bucket/Html-files/%D8%A2%D9%85%D9%88%D8%B2%D8%B4%DA%AF%D8%A7%D9%87/33-creative-thinking.html","html","catalog.json ; server-map.json ; app-Parspack-upload-map.csv","yes","active","تفکر خلاق","amz-33","https://c539776.parspack.net/Bucket/Html-files/%D8%A2%D9%85%D9%88%D8%B2%D8%B4%DA%AF%D8%A7%D9%87/33-creative-thinking.html","یکسان","HTML: LessonCache؛ کش HMK1 + اعتبارسنجی تغییر","3","منبع CSV: catalog.json;server-map.json"
"تئوری موسیقی","آموزشگاه","amz-34","Bucket/Html-files/آموزشگاه/34-music-theory.html","https://c539776.parspack.net/Bucket/Html-files/%D8%A2%D9%85%D9%88%D8%B2%D8%B4%DA%AF%D8%A7%D9%87/34-music-theory.html","html","catalog.json ; server-map.json ; app-Parspack-upload-map.csv","yes","active","تئوری موسیقی","amz-34","https://c539776.parspack.net/Bucket/Html-files/%D8%A2%D9%85%D9%88%D8%B2%D8%B4%DA%AF%D8%A7%D9%87/34-music-theory.html","یکسان","HTML: LessonCache؛ کش HMK1 + اعتبارسنجی تغییر","3","منبع CSV: catalog.json;server-map.json"
"توصیه به دبیران","انگلیسی نهم","","Bucket/Pdf-files/G09/g9-english/g9-english-p02.pdf","https://c539776.parspack.net/Bucket/Pdf-files/G09/g9-english/g9-english-p02.pdf","pdf","books-menu.json:key","yes","بدون ردیف CSV","","","","","PDF: StudyPdfCache؛ ETag/اندازه/مقایسهٔ بایت‌ها","1","منو: انگلیسی نهم / توصیه به دبیران | در CSV فعلی upload-map ردیفی ندارد."
"تنفس آرام پیش از خواب","تمرینات تنفسی","bre-02","Bucket/Html-files/تمرینات تنفسی/تنفس آرام پیش از خواب.html","https://c539776.parspack.net/Bucket/Html-files/%D8%AA%D9%85%D8%B1%DB%8C%D9%86%D8%A7%D8%AA%20%D8%AA%D9%86%D9%81%D8%B3%DB%8C/%D8%AA%D9%86%D9%81%D8%B3%20%D8%A2%D8%B1%D8%A7%D9%85%20%D9%BE%DB%8C%D8%B4%20%D8%A7%D8%B2%20%D8%AE%D9%88%D8%A7%D8%A8.html","html","catalog.json ; server-map.json ; app-Parspack-upload-map.csv","yes","active","تنفس آرام پیش از خواب","bre-02","https://c539776.parspack.net/Bucket/Html-files/%D8%AA%D9%85%D8%B1%DB%8C%D9%86%D8%A7%D8%AA%20%D8%AA%D9%86%D9%81%D8%B3%DB%8C/%D8%AA%D9%86%D9%81%D8%B3%20%D8%A2%D8%B1%D8%A7%D9%85%20%D9%BE%DB%8C%D8%B4%20%D8%A7%D8%B2%20%D8%AE%D9%88%D8%A7%D8%A8.html","یکسان","HTML: LessonCache؛ کش HMK1 + اعتبارسنجی تغییر","3","منبع CSV: catalog.json;server-map.json"
"تنفس آرام هنگام قاعدگی","تمرینات تنفسی","bre-01","Bucket/Html-files/تمرینات تنفسی/تنفس آرام هنگام قاعدگی.html","https://c539776.parspack.net/Bucket/Html-files/%D8%AA%D9%85%D8%B1%DB%8C%D9%86%D8%A7%D8%AA%20%D8%AA%D9%86%D9%81%D8%B3%DB%8C/%D8%AA%D9%86%D9%81%D8%B3%20%D8%A2%D8%B1%D8%A7%D9%85%20%D9%87%D9%86%DA%AF%D8%A7%D9%85%20%D9%82%D8%A7%D8%B9%D8%AF%DA%AF%DB%8C.html","html","catalog.json ; server-map.json ; app-Parspack-upload-map.csv","yes","active","تنفس آرام هنگام قاعدگی","bre-01","https://c539776.parspack.net/Bucket/Html-files/%D8%AA%D9%85%D8%B1%DB%8C%D9%86%D8%A7%D8%AA%20%D8%AA%D9%86%D9%81%D8%B3%DB%8C/%D8%AA%D9%86%D9%81%D8%B3%20%D8%A2%D8%B1%D8%A7%D9%85%20%D9%87%D9%86%DA%AF%D8%A7%D9%85%20%D9%82%D8%A7%D8%B9%D8%AF%DA%AF%DB%8C.html","یکسان","HTML: LessonCache؛ کش HMK1 + اعتبارسنجی تغییر","3","منبع CSV: catalog.json;server-map.json"
"تنفس بینی متناوب","تمرینات تنفسی","bre-03","Bucket/Html-files/تمرینات تنفسی/تنفس بینی متناوب.html","https://c539776.parspack.net/Bucket/Html-files/%D8%AA%D9%85%D8%B1%DB%8C%D9%86%D8%A7%D8%AA%20%D8%AA%D9%86%D9%81%D8%B3%DB%8C/%D8%AA%D9%86%D9%81%D8%B3%20%D8%A8%DB%8C%D9%86%DB%8C%20%D9%85%D8%AA%D9%86%D8%A7%D9%88%D8%A8.html","html","catalog.json ; server-map.json ; app-Parspack-upload-map.csv","yes","active","تنفس بینی متناوب","bre-03","https://c539776.parspack.net/Bucket/Html-files/%D8%AA%D9%85%D8%B1%DB%8C%D9%86%D8%A7%D8%AA%20%D8%AA%D9%86%D9%81%D8%B3%DB%8C/%D8%AA%D9%86%D9%81%D8%B3%20%D8%A8%DB%8C%D9%86%DB%8C%20%D9%85%D8%AA%D9%86%D8%A7%D9%88%D8%A8.html","یکسان","HTML: LessonCache؛ کش HMK1 + اعتبارسنجی تغییر","3","منبع CSV: catalog.json;server-map.json"
"تنفس راحت","تمرینات تنفسی","bre-04","Bucket/Html-files/تمرینات تنفسی/تنفس راحت.html","https://c539776.parspack.net/Bucket/Html-files/%D8%AA%D9%85%D8%B1%DB%8C%D9%86%D8%A7%D8%AA%20%D8%AA%D9%86%D9%81%D8%B3%DB%8C/%D8%AA%D9%86%D9%81%D8%B3%20%D8%B1%D8%A7%D8%AD%D8%AA.html","html","catalog.json ; server-map.json ; app-Parspack-upload-map.csv","yes","active","تنفس راحت","bre-04","https://c539776.parspack.net/Bucket/Html-files/%D8%AA%D9%85%D8%B1%DB%8C%D9%86%D8%A7%D8%AA%20%D8%AA%D9%86%D9%81%D8%B3%DB%8C/%D8%AA%D9%86%D9%81%D8%B3%20%D8%B1%D8%A7%D8%AD%D8%AA.html","یکسان","HTML: LessonCache؛ کش HMK1 + اعتبارسنجی تغییر","3","منبع CSV: catalog.json;server-map.json"
"تنفس شکمی","تمرینات تنفسی","bre-06","Bucket/Html-files/تمرینات تنفسی/تنفس شکمی.html","https://c539776.parspack.net/Bucket/Html-files/%D8%AA%D9%85%D8%B1%DB%8C%D9%86%D8%A7%D8%AA%20%D8%AA%D9%86%D9%81%D8%B3%DB%8C/%D8%AA%D9%86%D9%81%D8%B3%20%D8%B4%DA%A9%D9%85%DB%8C.html","html","catalog.json ; server-map.json ; app-Parspack-upload-map.csv","yes","active","تنفس شکمی","bre-06","https://c539776.parspack.net/Bucket/Html-files/%D8%AA%D9%85%D8%B1%DB%8C%D9%86%D8%A7%D8%AA%20%D8%AA%D9%86%D9%81%D8%B3%DB%8C/%D8%AA%D9%86%D9%81%D8%B3%20%D8%B4%DA%A9%D9%85%DB%8C.html","یکسان","HTML: LessonCache؛ کش HMK1 + اعتبارسنجی تغییر","3","منبع CSV: catalog.json;server-map.json"
"تنفس شمارشی پیش از امتحان","تمرینات تنفسی","bre-05","Bucket/Html-files/تمرینات تنفسی/تنفس شمارشی پیش از امتحان.html","https://c539776.parspack.net/Bucket/Html-files/%D8%AA%D9%85%D8%B1%DB%8C%D9%86%D8%A7%D8%AA%20%D8%AA%D9%86%D9%81%D8%B3%DB%8C/%D8%AA%D9%86%D9%81%D8%B3%20%D8%B4%D9%85%D8%A7%D8%B1%D8%B4%DB%8C%20%D9%BE%DB%8C%D8%B4%20%D8%A7%D8%B2%20%D8%A7%D9%85%D8%AA%D8%AD%D8%A7%D9%86.html","html","catalog.json ; server-map.json ; app-Parspack-upload-map.csv","yes","active","تنفس شمارشی پیش از امتحان","bre-05","https://c539776.parspack.net/Bucket/Html-files/%D8%AA%D9%85%D8%B1%DB%8C%D9%86%D8%A7%D8%AA%20%D8%AA%D9%86%D9%81%D8%B3%DB%8C/%D8%AA%D9%86%D9%81%D8%B3%20%D8%B4%D9%85%D8%A7%D8%B1%D8%B4%DB%8C%20%D9%BE%DB%8C%D8%B4%20%D8%A7%D8%B2%20%D8%A7%D9%85%D8%AA%D8%AD%D8%A7%D9%86.html","یکسان","HTML: LessonCache؛ کش HMK1 + اعتبارسنجی تغییر","3","منبع CSV: catalog.json;server-map.json"
"تنفس شیر ملایم","تمرینات تنفسی","bre-07","Bucket/Html-files/تمرینات تنفسی/تنفس شیر ملایم.html","https://c539776.parspack.net/Bucket/Html-files/%D8%AA%D9%85%D8%B1%DB%8C%D9%86%D8%A7%D8%AA%20%D8%AA%D9%86%D9%81%D8%B3%DB%8C/%D8%AA%D9%86%D9%81%D8%B3%20%D8%B4%DB%8C%D8%B1%20%D9%85%D9%84%D8%A7%DB%8C%D9%85.html","html","catalog.json ; server-map.json ; app-Parspack-upload-map.csv","yes","active","تنفس شیر ملایم","bre-07","https://c539776.parspack.net/Bucket/Html-files/%D8%AA%D9%85%D8%B1%DB%8C%D9%86%D8%A7%D8%AA%20%D8%AA%D9%86%D9%81%D8%B3%DB%8C/%D8%AA%D9%86%D9%81%D8%B3%20%D8%B4%DB%8C%D8%B1%20%D9%85%D9%84%D8%A7%DB%8C%D9%85.html","یکسان","HTML: LessonCache؛ کش HMK1 + اعتبارسنجی تغییر","3","منبع CSV: catalog.json;server-map.json"
"یک دقیقه توجه به نفس","تمرینات تنفسی","bre-08","Bucket/Html-files/تمرینات تنفسی/یک دقیقه توجه به نفس.html","https://c539776.parspack.net/Bucket/Html-files/%D8%AA%D9%85%D8%B1%DB%8C%D9%86%D8%A7%D8%AA%20%D8%AA%D9%86%D9%81%D8%B3%DB%8C/%DB%8C%DA%A9%20%D8%AF%D9%82%DB%8C%D9%82%D9%87%20%D8%AA%D9%88%D8%AC%D9%87%20%D8%A8%D9%87%20%D9%86%D9%81%D8%B3.html","html","catalog.json ; server-map.json ; app-Parspack-upload-map.csv","yes","active","یک دقیقه توجه به نفس","bre-08","https://c539776.parspack.net/Bucket/Html-files/%D8%AA%D9%85%D8%B1%DB%8C%D9%86%D8%A7%D8%AA%20%D8%AA%D9%86%D9%81%D8%B3%DB%8C/%DB%8C%DA%A9%20%D8%AF%D9%82%DB%8C%D9%82%D9%87%20%D8%AA%D9%88%D8%AC%D9%87%20%D8%A8%D9%87%20%D9%86%D9%81%D8%B3.html","یکسان","HTML: LessonCache؛ کش HMK1 + اعتبارسنجی تغییر","3","منبع CSV: catalog.json;server-map.json"
"CASIO fx-991CW ClassWiz","جعبه ابزار ریاضی","tool-casio991.html","Bucket/Html-files/جعبه ابزار های ریاضی/CASIO fx-991CW ClassWiz.html","https://c539776.parspack.net/Bucket/Html-files/%D8%AC%D8%B9%D8%A8%D9%87%20%D8%A7%D8%A8%D8%B2%D8%A7%D8%B1%20%D9%87%D8%A7%DB%8C%20%D8%B1%DB%8C%D8%A7%D8%B6%DB%8C/CASIO%20fx-991CW%20ClassWiz.html","html","catalog.json ; server-map.json ; app-Parspack-upload-map.csv","yes","active","CASIO fx-991CW ClassWiz","tool-casio991.html","https://c539776.parspack.net/Bucket/Html-files/%D8%AC%D8%B9%D8%A8%D9%87%20%D8%A7%D8%A8%D8%B2%D8%A7%D8%B1%20%D9%87%D8%A7%DB%8C%20%D8%B1%DB%8C%D8%A7%D8%B6%DB%8C/CASIO%20fx-991CW%20ClassWiz.html","یکسان","HTML: LessonCache؛ کش HMK1 + اعتبارسنجی تغییر","3","منبع CSV: catalog.json;server-map.json"
"TI-Nspire CX II-T CAS","جعبه ابزار ریاضی","tool-ti-nspire.html","Bucket/Html-files/جعبه ابزار های ریاضی/TI-Nspire CX II-T CAS .html","https://c539776.parspack.net/Bucket/Html-files/%D8%AC%D8%B9%D8%A8%D9%87%20%D8%A7%D8%A8%D8%B2%D8%A7%D8%B1%20%D9%87%D8%A7%DB%8C%20%D8%B1%DB%8C%D8%A7%D8%B6%DB%8C/TI-Nspire%20CX%20II-T%20CAS%20.html","html","catalog.json ; server-map.json ; app-Parspack-upload-map.csv","yes","active","TI-Nspire CX II-T CAS","tool-ti-nspire.html","https://c539776.parspack.net/Bucket/Html-files/%D8%AC%D8%B9%D8%A8%D9%87%20%D8%A7%D8%A8%D8%B2%D8%A7%D8%B1%20%D9%87%D8%A7%DB%8C%20%D8%B1%DB%8C%D8%A7%D8%B6%DB%8C/TI-Nspire%20CX%20II-T%20CAS%20.html","یکسان","HTML: LessonCache؛ کش HMK1 + اعتبارسنجی تغییر","3","منبع CSV: catalog.json;server-map.json"
"تقویم","جعبه ابزار عمومی","tool-calendar.html","Bucket/Html-files/جعبه ابزار های عمومی/تقویم.html","https://c539776.parspack.net/Bucket/Html-files/%D8%AC%D8%B9%D8%A8%D9%87%20%D8%A7%D8%A8%D8%B2%D8%A7%D8%B1%20%D9%87%D8%A7%DB%8C%20%D8%B9%D9%85%D9%88%D9%85%DB%8C/%D8%AA%D9%82%D9%88%DB%8C%D9%85.html","html","catalog.json ; server-map.json ; app-Parspack-upload-map.csv","yes","active","تقویم","tool-calendar.html","https://c539776.parspack.net/Bucket/Html-files/%D8%AC%D8%B9%D8%A8%D9%87%20%D8%A7%D8%A8%D8%B2%D8%A7%D8%B1%20%D9%87%D8%A7%DB%8C%20%D8%B9%D9%85%D9%88%D9%85%DB%8C/%D8%AA%D9%82%D9%88%DB%8C%D9%85.html","یکسان","HTML: LessonCache؛ کش HMK1 + اعتبارسنجی تغییر","3","منبع CSV: catalog.json;server-map.json"
"مبدل همه‌کاره مهندسی","جعبه ابزار عمومی","tool-converter.html","Bucket/Html-files/جعبه ابزار های عمومی/مبدل همه‌کاره مهندسی.html","https://c539776.parspack.net/Bucket/Html-files/%D8%AC%D8%B9%D8%A8%D9%87%20%D8%A7%D8%A8%D8%B2%D8%A7%D8%B1%20%D9%87%D8%A7%DB%8C%20%D8%B9%D9%85%D9%88%D9%85%DB%8C/%D9%85%D8%A8%D8%AF%D9%84%20%D9%87%D9%85%D9%87%E2%80%8C%DA%A9%D8%A7%D8%B1%D9%87%20%D9%85%D9%87%D9%86%D8%AF%D8%B3%DB%8C.html","html","catalog.json ; server-map.json ; app-Parspack-upload-map.csv","yes","active","مبدل همه‌کاره مهندسی","tool-converter.html","https://c539776.parspack.net/Bucket/Html-files/%D8%AC%D8%B9%D8%A8%D9%87%20%D8%A7%D8%A8%D8%B2%D8%A7%D8%B1%20%D9%87%D8%A7%DB%8C%20%D8%B9%D9%85%D9%88%D9%85%DB%8C/%D9%85%D8%A8%D8%AF%D9%84%20%D9%87%D9%85%D9%87%E2%80%8C%DA%A9%D8%A7%D8%B1%D9%87%20%D9%85%D9%87%D9%86%D8%AF%D8%B3%DB%8C.html","یکسان","HTML: LessonCache؛ کش HMK1 + اعتبارسنجی تغییر","3","منبع CSV: catalog.json;server-map.json"
"DJ-120D Plus","جعبه ابزار عمومی","tool-dj120d.html","Bucket/Html-files/جعبه ابزار های عمومی/DJ-120D Plus.html","https://c539776.parspack.net/Bucket/Html-files/%D8%AC%D8%B9%D8%A8%D9%87%20%D8%A7%D8%A8%D8%B2%D8%A7%D8%B1%20%D9%87%D8%A7%DB%8C%20%D8%B9%D9%85%D9%88%D9%85%DB%8C/DJ-120D%20Plus.html","html","catalog.json ; server-map.json ; app-Parspack-upload-map.csv","yes","active","DJ-120D Plus","tool-dj120d.html","https://c539776.parspack.net/Bucket/Html-files/%D8%AC%D8%B9%D8%A8%D9%87%20%D8%A7%D8%A8%D8%B2%D8%A7%D8%B1%20%D9%87%D8%A7%DB%8C%20%D8%B9%D9%85%D9%88%D9%85%DB%8C/DJ-120D%20Plus.html","یکسان","HTML: LessonCache؛ کش HMK1 + اعتبارسنجی تغییر","3","منبع CSV: catalog.json;server-map.json"
"اسکوات آرام","حرکات ورزشی","spo-01","Bucket/Html-files/اسکوات آرام.html","https://c539776.parspack.net/Bucket/Html-files/%D8%A7%D8%B3%DA%A9%D9%88%D8%A7%D8%AA%20%D8%A2%D8%B1%D8%A7%D9%85.html","html","catalog.json ; server-map.json ; app-Parspack-upload-map.csv","yes","active","اسکوات آرام","spo-01","https://c539776.parspack.net/Bucket/Html-files/%D8%A7%D8%B3%DA%A9%D9%88%D8%A7%D8%AA%20%D8%A2%D8%B1%D8%A7%D9%85.html","یکسان","HTML: LessonCache؛ کش HMK1 + اعتبارسنجی تغییر","3","منبع CSV: catalog.json;server-map.json"
"بالا بردن پاشنه‌ها","حرکات ورزشی","spo-02","Bucket/Html-files/بالا بردن پاشنه‌ها.html","https://c539776.parspack.net/Bucket/Html-files/%D8%A8%D8%A7%D9%84%D8%A7%20%D8%A8%D8%B1%D8%AF%D9%86%20%D9%BE%D8%A7%D8%B4%D9%86%D9%87%E2%80%8C%D9%87%D8%A7.html","html","catalog.json ; server-map.json ; app-Parspack-upload-map.csv","yes","active","بالا بردن پاشنه‌ها","spo-02","https://c539776.parspack.net/Bucket/Html-files/%D8%A8%D8%A7%D9%84%D8%A7%20%D8%A8%D8%B1%D8%AF%D9%86%20%D9%BE%D8%A7%D8%B4%D9%86%D9%87%E2%80%8C%D9%87%D8%A7.html","یکسان","HTML: LessonCache؛ کش HMK1 + اعتبارسنجی تغییر","3","منبع CSV: catalog.json;server-map.json"
"پلانک روی زانو","حرکات ورزشی","spo-06","Bucket/Html-files/پلانک روی زانو.html","https://c539776.parspack.net/Bucket/Html-files/%D9%BE%D9%84%D8%A7%D9%86%DA%A9%20%D8%B1%D9%88%DB%8C%20%D8%B2%D8%A7%D9%86%D9%88.html","html","catalog.json ; server-map.json ; app-Parspack-upload-map.csv","yes","active","پلانک روی زانو","spo-06","https://c539776.parspack.net/Bucket/Html-files/%D9%BE%D9%84%D8%A7%D9%86%DA%A9%20%D8%B1%D9%88%DB%8C%20%D8%B2%D8%A7%D9%86%D9%88.html","یکسان","HTML: LessonCache؛ کش HMK1 + اعتبارسنجی تغییر","3","منبع CSV: catalog.json;server-map.json"
"جامپینگ‌جک بدون پرش","حرکات ورزشی","spo-03","Bucket/Html-files/جامپینگ‌جک بدون پرش.html","https://c539776.parspack.net/Bucket/Html-files/%D8%AC%D8%A7%D9%85%D9%BE%DB%8C%D9%86%DA%AF%E2%80%8C%D8%AC%DA%A9%20%D8%A8%D8%AF%D9%88%D9%86%20%D9%BE%D8%B1%D8%B4.html","html","catalog.json ; server-map.json ; app-Parspack-upload-map.csv","yes","active","جامپینگ‌جک بدون پرش","spo-03","https://c539776.parspack.net/Bucket/Html-files/%D8%AC%D8%A7%D9%85%D9%BE%DB%8C%D9%86%DA%AF%E2%80%8C%D8%AC%DA%A9%20%D8%A8%D8%AF%D9%88%D9%86%20%D9%BE%D8%B1%D8%B4.html","یکسان","HTML: LessonCache؛ کش HMK1 + اعتبارسنجی تغییر","3","منبع CSV: catalog.json;server-map.json"
"چرخش کوچک تنه","حرکات ورزشی","spo-08","Bucket/Html-files/چرخش کوچک تنه.html","https://c539776.parspack.net/Bucket/Html-files/%DA%86%D8%B1%D8%AE%D8%B4%20%DA%A9%D9%88%DA%86%DA%A9%20%D8%AA%D9%86%D9%87.html","html","catalog.json ; server-map.json ; app-Parspack-upload-map.csv","yes","active","چرخش کوچک تنه","spo-08","https://c539776.parspack.net/Bucket/Html-files/%DA%86%D8%B1%D8%AE%D8%B4%20%DA%A9%D9%88%DA%86%DA%A9%20%D8%AA%D9%86%D9%87.html","یکسان","HTML: LessonCache؛ کش HMK1 + اعتبارسنجی تغییر","3","منبع CSV: catalog.json;server-map.json"
"چرخش مچ دست و پا","حرکات ورزشی","spo-07","Bucket/Html-files/چرخش مچ دست و پا.html","https://c539776.parspack.net/Bucket/Html-files/%DA%86%D8%B1%D8%AE%D8%B4%20%D9%85%DA%86%20%D8%AF%D8%B3%D8%AA%20%D9%88%20%D9%BE%D8%A7.html","html","catalog.json ; server-map.json ; app-Parspack-upload-map.csv","yes","active","چرخش مچ دست و پا","spo-07","https://c539776.parspack.net/Bucket/Html-files/%DA%86%D8%B1%D8%AE%D8%B4%20%D9%85%DA%86%20%D8%AF%D8%B3%D8%AA%20%D9%88%20%D9%BE%D8%A7.html","یکسان","HTML: LessonCache؛ کش HMK1 + اعتبارسنجی تغییر","3","منبع CSV: catalog.json;server-map.json"
"سوپرمنِ دست‌وپای مخالف","حرکات ورزشی","spo-04","Bucket/Html-files/سوپرمنِ دست‌وپای مخالف.html","https://c539776.parspack.net/Bucket/Html-files/%D8%B3%D9%88%D9%BE%D8%B1%D9%85%D9%86%D9%90%20%D8%AF%D8%B3%D8%AA%E2%80%8C%D9%88%D9%BE%D8%A7%DB%8C%20%D9%85%D8%AE%D8%A7%D9%84%D9%81.html","html","catalog.json ; server-map.json ; app-Parspack-upload-map.csv","yes","active","سوپرمنِ دست‌وپای مخالف","spo-04","https://c539776.parspack.net/Bucket/Html-files/%D8%B3%D9%88%D9%BE%D8%B1%D9%85%D9%86%D9%90%20%D8%AF%D8%B3%D8%AA%E2%80%8C%D9%88%D9%BE%D8%A7%DB%8C%20%D9%85%D8%AE%D8%A7%D9%84%D9%81.html","یکسان","HTML: LessonCache؛ کش HMK1 + اعتبارسنجی تغییر","3","منبع CSV: catalog.json;server-map.json"
"کرانچ ملایم","حرکات ورزشی","spo-09","Bucket/Html-files/کرانچ ملایم.html","https://c539776.parspack.net/Bucket/Html-files/%DA%A9%D8%B1%D8%A7%D9%86%DA%86%20%D9%85%D9%84%D8%A7%DB%8C%D9%85.html","html","catalog.json ; server-map.json ; app-Parspack-upload-map.csv","yes","active","کرانچ ملایم","spo-09","https://c539776.parspack.net/Bucket/Html-files/%DA%A9%D8%B1%D8%A7%D9%86%DA%86%20%D9%85%D9%84%D8%A7%DB%8C%D9%85.html","یکسان","HTML: LessonCache؛ کش HMK1 + اعتبارسنجی تغییر","3","منبع CSV: catalog.json;server-map.json"
"کشش پروانه","حرکات ورزشی","spo-15","Bucket/Html-files/کشش پروانه.html","https://c539776.parspack.net/Bucket/Html-files/%DA%A9%D8%B4%D8%B4%20%D9%BE%D8%B1%D9%88%D8%A7%D9%86%D9%87.html","html","catalog.json ; server-map.json ; app-Parspack-upload-map.csv","yes","active","کشش پروانه","spo-15","https://c539776.parspack.net/Bucket/Html-files/%DA%A9%D8%B4%D8%B4%20%D9%BE%D8%B1%D9%88%D8%A7%D9%86%D9%87.html","یکسان","HTML: LessonCache؛ کش HMK1 + اعتبارسنجی تغییر","3","منبع CSV: catalog.json;server-map.json"
"کشش ساق به دیوار","حرکات ورزشی","spo-10","Bucket/Html-files/کشش ساق به دیوار.html","https://c539776.parspack.net/Bucket/Html-files/%DA%A9%D8%B4%D8%B4%20%D8%B3%D8%A7%D9%82%20%D8%A8%D9%87%20%D8%AF%DB%8C%D9%88%D8%A7%D8%B1.html","html","catalog.json ; server-map.json ; app-Parspack-upload-map.csv","yes","active","کشش ساق به دیوار","spo-10","https://c539776.parspack.net/Bucket/Html-files/%DA%A9%D8%B4%D8%B4%20%D8%B3%D8%A7%D9%82%20%D8%A8%D9%87%20%D8%AF%DB%8C%D9%88%D8%A7%D8%B1.html","یکسان","HTML: LessonCache؛ کش HMK1 + اعتبارسنجی تغییر","3","منبع CSV: catalog.json;server-map.json"
"کشش شانهٔ ضربدری","حرکات ورزشی","spo-11","Bucket/Html-files/کشش شانهٔ ضربدری.html","https://c539776.parspack.net/Bucket/Html-files/%DA%A9%D8%B4%D8%B4%20%D8%B4%D8%A7%D9%86%D9%87%D9%94%20%D8%B6%D8%B1%D8%A8%D8%AF%D8%B1%DB%8C.html","html","catalog.json ; server-map.json ; app-Parspack-upload-map.csv","yes","active","کشش شانهٔ ضربدری","spo-11","https://c539776.parspack.net/Bucket/Html-files/%DA%A9%D8%B4%D8%B4%20%D8%B4%D8%A7%D9%86%D9%87%D9%94%20%D8%B6%D8%B1%D8%A8%D8%AF%D8%B1%DB%8C.html","یکسان","HTML: LessonCache؛ کش HMK1 + اعتبارسنجی تغییر","3","منبع CSV: catalog.json;server-map.json"
"کشش مچ و ساعد","حرکات ورزشی","spo-13","Bucket/Html-files/کشش مچ و ساعد.html","https://c539776.parspack.net/Bucket/Html-files/%DA%A9%D8%B4%D8%B4%20%D9%85%DA%86%20%D9%88%20%D8%B3%D8%A7%D8%B9%D8%AF.html","html","catalog.json ; server-map.json ; app-Parspack-upload-map.csv","yes","active","کشش مچ و ساعد","spo-13","https://c539776.parspack.net/Bucket/Html-files/%DA%A9%D8%B4%D8%B4%20%D9%85%DA%86%20%D9%88%20%D8%B3%D8%A7%D8%B9%D8%AF.html","یکسان","HTML: LessonCache؛ کش HMK1 + اعتبارسنجی تغییر","3","منبع CSV: catalog.json;server-map.json"
"کشش ملایم گردن","حرکات ورزشی","spo-12","Bucket/Html-files/کشش ملایم گردن.html","https://c539776.parspack.net/Bucket/Html-files/%DA%A9%D8%B4%D8%B4%20%D9%85%D9%84%D8%A7%DB%8C%D9%85%20%DA%AF%D8%B1%D8%AF%D9%86.html","html","catalog.json ; server-map.json ; app-Parspack-upload-map.csv","yes","active","کشش ملایم گردن","spo-12","https://c539776.parspack.net/Bucket/Html-files/%DA%A9%D8%B4%D8%B4%20%D9%85%D9%84%D8%A7%DB%8C%D9%85%20%DA%AF%D8%B1%D8%AF%D9%86.html","یکسان","HTML: LessonCache؛ کش HMK1 + اعتبارسنجی تغییر","3","منبع CSV: catalog.json;server-map.json"
"کشش همسترینگ نشسته","حرکات ورزشی","spo-14","Bucket/Html-files/کشش همسترینگ نشسته.html","https://c539776.parspack.net/Bucket/Html-files/%DA%A9%D8%B4%D8%B4%20%D9%87%D9%85%D8%B3%D8%AA%D8%B1%DB%8C%D9%86%DA%AF%20%D9%86%D8%B4%D8%B3%D8%AA%D9%87.html","html","catalog.json ; server-map.json ; app-Parspack-upload-map.csv","yes","active","کشش همسترینگ نشسته","spo-14","https://c539776.parspack.net/Bucket/Html-files/%DA%A9%D8%B4%D8%B4%20%D9%87%D9%85%D8%B3%D8%AA%D8%B1%DB%8C%D9%86%DA%AF%20%D9%86%D8%B4%D8%B3%D8%AA%D9%87.html","یکسان","HTML: LessonCache؛ کش HMK1 + اعتبارسنجی تغییر","3","منبع CSV: catalog.json;server-map.json"
"لانگز آرام","حرکات ورزشی","spo-05","Bucket/Html-files/لانگز آرام.html","https://c539776.parspack.net/Bucket/Html-files/%D9%84%D8%A7%D9%86%DA%AF%D8%B2%20%D8%A2%D8%B1%D8%A7%D9%85.html","html","catalog.json ; server-map.json ; app-Parspack-upload-map.csv","yes","active","لانگز آرام","spo-05","https://c539776.parspack.net/Bucket/Html-files/%D9%84%D8%A7%D9%86%DA%AF%D8%B2%20%D8%A2%D8%B1%D8%A7%D9%85.html","یکسان","HTML: LessonCache؛ کش HMK1 + اعتبارسنجی تغییر","3","منبع CSV: catalog.json;server-map.json"
"زال و سیمرغ","داستان‌ها","story-1012-boy-01","Bucket/Html-files/app/stories/grade-10-12/boys/01-zal-and-simurgh.html","https://c539776.parspack.net/Bucket/Html-files/app/stories/grade-10-12/boys/01-zal-and-simurgh.html","html","app-content.tsv ; app-Parspack-upload-map.csv","yes","active","زال و سیمرغ","story-1012-boy-01","https://c539776.parspack.net/Bucket/Html-files/app/stories/grade-10-12/boys/01-zal-and-simurgh.html","یکسان","HTML: LessonCache؛ کش HMK1 + اعتبارسنجی تغییر","2","≈ ۲۵–۳۰ دقیقه"
"رستم و سهراب","داستان‌ها","story-1012-boy-02","Bucket/Html-files/app/stories/grade-10-12/boys/02-rostam-and-sohrab.html","https://c539776.parspack.net/Bucket/Html-files/app/stories/grade-10-12/boys/02-rostam-and-sohrab.html","html","app-content.tsv ; app-Parspack-upload-map.csv","yes","active","رستم و سهراب","story-1012-boy-02","https://c539776.parspack.net/Bucket/Html-files/app/stories/grade-10-12/boys/02-rostam-and-sohrab.html","یکسان","HTML: LessonCache؛ کش HMK1 + اعتبارسنجی تغییر","2","≈ ۲۸–۳۴ دقیقه"
"سیاوش","داستان‌ها","story-1012-boy-03","Bucket/Html-files/app/stories/grade-10-12/boys/03-siavash.html","https://c539776.parspack.net/Bucket/Html-files/app/stories/grade-10-12/boys/03-siavash.html","html","app-content.tsv ; app-Parspack-upload-map.csv","yes","active","سیاوش","story-1012-boy-03","https://c539776.parspack.net/Bucket/Html-files/app/stories/grade-10-12/boys/03-siavash.html","یکسان","HTML: LessonCache؛ کش HMK1 + اعتبارسنجی تغییر","2","≈ ۲۸–۳۴ دقیقه"
"اسفندیار","داستان‌ها","story-1012-boy-04","Bucket/Html-files/app/stories/grade-10-12/boys/04-esfandiar.html","https://c539776.parspack.net/Bucket/Html-files/app/stories/grade-10-12/boys/04-esfandiar.html","html","app-content.tsv ; app-Parspack-upload-map.csv","yes","active","اسفندیار","story-1012-boy-04","https://c539776.parspack.net/Bucket/Html-files/app/stories/grade-10-12/boys/04-esfandiar.html","یکسان","HTML: LessonCache؛ کش HMK1 + اعتبارسنجی تغییر","2","≈ ۲۹–۳۵ دقیقه"
"آرش کمانگیر","داستان‌ها","story-1012-boy-05","Bucket/Html-files/app/stories/grade-10-12/boys/05-arash-the-archer.html","https://c539776.parspack.net/Bucket/Html-files/app/stories/grade-10-12/boys/05-arash-the-archer.html","html","app-content.tsv ; app-Parspack-upload-map.csv","yes","active","آرش کمانگیر","story-1012-boy-05","https://c539776.parspack.net/Bucket/Html-files/app/stories/grade-10-12/boys/05-arash-the-archer.html","یکسان","HTML: LessonCache؛ کش HMK1 + اعتبارسنجی تغییر","2","≈ ۲۳–۲۷ دقیقه"
"جمشید","داستان‌ها","story-1012-boy-06","Bucket/Html-files/app/stories/grade-10-12/boys/06-jamshid.html","https://c539776.parspack.net/Bucket/Html-files/app/stories/grade-10-12/boys/06-jamshid.html","html","app-content.tsv ; app-Parspack-upload-map.csv","yes","active","جمشید","story-1012-boy-06","https://c539776.parspack.net/Bucket/Html-files/app/stories/grade-10-12/boys/06-jamshid.html","یکسان","HTML: LessonCache؛ کش HMK1 + اعتبارسنجی تغییر","2","≈ ۲۶–۳۱ دقیقه"
"کیخسرو","داستان‌ها","story-1012-boy-07","Bucket/Html-files/app/stories/grade-10-12/boys/07-kay-khosrow.html","https://c539776.parspack.net/Bucket/Html-files/app/stories/grade-10-12/boys/07-kay-khosrow.html","html","app-content.tsv ; app-Parspack-upload-map.csv","yes","active","کیخسرو","story-1012-boy-07","https://c539776.parspack.net/Bucket/Html-files/app/stories/grade-10-12/boys/07-kay-khosrow.html","یکسان","HTML: LessonCache؛ کش HMK1 + اعتبارسنجی تغییر","2","≈ ۲۹–۳۵ دقیقه"
"سام و اژدها","داستان‌ها","story-1012-boy-08","Bucket/Html-files/app/stories/grade-10-12/boys/08-sam-and-the-dragon.html","https://c539776.parspack.net/Bucket/Html-files/app/stories/grade-10-12/boys/08-sam-and-the-dragon.html","html","app-content.tsv ; app-Parspack-upload-map.csv","yes","active","سام و اژدها","story-1012-boy-08","https://c539776.parspack.net/Bucket/Html-files/app/stories/grade-10-12/boys/08-sam-and-the-dragon.html","یکسان","HTML: LessonCache؛ کش HMK1 + اعتبارسنجی تغییر","2","≈ ۲۵–۳۰ دقیقه"
"گودرز و گیو","داستان‌ها","story-1012-boy-09","Bucket/Html-files/app/stories/grade-10-12/boys/09-goudarz-and-giv.html","https://c539776.parspack.net/Bucket/Html-files/app/stories/grade-10-12/boys/09-goudarz-and-giv.html","html","app-content.tsv ; app-Parspack-upload-map.csv","yes","active","گودرز و گیو","story-1012-boy-09","https://c539776.parspack.net/Bucket/Html-files/app/stories/grade-10-12/boys/09-goudarz-and-giv.html","یکسان","HTML: LessonCache؛ کش HMK1 + اعتبارسنجی تغییر","2","≈ ۲۷–۳۲ دقیقه"
"بیژن و منیژه","داستان‌ها","story-1012-boy-10","Bucket/Html-files/app/stories/grade-10-12/boys/10-bijan-and-manijeh.html","https://c539776.parspack.net/Bucket/Html-files/app/stories/grade-10-12/boys/10-bijan-and-manijeh.html","html","app-content.tsv ; app-Parspack-upload-map.csv","yes","active","بیژن و منیژه","story-1012-boy-10","https://c539776.parspack.net/Bucket/Html-files/app/stories/grade-10-12/boys/10-bijan-and-manijeh.html","یکسان","HTML: LessonCache؛ کش HMK1 + اعتبارسنجی تغییر","2","≈ ۲۹–۳۵ دقیقه"
"غرور و تعصب","داستان‌ها","story-1012-girl-01","Bucket/Html-files/app/stories/grade-10-12/girls/01-pride-and-prejudice.html","https://c539776.parspack.net/Bucket/Html-files/app/stories/grade-10-12/girls/01-pride-and-prejudice.html","html","app-content.tsv ; app-Parspack-upload-map.csv","yes","active","غرور و تعصب","story-1012-girl-01","https://c539776.parspack.net/Bucket/Html-files/app/stories/grade-10-12/girls/01-pride-and-prejudice.html","یکسان","HTML: LessonCache؛ کش HMK1 + اعتبارسنجی تغییر","2","≈ ۳۲–۳۸ دقیقه"
"اما","داستان‌ها","story-1012-girl-02","Bucket/Html-files/app/stories/grade-10-12/girls/02-emma.html","https://c539776.parspack.net/Bucket/Html-files/app/stories/grade-10-12/girls/02-emma.html","html","app-content.tsv ; app-Parspack-upload-map.csv","yes","active","اما","story-1012-girl-02","https://c539776.parspack.net/Bucket/Html-files/app/stories/grade-10-12/girls/02-emma.html","یکسان","HTML: LessonCache؛ کش HMK1 + اعتبارسنجی تغییر","2","≈ ۳۲–۳۸ دقیقه"
"زنان کوچک","داستان‌ها","story-1012-girl-03","Bucket/Html-files/app/stories/grade-10-12/girls/03-little-women.html","https://c539776.parspack.net/Bucket/Html-files/app/stories/grade-10-12/girls/03-little-women.html","html","app-content.tsv ; app-Parspack-upload-map.csv","yes","active","زنان کوچک","story-1012-girl-03","https://c539776.parspack.net/Bucket/Html-files/app/stories/grade-10-12/girls/03-little-women.html","یکسان","HTML: LessonCache؛ کش HMK1 + اعتبارسنجی تغییر","2","≈ ۳۱–۳۷ دقیقه"
"جین ایر","داستان‌ها","story-1012-girl-04","Bucket/Html-files/app/stories/grade-10-12/girls/04-jane-eyre.html","https://c539776.parspack.net/Bucket/Html-files/app/stories/grade-10-12/girls/04-jane-eyre.html","html","app-content.tsv ; app-Parspack-upload-map.csv","yes","active","جین ایر","story-1012-girl-04","https://c539776.parspack.net/Bucket/Html-files/app/stories/grade-10-12/girls/04-jane-eyre.html","یکسان","HTML: LessonCache؛ کش HMK1 + اعتبارسنجی تغییر","2","≈ ۳۲–۳۸ دقیقه"
"آن شرلی","داستان‌ها","story-1012-girl-05","Bucket/Html-files/app/stories/grade-10-12/girls/05-anne-shirley.html","https://c539776.parspack.net/Bucket/Html-files/app/stories/grade-10-12/girls/05-anne-shirley.html","html","app-content.tsv ; app-Parspack-upload-map.csv","yes","active","آن شرلی","story-1012-girl-05","https://c539776.parspack.net/Bucket/Html-files/app/stories/grade-10-12/girls/05-anne-shirley.html","یکسان","HTML: LessonCache؛ کش HMK1 + اعتبارسنجی تغییر","2","≈ ۲۹–۳۵ دقیقه"
"دوروتی و شهر زمرد","داستان‌ها","story-1012-girl-06","Bucket/Html-files/app/stories/grade-10-12/girls/06-dorothy-and-the-emerald-city.html","https://c539776.parspack.net/Bucket/Html-files/app/stories/grade-10-12/girls/06-dorothy-and-the-emerald-city.html","html","app-content.tsv ; app-Parspack-upload-map.csv","yes","active","دوروتی و شهر زمرد","story-1012-girl-06","https://c539776.parspack.net/Bucket/Html-files/app/stories/grade-10-12/girls/06-dorothy-and-the-emerald-city.html","یکسان","HTML: LessonCache؛ کش HMK1 + اعتبارسنجی تغییر","2","≈ ۲۸–۳۴ دقیقه"
"گردآفرید","داستان‌ها","story-1012-girl-07","Bucket/Html-files/app/stories/grade-10-12/girls/07-gordafarid.html","https://c539776.parspack.net/Bucket/Html-files/app/stories/grade-10-12/girls/07-gordafarid.html","html","app-content.tsv ; app-Parspack-upload-map.csv","yes","active","گردآفرید","story-1012-girl-07","https://c539776.parspack.net/Bucket/Html-files/app/stories/grade-10-12/girls/07-gordafarid.html","یکسان","HTML: LessonCache؛ کش HMK1 + اعتبارسنجی تغییر","2","≈ ۲۴–۲۹ دقیقه"
"منیژه","داستان‌ها","story-1012-girl-08","Bucket/Html-files/app/stories/grade-10-12/girls/08-manijeh.html","https://c539776.parspack.net/Bucket/Html-files/app/stories/grade-10-12/girls/08-manijeh.html","html","app-content.tsv ; app-Parspack-upload-map.csv","yes","active","منیژه","story-1012-girl-08","https://c539776.parspack.net/Bucket/Html-files/app/stories/grade-10-12/girls/08-manijeh.html","یکسان","HTML: LessonCache؛ کش HMK1 + اعتبارسنجی تغییر","2","≈ ۲۴–۲۹ دقیقه"
"رودابه","داستان‌ها","story-1012-girl-09","Bucket/Html-files/app/stories/grade-10-12/girls/09-rudabeh.html","https://c539776.parspack.net/Bucket/Html-files/app/stories/grade-10-12/girls/09-rudabeh.html","html","app-content.tsv ; app-Parspack-upload-map.csv","yes","active","رودابه","story-1012-girl-09","https://c539776.parspack.net/Bucket/Html-files/app/stories/grade-10-12/girls/09-rudabeh.html","یکسان","HTML: LessonCache؛ کش HMK1 + اعتبارسنجی تغییر","2","≈ ۲۴–۲۹ دقیقه"
"کتایون","داستان‌ها","story-1012-girl-10","Bucket/Html-files/app/stories/grade-10-12/girls/10-katayoun.html","https://c539776.parspack.net/Bucket/Html-files/app/stories/grade-10-12/girls/10-katayoun.html","html","app-content.tsv ; app-Parspack-upload-map.csv","yes","active","کتایون","story-1012-girl-10","https://c539776.parspack.net/Bucket/Html-files/app/stories/grade-10-12/girls/10-katayoun.html","یکسان","HTML: LessonCache؛ کش HMK1 + اعتبارسنجی تغییر","2","≈ ۲۴–۲۹ دقیقه"
"پینوکیو","داستان‌ها","story-46-boy-01","Bucket/Html-files/app/stories/grade-4-6/boys/01-pinocchio.html","https://c539776.parspack.net/Bucket/Html-files/app/stories/grade-4-6/boys/01-pinocchio.html","html","app-content.tsv ; app-Parspack-upload-map.csv","yes","active","پینوکیو","story-46-boy-01","https://c539776.parspack.net/Bucket/Html-files/app/stories/grade-4-6/boys/01-pinocchio.html","یکسان","HTML: LessonCache؛ کش HMK1 + اعتبارسنجی تغییر","2","≈ ۲۸–۳۴ دقیقه"
"جک و لوبیای سحرآمیز","داستان‌ها","story-46-boy-02","Bucket/Html-files/app/stories/grade-4-6/boys/02-jack-and-the-beanstalk.html","https://c539776.parspack.net/Bucket/Html-files/app/stories/grade-4-6/boys/02-jack-and-the-beanstalk.html","html","app-content.tsv ; app-Parspack-upload-map.csv","yes","active","جک و لوبیای سحرآمیز","story-46-boy-02","https://c539776.parspack.net/Bucket/Html-files/app/stories/grade-4-6/boys/02-jack-and-the-beanstalk.html","یکسان","HTML: LessonCache؛ کش HMK1 + اعتبارسنجی تغییر","2","≈ ۲۳–۲۷ دقیقه"
"رابین هود","داستان‌ها","story-46-boy-03","Bucket/Html-files/app/stories/grade-4-6/boys/03-robin-hood.html","https://c539776.parspack.net/Bucket/Html-files/app/stories/grade-4-6/boys/03-robin-hood.html","html","app-content.tsv ; app-Parspack-upload-map.csv","yes","active","رابین هود","story-46-boy-03","https://c539776.parspack.net/Bucket/Html-files/app/stories/grade-4-6/boys/03-robin-hood.html","یکسان","HTML: LessonCache؛ کش HMK1 + اعتبارسنجی تغییر","2","≈ ۲۷–۳۲ دقیقه"
"علاءالدین","داستان‌ها","story-46-boy-04","Bucket/Html-files/app/stories/grade-4-6/boys/04-aladdin.html","https://c539776.parspack.net/Bucket/Html-files/app/stories/grade-4-6/boys/04-aladdin.html","html","app-content.tsv ; app-Parspack-upload-map.csv","yes","active","علاءالدین","story-46-boy-04","https://c539776.parspack.net/Bucket/Html-files/app/stories/grade-4-6/boys/04-aladdin.html","یکسان","HTML: LessonCache؛ کش HMK1 + اعتبارسنجی تغییر","2","≈ ۲۵–۳۰ دقیقه"
"سندباد","داستان‌ها","story-46-boy-05","Bucket/Html-files/app/stories/grade-4-6/boys/05-sinbad.html","https://c539776.parspack.net/Bucket/Html-files/app/stories/grade-4-6/boys/05-sinbad.html","html","app-content.tsv ; app-Parspack-upload-map.csv","yes","active","سندباد","story-46-boy-05","https://c539776.parspack.net/Bucket/Html-files/app/stories/grade-4-6/boys/05-sinbad.html","یکسان","HTML: LessonCache؛ کش HMK1 + اعتبارسنجی تغییر","2","≈ ۲۷–۳۲ دقیقه"
"سفرهای گالیور","داستان‌ها","story-46-boy-06","Bucket/Html-files/app/stories/grade-4-6/boys/06-gullivers-travels.html","https://c539776.parspack.net/Bucket/Html-files/app/stories/grade-4-6/boys/06-gullivers-travels.html","html","app-content.tsv ; app-Parspack-upload-map.csv","yes","active","سفرهای گالیور","story-46-boy-06","https://c539776.parspack.net/Bucket/Html-files/app/stories/grade-4-6/boys/06-gullivers-travels.html","یکسان","HTML: LessonCache؛ کش HMK1 + اعتبارسنجی تغییر","2","≈ ۳۰–۳۶ دقیقه"
"شاهزاده و گدا","داستان‌ها","story-46-boy-07","Bucket/Html-files/app/stories/grade-4-6/boys/07-prince-and-the-pauper.html","https://c539776.parspack.net/Bucket/Html-files/app/stories/grade-4-6/boys/07-prince-and-the-pauper.html","html","app-content.tsv ; app-Parspack-upload-map.csv","yes","active","شاهزاده و گدا","story-46-boy-07","https://c539776.parspack.net/Bucket/Html-files/app/stories/grade-4-6/boys/07-prince-and-the-pauper.html","یکسان","HTML: LessonCache؛ کش HMK1 + اعتبارسنجی تغییر","2","≈ ۲۹–۳۴ دقیقه"
"تام سایر","داستان‌ها","story-46-boy-08","Bucket/Html-files/app/stories/grade-4-6/boys/08-tom-sawyer.html","https://c539776.parspack.net/Bucket/Html-files/app/stories/grade-4-6/boys/08-tom-sawyer.html","html","app-content.tsv ; app-Parspack-upload-map.csv","yes","active","تام سایر","story-46-boy-08","https://c539776.parspack.net/Bucket/Html-files/app/stories/grade-4-6/boys/08-tom-sawyer.html","یکسان","HTML: LessonCache؛ کش HMK1 + اعتبارسنجی تغییر","2","≈ ۳۰–۳۶ دقیقه"
"گربه چکمه‌پوش","داستان‌ها","story-46-boy-09","Bucket/Html-files/app/stories/grade-4-6/boys/09-puss-in-boots.html","https://c539776.parspack.net/Bucket/Html-files/app/stories/grade-4-6/boys/09-puss-in-boots.html","html","app-content.tsv ; app-Parspack-upload-map.csv","yes","active","گربه چکمه‌پوش","story-46-boy-09","https://c539776.parspack.net/Bucket/Html-files/app/stories/grade-4-6/boys/09-puss-in-boots.html","یکسان","HTML: LessonCache؛ کش HMK1 + اعتبارسنجی تغییر","2","≈ ۲۲–۲۵ دقیقه"
"مرد شیشه‌ای و پسرک کنجکاو","داستان‌ها","story-46-boy-10","Bucket/Html-files/app/stories/grade-4-6/boys/10-glass-man-and-curious-boy.html","https://c539776.parspack.net/Bucket/Html-files/app/stories/grade-4-6/boys/10-glass-man-and-curious-boy.html","html","app-content.tsv ; app-Parspack-upload-map.csv","yes","active","مرد شیشه‌ای و پسرک کنجکاو","story-46-boy-10","https://c539776.parspack.net/Bucket/Html-files/app/stories/grade-4-6/boys/10-glass-man-and-curious-boy.html","یکسان","HTML: LessonCache؛ کش HMK1 + اعتبارسنجی تغییر","2","≈ ۲۱–۲۴ دقیقه"
"سیندرلا","داستان‌ها","story-46-girl-01","Bucket/Html-files/app/stories/grade-4-6/girls/01-cinderella.html","https://c539776.parspack.net/Bucket/Html-files/app/stories/grade-4-6/girls/01-cinderella.html","html","app-content.tsv ; app-Parspack-upload-map.csv","yes","active","سیندرلا","story-46-girl-01","https://c539776.parspack.net/Bucket/Html-files/app/stories/grade-4-6/girls/01-cinderella.html","یکسان","HTML: LessonCache؛ کش HMK1 + اعتبارسنجی تغییر","2","≈ ۲۴–۲۷ دقیقه"
"شنل قرمزی","داستان‌ها","story-46-girl-02","Bucket/Html-files/app/stories/grade-4-6/girls/02-little-red-riding-hood.html","https://c539776.parspack.net/Bucket/Html-files/app/stories/grade-4-6/girls/02-little-red-riding-hood.html","html","app-content.tsv ; app-Parspack-upload-map.csv","yes","active","شنل قرمزی","story-46-girl-02","https://c539776.parspack.net/Bucket/Html-files/app/stories/grade-4-6/girls/02-little-red-riding-hood.html","یکسان","HTML: LessonCache؛ کش HMK1 + اعتبارسنجی تغییر","2","≈ ۲۲–۲۵ دقیقه"
"راپانزل","داستان‌ها","story-46-girl-03","Bucket/Html-files/app/stories/grade-4-6/girls/03-rapunzel.html","https://c539776.parspack.net/Bucket/Html-files/app/stories/grade-4-6/girls/03-rapunzel.html","html","app-content.tsv ; app-Parspack-upload-map.csv","yes","active","راپانزل","story-46-girl-03","https://c539776.parspack.net/Bucket/Html-files/app/stories/grade-4-6/girls/03-rapunzel.html","یکسان","HTML: LessonCache؛ کش HMK1 + اعتبارسنجی تغییر","2","≈ ۲۵–۲۸ دقیقه"
"شاهزاده‌خانم و نخود","داستان‌ها","story-46-girl-04","Bucket/Html-files/app/stories/grade-4-6/girls/04-princess-and-the-pea.html","https://c539776.parspack.net/Bucket/Html-files/app/stories/grade-4-6/girls/04-princess-and-the-pea.html","html","app-content.tsv ; app-Parspack-upload-map.csv","yes","active","شاهزاده‌خانم و نخود","story-46-girl-04","https://c539776.parspack.net/Bucket/Html-files/app/stories/grade-4-6/girls/04-princess-and-the-pea.html","یکسان","HTML: LessonCache؛ کش HMK1 + اعتبارسنجی تغییر","2","≈ ۲۱–۲۳ دقیقه"
"زیبای خفته","داستان‌ها","story-46-girl-05","Bucket/Html-files/app/stories/grade-4-6/girls/05-sleeping-beauty.html","https://c539776.parspack.net/Bucket/Html-files/app/stories/grade-4-6/girls/05-sleeping-beauty.html","html","app-content.tsv ; app-Parspack-upload-map.csv","yes","active","زیبای خفته","story-46-girl-05","https://c539776.parspack.net/Bucket/Html-files/app/stories/grade-4-6/girls/05-sleeping-beauty.html","یکسان","HTML: LessonCache؛ کش HMK1 + اعتبارسنجی تغییر","2","≈ ۲۵–۲۹ دقیقه"
"دوازده شاهزاده‌خانم رقصان","داستان‌ها","story-46-girl-06","Bucket/Html-files/app/stories/grade-4-6/girls/06-twelve-dancing-princesses.html","https://c539776.parspack.net/Bucket/Html-files/app/stories/grade-4-6/girls/06-twelve-dancing-princesses.html","html","app-content.tsv ; app-Parspack-upload-map.csv","yes","active","دوازده شاهزاده‌خانم رقصان","story-46-girl-06","https://c539776.parspack.net/Bucket/Html-files/app/stories/grade-4-6/girls/06-twelve-dancing-princesses.html","یکسان","HTML: LessonCache؛ کش HMK1 + اعتبارسنجی تغییر","2","≈ ۲۶–۳۰ دقیقه"
"دختر دانای دهقان","داستان‌ها","story-46-girl-07","Bucket/Html-files/app/stories/grade-4-6/girls/07-peasants-wise-daughter.html","https://c539776.parspack.net/Bucket/Html-files/app/stories/grade-4-6/girls/07-peasants-wise-daughter.html","html","app-content.tsv ; app-Parspack-upload-map.csv","yes","active","دختر دانای دهقان","story-46-girl-07","https://c539776.parspack.net/Bucket/Html-files/app/stories/grade-4-6/girls/07-peasants-wise-daughter.html","یکسان","HTML: LessonCache؛ کش HMK1 + اعتبارسنجی تغییر","2","≈ ۲۴–۲۸ دقیقه"
"دختر و قورباغه","داستان‌ها","story-46-girl-08","Bucket/Html-files/app/stories/grade-4-6/girls/08-girl-and-the-frog.html","https://c539776.parspack.net/Bucket/Html-files/app/stories/grade-4-6/girls/08-girl-and-the-frog.html","html","app-content.tsv ; app-Parspack-upload-map.csv","yes","active","دختر و قورباغه","story-46-girl-08","https://c539776.parspack.net/Bucket/Html-files/app/stories/grade-4-6/girls/08-girl-and-the-frog.html","یکسان","HTML: LessonCache؛ کش HMK1 + اعتبارسنجی تغییر","2","≈ ۲۲–۲۵ دقیقه"
"آلیس در سرزمین عجایب","داستان‌ها","story-46-girl-09","Bucket/Html-files/app/stories/grade-4-6/girls/09-alice-in-wonderland.html","https://c539776.parspack.net/Bucket/Html-files/app/stories/grade-4-6/girls/09-alice-in-wonderland.html","html","app-content.tsv ; app-Parspack-upload-map.csv","yes","active","آلیس در سرزمین عجایب","story-46-girl-09","https://c539776.parspack.net/Bucket/Html-files/app/stories/grade-4-6/girls/09-alice-in-wonderland.html","یکسان","HTML: LessonCache؛ کش HMK1 + اعتبارسنجی تغییر","2","≈ ۲۸–۳۴ دقیقه"
"جوجه‌اردک زشت","داستان‌ها","story-46-girl-10","Bucket/Html-files/app/stories/grade-4-6/girls/10-ugly-duckling.html","https://c539776.parspack.net/Bucket/Html-files/app/stories/grade-4-6/girls/10-ugly-duckling.html","html","app-content.tsv ; app-Parspack-upload-map.csv","yes","active","جوجه‌اردک زشت","story-46-girl-10","https://c539776.parspack.net/Bucket/Html-files/app/stories/grade-4-6/girls/10-ugly-duckling.html","یکسان","HTML: LessonCache؛ کش HMK1 + اعتبارسنجی تغییر","2","≈ ۲۳–۲۶ دقیقه"
"جزیره گنج","داستان‌ها","story-79-boy-01","Bucket/Html-files/app/stories/grade-7-9/boys/01-treasure-island.html","https://c539776.parspack.net/Bucket/Html-files/app/stories/grade-7-9/boys/01-treasure-island.html","html","app-content.tsv ; app-Parspack-upload-map.csv","yes","active","جزیره گنج","story-79-boy-01","https://c539776.parspack.net/Bucket/Html-files/app/stories/grade-7-9/boys/01-treasure-island.html","یکسان","HTML: LessonCache؛ کش HMK1 + اعتبارسنجی تغییر","2","≈ ۳۱–۳۷ دقیقه"
"رابینسون کروزوئه","داستان‌ها","story-79-boy-02","Bucket/Html-files/app/stories/grade-7-9/boys/02-robinson-crusoe.html","https://c539776.parspack.net/Bucket/Html-files/app/stories/grade-7-9/boys/02-robinson-crusoe.html","html","app-content.tsv ; app-Parspack-upload-map.csv","yes","active","رابینسون کروزوئه","story-79-boy-02","https://c539776.parspack.net/Bucket/Html-files/app/stories/grade-7-9/boys/02-robinson-crusoe.html","یکسان","HTML: LessonCache؛ کش HMK1 + اعتبارسنجی تغییر","2","≈ ۳۰–۳۶ دقیقه"
"بیست هزار فرسنگ زیر دریا","داستان‌ها","story-79-boy-03","Bucket/Html-files/app/stories/grade-7-9/boys/03-twenty-thousand-leagues-under-the-sea.html","https://c539776.parspack.net/Bucket/Html-files/app/stories/grade-7-9/boys/03-twenty-thousand-leagues-under-the-sea.html","html","app-content.tsv ; app-Parspack-upload-map.csv","yes","active","بیست هزار فرسنگ زیر دریا","story-79-boy-03","https://c539776.parspack.net/Bucket/Html-files/app/stories/grade-7-9/boys/03-twenty-thousand-leagues-under-the-sea.html","یکسان","HTML: LessonCache؛ کش HMK1 + اعتبارسنجی تغییر","2","≈ ۳۱–۳۷ دقیقه"
"سفر به مرکز زمین","داستان‌ها","story-79-boy-04","Bucket/Html-files/app/stories/grade-7-9/boys/04-journey-to-the-center-of-the-earth.html","https://c539776.parspack.net/Bucket/Html-files/app/stories/grade-7-9/boys/04-journey-to-the-center-of-the-earth.html","html","app-content.tsv ; app-Parspack-upload-map.csv","yes","active","سفر به مرکز زمین","story-79-boy-04","https://c539776.parspack.net/Bucket/Html-files/app/stories/grade-7-9/boys/04-journey-to-the-center-of-the-earth.html","یکسان","HTML: LessonCache؛ کش HMK1 + اعتبارسنجی تغییر","2","≈ ۳۰–۳۶ دقیقه"
"دور دنیا در هشتاد روز","داستان‌ها","story-79-boy-05","Bucket/Html-files/app/stories/grade-7-9/boys/05-around-the-world-in-80-days.html","https://c539776.parspack.net/Bucket/Html-files/app/stories/grade-7-9/boys/05-around-the-world-in-80-days.html","html","app-content.tsv ; app-Parspack-upload-map.csv","yes","active","دور دنیا در هشتاد روز","story-79-boy-05","https://c539776.parspack.net/Bucket/Html-files/app/stories/grade-7-9/boys/05-around-the-world-in-80-days.html","یکسان","HTML: LessonCache؛ کش HMK1 + اعتبارسنجی تغییر","2","≈ ۳۰–۳۷ دقیقه"
"شاهزاده و گدا","داستان‌ها","story-79-boy-06","Bucket/Html-files/app/stories/grade-7-9/boys/06-prince-and-the-pauper.html","https://c539776.parspack.net/Bucket/Html-files/app/stories/grade-7-9/boys/06-prince-and-the-pauper.html","html","app-content.tsv ; app-Parspack-upload-map.csv","yes","active","شاهزاده و گدا","story-79-boy-06","https://c539776.parspack.net/Bucket/Html-files/app/stories/grade-7-9/boys/06-prince-and-the-pauper.html","یکسان","HTML: LessonCache؛ کش HMK1 + اعتبارسنجی تغییر","2","≈ ۲۹–۳۴ دقیقه"
"تام سایر","داستان‌ها","story-79-boy-07","Bucket/Html-files/app/stories/grade-7-9/boys/07-tom-sawyer.html","https://c539776.parspack.net/Bucket/Html-files/app/stories/grade-7-9/boys/07-tom-sawyer.html","html","app-content.tsv ; app-Parspack-upload-map.csv","yes","active","تام سایر","story-79-boy-07","https://c539776.parspack.net/Bucket/Html-files/app/stories/grade-7-9/boys/07-tom-sawyer.html","یکسان","HTML: LessonCache؛ کش HMK1 + اعتبارسنجی تغییر","2","≈ ۳۰–۳۶ دقیقه"
"هاکلبری فین","داستان‌ها","story-79-boy-08","Bucket/Html-files/app/stories/grade-7-9/boys/08-huckleberry-finn.html","https://c539776.parspack.net/Bucket/Html-files/app/stories/grade-7-9/boys/08-huckleberry-finn.html","html","app-content.tsv ; app-Parspack-upload-map.csv","yes","active","هاکلبری فین","story-79-boy-08","https://c539776.parspack.net/Bucket/Html-files/app/stories/grade-7-9/boys/08-huckleberry-finn.html","یکسان","HTML: LessonCache؛ کش HMK1 + اعتبارسنجی تغییر","2","≈ ۳۰–۳۷ دقیقه"
"سه تفنگدار","داستان‌ها","story-79-boy-09","Bucket/Html-files/app/stories/grade-7-9/boys/09-three-musketeers.html","https://c539776.parspack.net/Bucket/Html-files/app/stories/grade-7-9/boys/09-three-musketeers.html","html","app-content.tsv ; app-Parspack-upload-map.csv","yes","active","سه تفنگدار","story-79-boy-09","https://c539776.parspack.net/Bucket/Html-files/app/stories/grade-7-9/boys/09-three-musketeers.html","یکسان","HTML: LessonCache؛ کش HMK1 + اعتبارسنجی تغییر","2","≈ ۳۲–۳۸ دقیقه"
"آخرین موهیکان","داستان‌ها","story-79-boy-10","Bucket/Html-files/app/stories/grade-7-9/boys/10-last-of-the-mohicans.html","https://c539776.parspack.net/Bucket/Html-files/app/stories/grade-7-9/boys/10-last-of-the-mohicans.html","html","app-content.tsv ; app-Parspack-upload-map.csv","yes","active","آخرین موهیکان","story-79-boy-10","https://c539776.parspack.net/Bucket/Html-files/app/stories/grade-7-9/boys/10-last-of-the-mohicans.html","یکسان","HTML: LessonCache؛ کش HMK1 + اعتبارسنجی تغییر","2","≈ ۳۲–۳۸ دقیقه"
"زنان کوچک","داستان‌ها","story-79-girl-01","Bucket/Html-files/app/stories/grade-7-9/girls/01-little-women.html","https://c539776.parspack.net/Bucket/Html-files/app/stories/grade-7-9/girls/01-little-women.html","html","app-content.tsv ; app-Parspack-upload-map.csv","yes","active","زنان کوچک","story-79-girl-01","https://c539776.parspack.net/Bucket/Html-files/app/stories/grade-7-9/girls/01-little-women.html","یکسان","HTML: LessonCache؛ کش HMK1 + اعتبارسنجی تغییر","2","≈ ۳۰–۳۶ دقیقه"
"آن در گرین گیبلز","داستان‌ها","story-79-girl-02","Bucket/Html-files/app/stories/grade-7-9/girls/02-anne-of-green-gables.html","https://c539776.parspack.net/Bucket/Html-files/app/stories/grade-7-9/girls/02-anne-of-green-gables.html","html","app-content.tsv ; app-Parspack-upload-map.csv","yes","active","آن در گرین گیبلز","story-79-girl-02","https://c539776.parspack.net/Bucket/Html-files/app/stories/grade-7-9/girls/02-anne-of-green-gables.html","یکسان","HTML: LessonCache؛ کش HMK1 + اعتبارسنجی تغییر","2","≈ ۳۰–۳۶ دقیقه"
"هایدی","داستان‌ها","story-79-girl-03","Bucket/Html-files/app/stories/grade-7-9/girls/03-heidi.html","https://c539776.parspack.net/Bucket/Html-files/app/stories/grade-7-9/girls/03-heidi.html","html","app-content.tsv ; app-Parspack-upload-map.csv","yes","active","هایدی","story-79-girl-03","https://c539776.parspack.net/Bucket/Html-files/app/stories/grade-7-9/girls/03-heidi.html","یکسان","HTML: LessonCache؛ کش HMK1 + اعتبارسنجی تغییر","2","≈ ۲۸–۳۴ دقیقه"
"باغ مخفی","داستان‌ها","story-79-girl-04","Bucket/Html-files/app/stories/grade-7-9/girls/04-the-secret-garden.html","https://c539776.parspack.net/Bucket/Html-files/app/stories/grade-7-9/girls/04-the-secret-garden.html","html","app-content.tsv ; app-Parspack-upload-map.csv","yes","active","باغ مخفی","story-79-girl-04","https://c539776.parspack.net/Bucket/Html-files/app/stories/grade-7-9/girls/04-the-secret-garden.html","یکسان","HTML: LessonCache؛ کش HMK1 + اعتبارسنجی تغییر","2","≈ ۳۰–۳۶ دقیقه"
"شاهزاده کوچک","داستان‌ها","story-79-girl-05","Bucket/Html-files/app/stories/grade-7-9/girls/05-the-little-prince.html","https://c539776.parspack.net/Bucket/Html-files/app/stories/grade-7-9/girls/05-the-little-prince.html","html","app-content.tsv ; app-Parspack-upload-map.csv","yes","active","شاهزاده کوچک","story-79-girl-05","https://c539776.parspack.net/Bucket/Html-files/app/stories/grade-7-9/girls/05-the-little-prince.html","یکسان","HTML: LessonCache؛ کش HMK1 + اعتبارسنجی تغییر","2","≈ ۲۴–۲۹ دقیقه"
"پلیانا","داستان‌ها","story-79-girl-06","Bucket/Html-files/app/stories/grade-7-9/girls/06-pollyanna.html","https://c539776.parspack.net/Bucket/Html-files/app/stories/grade-7-9/girls/06-pollyanna.html","html","app-content.tsv ; app-Parspack-upload-map.csv","yes","active","پلیانا","story-79-girl-06","https://c539776.parspack.net/Bucket/Html-files/app/stories/grade-7-9/girls/06-pollyanna.html","یکسان","HTML: LessonCache؛ کش HMK1 + اعتبارسنجی تغییر","2","≈ ۲۹–۳۵ دقیقه"
"جین ایر","داستان‌ها","story-79-girl-07","Bucket/Html-files/app/stories/grade-7-9/girls/07-jane-eyre.html","https://c539776.parspack.net/Bucket/Html-files/app/stories/grade-7-9/girls/07-jane-eyre.html","html","app-content.tsv ; app-Parspack-upload-map.csv","yes","active","جین ایر","story-79-girl-07","https://c539776.parspack.net/Bucket/Html-files/app/stories/grade-7-9/girls/07-jane-eyre.html","یکسان","HTML: LessonCache؛ کش HMK1 + اعتبارسنجی تغییر","2","≈ ۳۱–۳۷ دقیقه"
"دوروتی در سرزمین اُز","داستان‌ها","story-79-girl-08","Bucket/Html-files/app/stories/grade-7-9/girls/08-dorothy-in-the-land-of-oz.html","https://c539776.parspack.net/Bucket/Html-files/app/stories/grade-7-9/girls/08-dorothy-in-the-land-of-oz.html","html","app-content.tsv ; app-Parspack-upload-map.csv","yes","active","دوروتی در سرزمین اُز","story-79-girl-08","https://c539776.parspack.net/Bucket/Html-files/app/stories/grade-7-9/girls/08-dorothy-in-the-land-of-oz.html","یکسان","HTML: LessonCache؛ کش HMK1 + اعتبارسنجی تغییر","2","≈ ۲۸–۳۴ دقیقه"
"کفش‌های قرمز","داستان‌ها","story-79-girl-09","Bucket/Html-files/app/stories/grade-7-9/girls/09-the-red-shoes.html","https://c539776.parspack.net/Bucket/Html-files/app/stories/grade-7-9/girls/09-the-red-shoes.html","html","app-content.tsv ; app-Parspack-upload-map.csv","yes","active","کفش‌های قرمز","story-79-girl-09","https://c539776.parspack.net/Bucket/Html-files/app/stories/grade-7-9/girls/09-the-red-shoes.html","یکسان","HTML: LessonCache؛ کش HMK1 + اعتبارسنجی تغییر","2","≈ ۲۲–۲۵ دقیقه"
"شهرزاد و قصه‌گویی","داستان‌ها","story-79-girl-10","Bucket/Html-files/app/stories/grade-7-9/girls/10-scheherazade.html","https://c539776.parspack.net/Bucket/Html-files/app/stories/grade-7-9/girls/10-scheherazade.html","html","app-content.tsv ; app-Parspack-upload-map.csv","yes","active","شهرزاد و قصه‌گویی","story-79-girl-10","https://c539776.parspack.net/Bucket/Html-files/app/stories/grade-7-9/girls/10-scheherazade.html","یکسان","HTML: LessonCache؛ کش HMK1 + اعتبارسنجی تغییر","2","≈ ۲۸–۳۴ دقیقه"
"ورود آرام به جلسه","ذهن‌آگاهی","mh-exam-01","Bucket/Html-files/app/mindfulness/hypnosis/exam/01-calm-entry-to-exam.html","https://c539776.parspack.net/Bucket/Html-files/app/mindfulness/hypnosis/exam/01-calm-entry-to-exam.html","html","app-content.tsv ; app-Parspack-upload-map.csv","yes","active","ورود آرام به جلسه","mh-exam-01","https://c539776.parspack.net/Bucket/Html-files/app/mindfulness/hypnosis/exam/01-calm-entry-to-exam.html","یکسان","HTML: LessonCache؛ کش HMK1 + اعتبارسنجی تغییر","2","خودهیپنوز سالم"
"حافظه‌ام در دسترسمه","ذهن‌آگاهی","mh-exam-02","Bucket/Html-files/app/mindfulness/hypnosis/exam/02-memory-available.html","https://c539776.parspack.net/Bucket/Html-files/app/mindfulness/hypnosis/exam/02-memory-available.html","html","app-content.tsv ; app-Parspack-upload-map.csv","yes","active","حافظه‌ام در دسترسمه","mh-exam-02","https://c539776.parspack.net/Bucket/Html-files/app/mindfulness/hypnosis/exam/02-memory-available.html","یکسان","HTML: LessonCache؛ کش HMK1 + اعتبارسنجی تغییر","2","خودهیپنوز سالم"
"مدیریت اضطراب پیش از امتحان","ذهن‌آگاهی","mh-exam-03","Bucket/Html-files/app/mindfulness/hypnosis/exam/03-pre-exam-anxiety.html","https://c539776.parspack.net/Bucket/Html-files/app/mindfulness/hypnosis/exam/03-pre-exam-anxiety.html","html","app-content.tsv ; app-Parspack-upload-map.csv","yes","active","مدیریت اضطراب پیش از امتحان","mh-exam-03","https://c539776.parspack.net/Bucket/Html-files/app/mindfulness/hypnosis/exam/03-pre-exam-anxiety.html","یکسان","HTML: LessonCache؛ کش HMK1 + اعتبارسنجی تغییر","2","خودهیپنوز سالم"
"آرامش پیش از گفت‌وگوی سخت","ذهن‌آگاهی","mh-social-01","Bucket/Html-files/app/mindfulness/hypnosis/social/01-calm-before-hard-talk.html","https://c539776.parspack.net/Bucket/Html-files/app/mindfulness/hypnosis/social/01-calm-before-hard-talk.html","html","app-content.tsv ; app-Parspack-upload-map.csv","yes","active","آرامش پیش از گفت‌وگوی سخت","mh-social-01","https://c539776.parspack.net/Bucket/Html-files/app/mindfulness/hypnosis/social/01-calm-before-hard-talk.html","یکسان","HTML: LessonCache؛ کش HMK1 + اعتبارسنجی تغییر","2","خودهیپنوز سالم"
"دیدن از زاویه دیگری","ذهن‌آگاهی","mh-social-02","Bucket/Html-files/app/mindfulness/hypnosis/social/02-another-perspective.html","https://c539776.parspack.net/Bucket/Html-files/app/mindfulness/hypnosis/social/02-another-perspective.html","html","app-content.tsv ; app-Parspack-upload-map.csv","yes","active","دیدن از زاویه دیگری","mh-social-02","https://c539776.parspack.net/Bucket/Html-files/app/mindfulness/hypnosis/social/02-another-perspective.html","یکسان","HTML: LessonCache؛ کش HMK1 + اعتبارسنجی تغییر","2","خودهیپنوز سالم"
"رهاسازی خشم کوچک","ذهن‌آگاهی","mh-social-03","Bucket/Html-files/app/mindfulness/hypnosis/social/03-release-small-anger.html","https://c539776.parspack.net/Bucket/Html-files/app/mindfulness/hypnosis/social/03-release-small-anger.html","html","app-content.tsv ; app-Parspack-upload-map.csv","yes","active","رهاسازی خشم کوچک","mh-social-03","https://c539776.parspack.net/Bucket/Html-files/app/mindfulness/hypnosis/social/03-release-small-anger.html","یکسان","HTML: LessonCache؛ کش HMK1 + اعتبارسنجی تغییر","2","خودهیپنوز سالم"
"من می‌تونم تمرکز کنم","ذهن‌آگاهی","mh-study-01","Bucket/Html-files/app/mindfulness/hypnosis/study/01-i-can-focus.html","https://c539776.parspack.net/Bucket/Html-files/app/mindfulness/hypnosis/study/01-i-can-focus.html","html","app-content.tsv ; app-Parspack-upload-map.csv","yes","active","من می‌تونم تمرکز کنم","mh-study-01","https://c539776.parspack.net/Bucket/Html-files/app/mindfulness/hypnosis/study/01-i-can-focus.html","یکسان","HTML: LessonCache؛ کش HMK1 + اعتبارسنجی تغییر","2","خودهیپنوز سالم"
"تجسم کامل‌کردن فصل","ذهن‌آگاهی","mh-study-02","Bucket/Html-files/app/mindfulness/hypnosis/study/02-visualize-finishing-chapter.html","https://c539776.parspack.net/Bucket/Html-files/app/mindfulness/hypnosis/study/02-visualize-finishing-chapter.html","html","app-content.tsv ; app-Parspack-upload-map.csv","yes","active","تجسم کامل‌کردن فصل","mh-study-02","https://c539776.parspack.net/Bucket/Html-files/app/mindfulness/hypnosis/study/02-visualize-finishing-chapter.html","یکسان","HTML: LessonCache؛ کش HMK1 + اعتبارسنجی تغییر","2","خودهیپنوز سالم"
"رهاسازی اهمال‌کاری","ذهن‌آگاهی","mh-study-03","Bucket/Html-files/app/mindfulness/hypnosis/study/03-release-procrastination.html","https://c539776.parspack.net/Bucket/Html-files/app/mindfulness/hypnosis/study/03-release-procrastination.html","html","app-content.tsv ; app-Parspack-upload-map.csv","yes","active","رهاسازی اهمال‌کاری","mh-study-03","https://c539776.parspack.net/Bucket/Html-files/app/mindfulness/hypnosis/study/03-release-procrastination.html","یکسان","HTML: LessonCache؛ کش HMK1 + اعتبارسنجی تغییر","2","خودهیپنوز سالم"
"بازنویسی فکر منفی","ذهن‌آگاهی","mh-thoughts-01","Bucket/Html-files/app/mindfulness/hypnosis/thoughts/01-rewrite-negative-thought.html","https://c539776.parspack.net/Bucket/Html-files/app/mindfulness/hypnosis/thoughts/01-rewrite-negative-thought.html","html","app-content.tsv ; app-Parspack-upload-map.csv","yes","active","بازنویسی فکر منفی","mh-thoughts-01","https://c539776.parspack.net/Bucket/Html-files/app/mindfulness/hypnosis/thoughts/01-rewrite-negative-thought.html","یکسان","HTML: LessonCache؛ کش HMK1 + اعتبارسنجی تغییر","2","خودهیپنوز سالم"
"تلقین عزت‌نفس","ذهن‌آگاهی","mh-thoughts-02","Bucket/Html-files/app/mindfulness/hypnosis/thoughts/02-self-esteem-suggestion.html","https://c539776.parspack.net/Bucket/Html-files/app/mindfulness/hypnosis/thoughts/02-self-esteem-suggestion.html","html","app-content.tsv ; app-Parspack-upload-map.csv","yes","active","تلقین عزت‌نفس","mh-thoughts-02","https://c539776.parspack.net/Bucket/Html-files/app/mindfulness/hypnosis/thoughts/02-self-esteem-suggestion.html","یکسان","HTML: LessonCache؛ کش HMK1 + اعتبارسنجی تغییر","2","خودهیپنوز سالم"
"رهاسازی مقایسه","ذهن‌آگاهی","mh-thoughts-03","Bucket/Html-files/app/mindfulness/hypnosis/thoughts/03-release-comparison.html","https://c539776.parspack.net/Bucket/Html-files/app/mindfulness/hypnosis/thoughts/03-release-comparison.html","html","app-content.tsv ; app-Parspack-upload-map.csv","yes","active","رهاسازی مقایسه","mh-thoughts-03","https://c539776.parspack.net/Bucket/Html-files/app/mindfulness/hypnosis/thoughts/03-release-comparison.html","یکسان","HTML: LessonCache؛ کش HMK1 + اعتبارسنجی تغییر","2","خودهیپنوز سالم"
"پومودورو","ذهن‌آگاهی","mp-pomodoro-01","Bucket/Html-files/app/mindfulness/learning/01-pomodoro.html","https://c539776.parspack.net/Bucket/Html-files/app/mindfulness/learning/01-pomodoro.html","html","app-content.tsv ; app-Parspack-upload-map.csv","yes","active","پومودورو","mp-pomodoro-01","https://c539776.parspack.net/Bucket/Html-files/app/mindfulness/learning/01-pomodoro.html","یکسان","HTML: LessonCache؛ کش HMK1 + اعتبارسنجی تغییر","2","محتوای آموزشی"
"فصل ۱ درس اوّل: معرفی مجموعه — تدریس","ریاضی نهم","905 ریاضی نهم","Bucket/Pdf-files/G09/g9-math/exam/ryazif01d01.html","https://c539776.parspack.net/Bucket/Pdf-files/G09/g9-math/exam/ryazif01d01.html","html","books-menu.json:teachKey ; app-Parspack-upload-map.csv","yes","active","فصل ۱ درس اوّل: معرفی مجموعه","905 ریاضی نهم","https://c539776.parspack.net/Bucket/Pdf-files/G09/g9-math/exam/ryazif01d01.html","یکسان","HTML: LessonCache؛ کش HMK1 + اعتبارسنجی تغییر","2","منو: ریاضی نهم / فصل ۱: مجموعه‌ها / فصل ۱ درس اوّل: معرفی مجموعه"
"فصل ۱ درس اوّل: معرفی مجموعه — صوت","ریاضی نهم","","Bucket/Pdf-files/G09/g9-math/exam/ryazif01d01.mp3","https://c539776.parspack.net/Bucket/Pdf-files/G09/g9-math/exam/ryazif01d01.mp3","mp3","books-menu.json:audioKey","yes","بدون ردیف CSV","","","","","صوت/ویدیو: MediaVault؛ تازه‌سازی مشروط در شاخهٔ اصلاحی","1","منو: ریاضی نهم / فصل ۱: مجموعه‌ها / فصل ۱ درس اوّل: معرفی مجموعه | در CSV فعلی upload-map ردیفی ندارد."
"فصل ۱ درس دوم: مجموعه‌های برابر و نمایش مجموعه‌ها — تدریس","ریاضی نهم","905 ریاضی نهم","Bucket/Pdf-files/G09/g9-math/exam/ryazif01d02.html","https://c539776.parspack.net/Bucket/Pdf-files/G09/g9-math/exam/ryazif01d02.html","html","books-menu.json:teachKey ; app-Parspack-upload-map.csv","yes","active","فصل ۱ درس دوم: مجموعه‌های برابر و نمایش مجموعه‌ها","905 ریاضی نهم","https://c539776.parspack.net/Bucket/Pdf-files/G09/g9-math/exam/ryazif01d02.html","یکسان","HTML: LessonCache؛ کش HMK1 + اعتبارسنجی تغییر","2","منو: ریاضی نهم / فصل ۱: مجموعه‌ها / فصل ۱ درس دوم: مجموعه‌های برابر و نمایش مجموعه‌ها"
"فصل ۱ درس دوم: مجموعه‌های برابر و نمایش مجموعه‌ها — صوت","ریاضی نهم","","Bucket/Pdf-files/G09/g9-math/exam/ryazif01d02.mp3","https://c539776.parspack.net/Bucket/Pdf-files/G09/g9-math/exam/ryazif01d02.mp3","mp3","books-menu.json:audioKey","yes","بدون ردیف CSV","","","","","صوت/ویدیو: MediaVault؛ تازه‌سازی مشروط در شاخهٔ اصلاحی","1","منو: ریاضی نهم / فصل ۱: مجموعه‌ها / فصل ۱ درس دوم: مجموعه‌های برابر و نمایش مجموعه‌ها | در CSV فعلی upload-map ردیفی ندارد."
"فصل ۱ درس سوم: اجتماع، اشتراک و تفاضلِ مجموعه‌ها — تدریس","ریاضی نهم","905 ریاضی نهم","Bucket/Pdf-files/G09/g9-math/exam/ryazif01d03.html","https://c539776.parspack.net/Bucket/Pdf-files/G09/g9-math/exam/ryazif01d03.html","html","books-menu.json:teachKey ; app-Parspack-upload-map.csv","yes","active","فصل ۱ درس سوم: اجتماع، اشتراک و تفاضلِ مجموعه‌ها","905 ریاضی نهم","https://c539776.parspack.net/Bucket/Pdf-files/G09/g9-math/exam/ryazif01d03.html","یکسان","HTML: LessonCache؛ کش HMK1 + اعتبارسنجی تغییر","2","منو: ریاضی نهم / فصل ۱: مجموعه‌ها / فصل ۱ درس سوم: اجتماع، اشتراک و تفاضلِ مجموعه‌ها"
"فصل ۱ درس سوم: اجتماع، اشتراک و تفاضلِ مجموعه‌ها — صوت","ریاضی نهم","","Bucket/Pdf-files/G09/g9-math/exam/ryazif01d03.mp3","https://c539776.parspack.net/Bucket/Pdf-files/G09/g9-math/exam/ryazif01d03.mp3","mp3","books-menu.json:audioKey","yes","بدون ردیف CSV","","","","","صوت/ویدیو: MediaVault؛ تازه‌سازی مشروط در شاخهٔ اصلاحی","1","منو: ریاضی نهم / فصل ۱: مجموعه‌ها / فصل ۱ درس سوم: اجتماع، اشتراک و تفاضلِ مجموعه‌ها | در CSV فعلی upload-map ردیفی ندارد."
"فصل ۱ درس چهارم: مجموعه‌ها و احتمال — تدریس","ریاضی نهم","905 ریاضی نهم","Bucket/Pdf-files/G09/g9-math/exam/ryazif01d04.html","https://c539776.parspack.net/Bucket/Pdf-files/G09/g9-math/exam/ryazif01d04.html","html","books-menu.json:teachKey ; app-Parspack-upload-map.csv","yes","active","فصل ۱ درس چهارم: مجموعه‌ها و احتمال","905 ریاضی نهم","https://c539776.parspack.net/Bucket/Pdf-files/G09/g9-math/exam/ryazif01d04.html","یکسان","HTML: LessonCache؛ کش HMK1 + اعتبارسنجی تغییر","2","منو: ریاضی نهم / فصل ۱: مجموعه‌ها / فصل ۱ درس چهارم: مجموعه‌ها و احتمال"
"فصل ۱ درس چهارم: مجموعه‌ها و احتمال — صوت","ریاضی نهم","","Bucket/Pdf-files/G09/g9-math/exam/ryazif01d04.mp3","https://c539776.parspack.net/Bucket/Pdf-files/G09/g9-math/exam/ryazif01d04.mp3","mp3","books-menu.json:audioKey","yes","بدون ردیف CSV","","","","","صوت/ویدیو: MediaVault؛ تازه‌سازی مشروط در شاخهٔ اصلاحی","1","منو: ریاضی نهم / فصل ۱: مجموعه‌ها / فصل ۱ درس چهارم: مجموعه‌ها و احتمال | در CSV فعلی upload-map ردیفی ندارد."
"جمع‌بندی فصل ۱ — تدریس","ریاضی نهم","905 ریاضی نهم","Bucket/Pdf-files/G09/g9-math/exam/ryazif01review.html","https://c539776.parspack.net/Bucket/Pdf-files/G09/g9-math/exam/ryazif01review.html","html","books-menu.json:teachKey ; app-Parspack-upload-map.csv","yes","active","جمع‌بندی فصل ۱","905 ریاضی نهم","https://c539776.parspack.net/Bucket/Pdf-files/G09/g9-math/exam/ryazif01review.html","یکسان","HTML: LessonCache؛ کش HMK1 + اعتبارسنجی تغییر","2","منو: ریاضی نهم / فصل ۱: مجموعه‌ها / جمع‌بندی فصل ۱"
"جمع‌بندی فصل ۱ — صوت","ریاضی نهم","","Bucket/Pdf-files/G09/g9-math/exam/ryazif01review.mp3","https://c539776.parspack.net/Bucket/Pdf-files/G09/g9-math/exam/ryazif01review.mp3","mp3","books-menu.json:audioKey","yes","بدون ردیف CSV","","","","","صوت/ویدیو: MediaVault؛ تازه‌سازی مشروط در شاخهٔ اصلاحی","1","منو: ریاضی نهم / فصل ۱: مجموعه‌ها / جمع‌بندی فصل ۱ | در CSV فعلی upload-map ردیفی ندارد."
"فصل ۲ درس اوّل: عددهای گویا — تدریس","ریاضی نهم","905 ریاضی نهم","Bucket/Pdf-files/G09/g9-math/exam/ryazif02d01.html","https://c539776.parspack.net/Bucket/Pdf-files/G09/g9-math/exam/ryazif02d01.html","html","books-menu.json:teachKey ; app-Parspack-upload-map.csv","yes","active","فصل ۲ درس اوّل: عددهای گویا","905 ریاضی نهم","https://c539776.parspack.net/Bucket/Pdf-files/G09/g9-math/exam/ryazif02d01.html","یکسان","HTML: LessonCache؛ کش HMK1 + اعتبارسنجی تغییر","2","منو: ریاضی نهم / فصل ۲: عددهای حقیقی / فصل ۲ درس اوّل: عددهای گویا"
"فصل ۲ درس اوّل: عددهای گویا — صوت","ریاضی نهم","","Bucket/Pdf-files/G09/g9-math/exam/ryazif02d01.mp3","https://c539776.parspack.net/Bucket/Pdf-files/G09/g9-math/exam/ryazif02d01.mp3","mp3","books-menu.json:audioKey","yes","بدون ردیف CSV","","","","","صوت/ویدیو: MediaVault؛ تازه‌سازی مشروط در شاخهٔ اصلاحی","1","منو: ریاضی نهم / فصل ۲: عددهای حقیقی / فصل ۲ درس اوّل: عددهای گویا | در CSV فعلی upload-map ردیفی ندارد."
"فصل ۲ درس دوم: عددهای حقیقی — تدریس","ریاضی نهم","905 ریاضی نهم","Bucket/Pdf-files/G09/g9-math/exam/ryazif02d02.html","https://c539776.parspack.net/Bucket/Pdf-files/G09/g9-math/exam/ryazif02d02.html","html","books-menu.json:teachKey ; app-Parspack-upload-map.csv","yes","active","فصل ۲ درس دوم: عددهای حقیقی","905 ریاضی نهم","https://c539776.parspack.net/Bucket/Pdf-files/G09/g9-math/exam/ryazif02d02.html","یکسان","HTML: LessonCache؛ کش HMK1 + اعتبارسنجی تغییر","2","منو: ریاضی نهم / فصل ۲: عددهای حقیقی / فصل ۲ درس دوم: عددهای حقیقی"
"فصل ۲ درس دوم: عددهای حقیقی — صوت","ریاضی نهم","","Bucket/Pdf-files/G09/g9-math/exam/ryazif02d02.mp3","https://c539776.parspack.net/Bucket/Pdf-files/G09/g9-math/exam/ryazif02d02.mp3","mp3","books-menu.json:audioKey","yes","بدون ردیف CSV","","","","","صوت/ویدیو: MediaVault؛ تازه‌سازی مشروط در شاخهٔ اصلاحی","1","منو: ریاضی نهم / فصل ۲: عددهای حقیقی / فصل ۲ درس دوم: عددهای حقیقی | در CSV فعلی upload-map ردیفی ندارد."
"فصل ۲ درس سوم: قدر مطلق و محاسبهٔ تقریبی — تدریس","ریاضی نهم","905 ریاضی نهم","Bucket/Pdf-files/G09/g9-math/exam/ryazif02d03.html","https://c539776.parspack.net/Bucket/Pdf-files/G09/g9-math/exam/ryazif02d03.html","html","books-menu.json:teachKey ; app-Parspack-upload-map.csv","yes","active","فصل ۲ درس سوم: قدر مطلق و محاسبهٔ تقریبی","905 ریاضی نهم","https://c539776.parspack.net/Bucket/Pdf-files/G09/g9-math/exam/ryazif02d03.html","یکسان","HTML: LessonCache؛ کش HMK1 + اعتبارسنجی تغییر","2","منو: ریاضی نهم / فصل ۲: عددهای حقیقی / فصل ۲ درس سوم: قدر مطلق و محاسبهٔ تقریبی"
"فصل ۲ درس سوم: قدر مطلق و محاسبهٔ تقریبی — صوت","ریاضی نهم","","Bucket/Pdf-files/G09/g9-math/exam/ryazif02d03.mp3","https://c539776.parspack.net/Bucket/Pdf-files/G09/g9-math/exam/ryazif02d03.mp3","mp3","books-menu.json:audioKey","yes","بدون ردیف CSV","","","","","صوت/ویدیو: MediaVault؛ تازه‌سازی مشروط در شاخهٔ اصلاحی","1","منو: ریاضی نهم / فصل ۲: عددهای حقیقی / فصل ۲ درس سوم: قدر مطلق و محاسبهٔ تقریبی | در CSV فعلی upload-map ردیفی ندارد."
"جمع‌بندی فصل ۲ — تدریس","ریاضی نهم","905 ریاضی نهم","Bucket/Pdf-files/G09/g9-math/exam/ryazif02review.html","https://c539776.parspack.net/Bucket/Pdf-files/G09/g9-math/exam/ryazif02review.html","html","books-menu.json:teachKey ; app-Parspack-upload-map.csv","yes","active","جمع‌بندی فصل ۲","905 ریاضی نهم","https://c539776.parspack.net/Bucket/Pdf-files/G09/g9-math/exam/ryazif02review.html","یکسان","HTML: LessonCache؛ کش HMK1 + اعتبارسنجی تغییر","2","منو: ریاضی نهم / فصل ۲: عددهای حقیقی / جمع‌بندی فصل ۲"
"فصل ۳ درس اوّل: استدلال — تدریس","ریاضی نهم","905 ریاضی نهم","Bucket/Pdf-files/G09/g9-math/exam/ryazif03d01.html","https://c539776.parspack.net/Bucket/Pdf-files/G09/g9-math/exam/ryazif03d01.html","html","books-menu.json:teachKey ; app-Parspack-upload-map.csv","yes","active","فصل ۳ درس اوّل: استدلال","905 ریاضی نهم","https://c539776.parspack.net/Bucket/Pdf-files/G09/g9-math/exam/ryazif03d01.html","یکسان","HTML: LessonCache؛ کش HMK1 + اعتبارسنجی تغییر","2","منو: ریاضی نهم / فصل ۳: استدلال و اثبات در هندسه / فصل ۳ درس اوّل: استدلال"
"فصل ۳ درس دوم: آشنایی با اثبات در هندسه — تدریس","ریاضی نهم","905 ریاضی نهم","Bucket/Pdf-files/G09/g9-math/exam/ryazif03d02.html","https://c539776.parspack.net/Bucket/Pdf-files/G09/g9-math/exam/ryazif03d02.html","html","books-menu.json:teachKey ; app-Parspack-upload-map.csv","yes","active","فصل ۳ درس دوم: آشنایی با اثبات در هندسه","905 ریاضی نهم","https://c539776.parspack.net/Bucket/Pdf-files/G09/g9-math/exam/ryazif03d02.html","یکسان","HTML: LessonCache؛ کش HMK1 + اعتبارسنجی تغییر","2","منو: ریاضی نهم / فصل ۳: استدلال و اثبات در هندسه / فصل ۳ درس دوم: آشنایی با اثبات در هندسه"
"فصل ۳ درس سوم: هم‌نهشتی مثلث‌ها — تدریس","ریاضی نهم","905 ریاضی نهم","Bucket/Pdf-files/G09/g9-math/exam/ryazif03d03.html","https://c539776.parspack.net/Bucket/Pdf-files/G09/g9-math/exam/ryazif03d03.html","html","books-menu.json:teachKey ; app-Parspack-upload-map.csv","yes","active","فصل ۳ درس سوم: هم‌نهشتی مثلث‌ها","905 ریاضی نهم","https://c539776.parspack.net/Bucket/Pdf-files/G09/g9-math/exam/ryazif03d03.html","یکسان","HTML: LessonCache؛ کش HMK1 + اعتبارسنجی تغییر","2","منو: ریاضی نهم / فصل ۳: استدلال و اثبات در هندسه / فصل ۳ درس سوم: هم‌نهشتی مثلث‌ها"
"فصل ۳ درس چهارم: حل مسئله در هندسه — تدریس","ریاضی نهم","905 ریاضی نهم","Bucket/Pdf-files/G09/g9-math/exam/ryazif03d04.html","https://c539776.parspack.net/Bucket/Pdf-files/G09/g9-math/exam/ryazif03d04.html","html","books-menu.json:teachKey ; app-Parspack-upload-map.csv","yes","active","فصل ۳ درس چهارم: حل مسئله در هندسه","905 ریاضی نهم","https://c539776.parspack.net/Bucket/Pdf-files/G09/g9-math/exam/ryazif03d04.html","یکسان","HTML: LessonCache؛ کش HMK1 + اعتبارسنجی تغییر","2","منو: ریاضی نهم / فصل ۳: استدلال و اثبات در هندسه / فصل ۳ درس چهارم: حل مسئله در هندسه"
"فصل ۳ درس پنجم: شکل‌های متشابه — تدریس","ریاضی نهم","905 ریاضی نهم","Bucket/Pdf-files/G09/g9-math/exam/ryazif03d05.html","https://c539776.parspack.net/Bucket/Pdf-files/G09/g9-math/exam/ryazif03d05.html","html","books-menu.json:teachKey ; app-Parspack-upload-map.csv","yes","active","فصل ۳ درس پنجم: شکل‌های متشابه","905 ریاضی نهم","https://c539776.parspack.net/Bucket/Pdf-files/G09/g9-math/exam/ryazif03d05.html","یکسان","HTML: LessonCache؛ کش HMK1 + اعتبارسنجی تغییر","2","منو: ریاضی نهم / فصل ۳: استدلال و اثبات در هندسه / فصل ۳ درس پنجم: شکل‌های متشابه"
"جمع‌بندی فصل ۳ — تدریس","ریاضی نهم","905 ریاضی نهم","Bucket/Pdf-files/G09/g9-math/exam/ryazif03review.html","https://c539776.parspack.net/Bucket/Pdf-files/G09/g9-math/exam/ryazif03review.html","html","books-menu.json:teachKey ; app-Parspack-upload-map.csv","yes","active","جمع‌بندی فصل ۳","905 ریاضی نهم","https://c539776.parspack.net/Bucket/Pdf-files/G09/g9-math/exam/ryazif03review.html","یکسان","HTML: LessonCache؛ کش HMK1 + اعتبارسنجی تغییر","2","منو: ریاضی نهم / فصل ۳: استدلال و اثبات در هندسه / جمع‌بندی فصل ۳"
"تنفس ۴-۷-۸","سلامتی","hc-breath-03","Bucket/Html-files/app/health/cycle/breath/03-period-breath-4-7-8.html","https://c539776.parspack.net/Bucket/Html-files/app/health/cycle/breath/03-period-breath-4-7-8.html","html","app-content.tsv ; app-Parspack-upload-map.csv","yes","active","تنفس ۴-۷-۸","hc-breath-03","https://c539776.parspack.net/Bucket/Html-files/app/health/cycle/breath/03-period-breath-4-7-8.html","یکسان","HTML: LessonCache؛ کش HMK1 + اعتبارسنجی تغییر","2","دم ۴، نگه ۷، بازدم ۸"
"فاز قاعدگی","سلامتی","hc-food-01","Bucket/Html-files/app/health/cycle/nutrition/01-menstruation-phase.html","https://c539776.parspack.net/Bucket/Html-files/app/health/cycle/nutrition/01-menstruation-phase.html","html","app-content.tsv ; app-Parspack-upload-map.csv","yes","active","فاز قاعدگی","hc-food-01","https://c539776.parspack.net/Bucket/Html-files/app/health/cycle/nutrition/01-menstruation-phase.html","یکسان","HTML: LessonCache؛ کش HMK1 + اعتبارسنجی تغییر","2","آهن و گرما"
"بعد از قاعدگی","سلامتی","hc-food-02","Bucket/Html-files/app/health/cycle/nutrition/02-after-menstruation.html","https://c539776.parspack.net/Bucket/Html-files/app/health/cycle/nutrition/02-after-menstruation.html","html","app-content.tsv ; app-Parspack-upload-map.csv","yes","active","بعد از قاعدگی","hc-food-02","https://c539776.parspack.net/Bucket/Html-files/app/health/cycle/nutrition/02-after-menstruation.html","یکسان","HTML: LessonCache؛ کش HMK1 + اعتبارسنجی تغییر","2","انرژی آرام برمی‌گردد"
"میانه‌ی چرخه","سلامتی","hc-food-03","Bucket/Html-files/app/health/cycle/nutrition/03-mid-cycle.html","https://c539776.parspack.net/Bucket/Html-files/app/health/cycle/nutrition/03-mid-cycle.html","html","app-content.tsv ; app-Parspack-upload-map.csv","yes","active","میانه‌ی چرخه","hc-food-03","https://c539776.parspack.net/Bucket/Html-files/app/health/cycle/nutrition/03-mid-cycle.html","یکسان","HTML: LessonCache؛ کش HMK1 + اعتبارسنجی تغییر","2","تمرکز بهتر"
"پیش‌قاعدگی","سلامتی","hc-food-04","Bucket/Html-files/app/health/cycle/nutrition/04-pms.html","https://c539776.parspack.net/Bucket/Html-files/app/health/cycle/nutrition/04-pms.html","html","app-content.tsv ; app-Parspack-upload-map.csv","yes","active","پیش‌قاعدگی","hc-food-04","https://c539776.parspack.net/Bucket/Html-files/app/health/cycle/nutrition/04-pms.html","یکسان","HTML: LessonCache؛ کش HMK1 + اعتبارسنجی تغییر","2","منیزیم و خواب"
"کشش کمر و لگن","سلامتی","hc-stretch-01","Bucket/Html-files/app/health/cycle/stretch/01-lower-back-hips.html","https://c539776.parspack.net/Bucket/Html-files/app/health/cycle/stretch/01-lower-back-hips.html","html","app-content.tsv ; app-Parspack-upload-map.csv","yes","active","کشش کمر و لگن","hc-stretch-01","https://c539776.parspack.net/Bucket/Html-files/app/health/cycle/stretch/01-lower-back-hips.html","یکسان","HTML: LessonCache؛ کش HMK1 + اعتبارسنجی تغییر","2","ملایم، بدون فشار"
"کمپرس گرم + وضعیت تسکین","سلامتی","hc-stretch-02","Bucket/Html-files/app/health/cycle/stretch/02-warm-compress-relief.html","https://c539776.parspack.net/Bucket/Html-files/app/health/cycle/stretch/02-warm-compress-relief.html","html","app-content.tsv ; app-Parspack-upload-map.csv","yes","active","کمپرس گرم + وضعیت تسکین","hc-stretch-02","https://c539776.parspack.net/Bucket/Html-files/app/health/cycle/stretch/02-warm-compress-relief.html","یکسان","HTML: LessonCache؛ کش HMK1 + اعتبارسنجی تغییر","2","گرما + دراز کشیدن"
"گربه–گاو","سلامتی","hc-yoga-01","Bucket/Html-files/app/health/cycle/yoga/01-period-cat-cow.html","https://c539776.parspack.net/Bucket/Html-files/app/health/cycle/yoga/01-period-cat-cow.html","html","app-content.tsv ; app-Parspack-upload-map.csv","yes","active","گربه–گاو","hc-yoga-01","https://c539776.parspack.net/Bucket/Html-files/app/health/cycle/yoga/01-period-cat-cow.html","یکسان","HTML: LessonCache؛ کش HMK1 + اعتبارسنجی تغییر","2","یوگای ملایم قاعدگی"
"حالت کودک","سلامتی","hc-yoga-02","Bucket/Html-files/app/health/cycle/yoga/02-period-child-pose.html","https://c539776.parspack.net/Bucket/Html-files/app/health/cycle/yoga/02-period-child-pose.html","html","app-content.tsv ; app-Parspack-upload-map.csv","yes","active","حالت کودک","hc-yoga-02","https://c539776.parspack.net/Bucket/Html-files/app/health/cycle/yoga/02-period-child-pose.html","یکسان","HTML: LessonCache؛ کش HMK1 + اعتبارسنجی تغییر","2","یوگای ملایم قاعدگی"
"پروانه‌ی خوابیده","سلامتی","hc-yoga-03","Bucket/Html-files/app/health/cycle/yoga/03-reclined-butterfly.html","https://c539776.parspack.net/Bucket/Html-files/app/health/cycle/yoga/03-reclined-butterfly.html","html","app-content.tsv ; app-Parspack-upload-map.csv","yes","active","پروانه‌ی خوابیده","hc-yoga-03","https://c539776.parspack.net/Bucket/Html-files/app/health/cycle/yoga/03-reclined-butterfly.html","یکسان","HTML: LessonCache؛ کش HMK1 + اعتبارسنجی تغییر","2","یوگای ملایم قاعدگی"
"پیچش خوابیده","سلامتی","hc-yoga-04","Bucket/Html-files/app/health/cycle/yoga/04-supine-twist.html","https://c539776.parspack.net/Bucket/Html-files/app/health/cycle/yoga/04-supine-twist.html","html","app-content.tsv ; app-Parspack-upload-map.csv","yes","active","پیچش خوابیده","hc-yoga-04","https://c539776.parspack.net/Bucket/Html-files/app/health/cycle/yoga/04-supine-twist.html","یکسان","HTML: LessonCache؛ کش HMK1 + اعتبارسنجی تغییر","2","یوگای ملایم قاعدگی"
"پا به دیوار","سلامتی","hc-yoga-05","Bucket/Html-files/app/health/cycle/yoga/05-legs-up-the-wall.html","https://c539776.parspack.net/Bucket/Html-files/app/health/cycle/yoga/05-legs-up-the-wall.html","html","app-content.tsv ; app-Parspack-upload-map.csv","yes","active","پا به دیوار","hc-yoga-05","https://c539776.parspack.net/Bucket/Html-files/app/health/cycle/yoga/05-legs-up-the-wall.html","یکسان","HTML: LessonCache؛ کش HMK1 + اعتبارسنجی تغییر","2","یوگای ملایم قاعدگی"
"تغذیه‌ی سالم برای تمرکز","سلامتی","hn-focus-01","Bucket/Html-files/app/health/nutrition/01-focus-nutrition.html","https://c539776.parspack.net/Bucket/Html-files/app/health/nutrition/01-focus-nutrition.html","html","app-content.tsv ; app-Parspack-upload-map.csv","yes","active","تغذیه‌ی سالم برای تمرکز","hn-focus-01","https://c539776.parspack.net/Bucket/Html-files/app/health/nutrition/01-focus-nutrition.html","یکسان","HTML: LessonCache؛ کش HMK1 + اعتبارسنجی تغییر","2","راهنمای ساده، نه رژیم"
"فهرست: الفهرس","کتاب‌های درسی","g9-arabic-index.pdf","Bucket/Pdf-files/G09/g9-arabic/g9-arabic-index.pdf","https://c539776.parspack.net/Bucket/Pdf-files/G09/g9-arabic/g9-arabic-index.pdf","pdf","server-map.json ; books-menu.json:key","yes","بدون ردیف CSV","","","","","PDF: StudyPdfCache؛ ETag/اندازه/مقایسهٔ بایت‌ها","2","منو: عربی نهم / فهرست: الفهرس | در CSV فعلی upload-map ردیفی ندارد."
"کتاب درسی","کتاب‌های درسی","g9-arabic-p01.pdf","Bucket/Pdf-files/G09/g9-arabic/g9-arabic-p01.pdf","https://c539776.parspack.net/Bucket/Pdf-files/G09/g9-arabic/g9-arabic-p01.pdf","pdf","server-map.json ; books-menu.json:tabs","yes","بدون ردیف CSV","","","","","PDF: StudyPdfCache؛ ETag/اندازه/مقایسهٔ بایت‌ها","2","منو: عربی نهم / درس اوّل: مراجعة دروس الصفّین السابع و الثامن؛ أهلاً و سهلاً بالخریف | در CSV فعلی upload-map ردیفی ندارد."
"کتاب درسی","کتاب‌های درسی","g9-arabic-p02.pdf","Bucket/Pdf-files/G09/g9-arabic/g9-arabic-p02.pdf","https://c539776.parspack.net/Bucket/Pdf-files/G09/g9-arabic/g9-arabic-p02.pdf","pdf","server-map.json ; books-menu.json:tabs","yes","بدون ردیف CSV","","","","","PDF: StudyPdfCache؛ ETag/اندازه/مقایسهٔ بایت‌ها","2","منو: عربی نهم / درس دوم: اَلْعُبورُ الْمِنْ | در CSV فعلی upload-map ردیفی ندارد."
"کتاب درسی","کتاب‌های درسی","g9-arabic-p03.pdf","Bucket/Pdf-files/G09/g9-arabic/g9-arabic-p03.pdf","https://c539776.parspack.net/Bucket/Pdf-files/G09/g9-arabic/g9-arabic-p03.pdf","pdf","server-map.json ; books-menu.json:tabs","yes","بدون ردیف CSV","","","","","PDF: StudyPdfCache؛ ETag/اندازه/مقایسهٔ بایت‌ها","2","منو: عربی نهم / درس سوم: جِسْرُ اَلصَّداقَة | در CSV فعلی upload-map ردیفی ندارد."
"کتاب درسی","کتاب‌های درسی","g9-arabic-p04.pdf","Bucket/Pdf-files/G09/g9-arabic/g9-arabic-p04.pdf","https://c539776.parspack.net/Bucket/Pdf-files/G09/g9-arabic/g9-arabic-p04.pdf","pdf","server-map.json ; books-menu.json:tabs","yes","بدون ردیف CSV","","","","","PDF: StudyPdfCache؛ ETag/اندازه/مقایسهٔ بایت‌ها","2","منو: عربی نهم / درس چهارم: اَلصَّبْرُ مِفتاحُ اَلْفَرَج | در CSV فعلی upload-map ردیفی ندارد."
"کتاب درسی","کتاب‌های درسی","g9-arabic-p05.pdf","Bucket/Pdf-files/G09/g9-arabic/g9-arabic-p05.pdf","https://c539776.parspack.net/Bucket/Pdf-files/G09/g9-arabic/g9-arabic-p05.pdf","pdf","server-map.json ; books-menu.json:tabs","yes","بدون ردیف CSV","","","","","PDF: StudyPdfCache؛ ETag/اندازه/مقایسهٔ بایت‌ها","2","منو: عربی نهم / درس پنجم: اَلرَّجاء | در CSV فعلی upload-map ردیفی ندارد."
"کتاب درسی","کتاب‌های درسی","g9-arabic-p06.pdf","Bucket/Pdf-files/G09/g9-arabic/g9-arabic-p06.pdf","https://c539776.parspack.net/Bucket/Pdf-files/G09/g9-arabic/g9-arabic-p06.pdf","pdf","server-map.json ; books-menu.json:tabs","yes","بدون ردیف CSV","","","","","PDF: StudyPdfCache؛ ETag/اندازه/مقایسهٔ بایت‌ها","2","منو: عربی نهم / درس ششم: تَغییرُ اَلْحَیاة | در CSV فعلی upload-map ردیفی ندارد."
"کتاب درسی","کتاب‌های درسی","g9-arabic-p07.pdf","Bucket/Pdf-files/G09/g9-arabic/g9-arabic-p07.pdf","https://c539776.parspack.net/Bucket/Pdf-files/G09/g9-arabic/g9-arabic-p07.pdf","pdf","server-map.json ; books-menu.json:tabs","yes","بدون ردیف CSV","","","","","PDF: StudyPdfCache؛ ETag/اندازه/مقایسهٔ بایت‌ها","2","منو: عربی نهم / درس هفتم: ثَمَرَةُ اَلْجِدّ | در CSV فعلی upload-map ردیفی ندارد."
"کتاب درسی","کتاب‌های درسی","g9-arabic-p08.pdf","Bucket/Pdf-files/G09/g9-arabic/g9-arabic-p08.pdf","https://c539776.parspack.net/Bucket/Pdf-files/G09/g9-arabic/g9-arabic-p08.pdf","pdf","server-map.json ; books-menu.json:tabs","yes","بدون ردیف CSV","","","","","PDF: StudyPdfCache؛ ETag/اندازه/مقایسهٔ بایت‌ها","2","منو: عربی نهم / درس هشتم: حِوارٌ بَیْنَ اَلزّائِرِ وَ سائِقِ سَیّارَةِ اَلْأُجْرَة | در CSV فعلی upload-map ردیفی ندارد."
"کتاب درسی","کتاب‌های درسی","g9-arabic-p09.pdf","Bucket/Pdf-files/G09/g9-arabic/g9-arabic-p09.pdf","https://c539776.parspack.net/Bucket/Pdf-files/G09/g9-arabic/g9-arabic-p09.pdf","pdf","server-map.json ; books-menu.json:tabs","yes","بدون ردیف CSV","","","","","PDF: StudyPdfCache؛ ETag/اندازه/مقایسهٔ بایت‌ها","2","منو: عربی نهم / درس نهم: نُصوصٌ حَوْلَ اَلصِّحَّة | در CSV فعلی upload-map ردیفی ندارد."
"کتاب درسی","کتاب‌های درسی","g9-arabic-p10.pdf","Bucket/Pdf-files/G09/g9-arabic/g9-arabic-p10.pdf","https://c539776.parspack.net/Bucket/Pdf-files/G09/g9-arabic/g9-arabic-p10.pdf","pdf","server-map.json ; books-menu.json:tabs","yes","بدون ردیف CSV","","","","","PDF: StudyPdfCache؛ ETag/اندازه/مقایسهٔ بایت‌ها","2","منو: عربی نهم / درس دهم: رِسالَةُ اَلشَّهیدِ سُلَیمانی | در CSV فعلی upload-map ردیفی ندارد."
"پیام پایانی: فی أمانِ الله","کتاب‌های درسی","g9-arabic-p11.pdf","Bucket/Pdf-files/G09/g9-arabic/g9-arabic-p11.pdf","https://c539776.parspack.net/Bucket/Pdf-files/G09/g9-arabic/g9-arabic-p11.pdf","pdf","server-map.json ; books-menu.json:key","yes","بدون ردیف CSV","","","","","PDF: StudyPdfCache؛ ETag/اندازه/مقایسهٔ بایت‌ها","2","منو: عربی نهم / پیام پایانی: فی أمانِ الله | در CSV فعلی upload-map ردیفی ندارد."
"واژه‌نامه","کتاب‌های درسی","g9-art-dict.pdf","Bucket/Pdf-files/G09/g9-art/g9-art-dict.pdf","https://c539776.parspack.net/Bucket/Pdf-files/G09/g9-art/g9-art-dict.pdf","pdf","server-map.json ; books-menu.json:key","yes","بدون ردیف CSV","","","","","PDF: StudyPdfCache؛ ETag/اندازه/مقایسهٔ بایت‌ها","2","منو: فرهنگ و هنر نهم / واژه‌نامه | در CSV فعلی upload-map ردیفی ندارد."
"فصل اوّل: طرّاحی","کتاب‌های درسی","g9-art-f01-1.pdf","Bucket/Pdf-files/G09/g9-art/g9-art-f01-1.pdf","https://c539776.parspack.net/Bucket/Pdf-files/G09/g9-art/g9-art-f01-1.pdf","pdf","server-map.json ; books-menu.json:key","yes","بدون ردیف CSV","","","","","PDF: StudyPdfCache؛ ETag/اندازه/مقایسهٔ بایت‌ها","2","منو: فرهنگ و هنر نهم / بخش اوّل: هنرهای تجسّمی / فصل اوّل: طرّاحی | در CSV فعلی upload-map ردیفی ندارد."
"فصل اوّل: طرّاحی نقوش تزیینی","کتاب‌های درسی","g9-art-f01-2.pdf","Bucket/Pdf-files/G09/g9-art/g9-art-f01-2.pdf","https://c539776.parspack.net/Bucket/Pdf-files/G09/g9-art/g9-art-f01-2.pdf","pdf","server-map.json ; books-menu.json:key","yes","بدون ردیف CSV","","","","","PDF: StudyPdfCache؛ ETag/اندازه/مقایسهٔ بایت‌ها","2","منو: فرهنگ و هنر نهم / بخش سوم: هنرهای سنتی / فصل اوّل: طرّاحی نقوش تزیینی | در CSV فعلی upload-map ردیفی ندارد."
"فصل دوم: نگاشتار (گرافیک)","کتاب‌های درسی","g9-art-f02-1.pdf","Bucket/Pdf-files/G09/g9-art/g9-art-f02-1.pdf","https://c539776.parspack.net/Bucket/Pdf-files/G09/g9-art/g9-art-f02-1.pdf","pdf","server-map.json ; books-menu.json:key","yes","بدون ردیف CSV","","","","","PDF: StudyPdfCache؛ ETag/اندازه/مقایسهٔ بایت‌ها","2","منو: فرهنگ و هنر نهم / بخش اوّل: هنرهای تجسّمی / فصل دوم: نگاشتار (گرافیک) | در CSV فعلی upload-map ردیفی ندارد."
"فصل دوم: هنرهای زیرالکی","کتاب‌های درسی","g9-art-f02-2.pdf","Bucket/Pdf-files/G09/g9-art/g9-art-f02-2.pdf","https://c539776.parspack.net/Bucket/Pdf-files/G09/g9-art/g9-art-f02-2.pdf","pdf","server-map.json ; books-menu.json:key","yes","بدون ردیف CSV","","","","","PDF: StudyPdfCache؛ ETag/اندازه/مقایسهٔ بایت‌ها","2","منو: فرهنگ و هنر نهم / بخش سوم: هنرهای سنتی / فصل دوم: هنرهای زیرالکی | در CSV فعلی upload-map ردیفی ندارد."
"فصل سوم: عکّاسی","کتاب‌های درسی","g9-art-f03-1.pdf","Bucket/Pdf-files/G09/g9-art/g9-art-f03-1.pdf","https://c539776.parspack.net/Bucket/Pdf-files/G09/g9-art/g9-art-f03-1.pdf","pdf","server-map.json ; books-menu.json:key","yes","بدون ردیف CSV","","","","","PDF: StudyPdfCache؛ ETag/اندازه/مقایسهٔ بایت‌ها","2","منو: فرهنگ و هنر نهم / بخش اوّل: هنرهای تجسّمی / فصل سوم: عکّاسی | در CSV فعلی upload-map ردیفی ندارد."
"فصل سوم: سوزن‌دوزی‌های سنتی ایران","کتاب‌های درسی","g9-art-f03-2.pdf","Bucket/Pdf-files/G09/g9-art/g9-art-f03-2.pdf","https://c539776.parspack.net/Bucket/Pdf-files/G09/g9-art/g9-art-f03-2.pdf","pdf","server-map.json ; books-menu.json:key","yes","بدون ردیف CSV","","","","","PDF: StudyPdfCache؛ ETag/اندازه/مقایسهٔ بایت‌ها","2","منو: فرهنگ و هنر نهم / بخش سوم: هنرهای سنتی / فصل سوم: سوزن‌دوزی‌های سنتی ایران | در CSV فعلی upload-map ردیفی ندارد."
"فهرست مطالب","کتاب‌های درسی","g9-art-index.pdf","Bucket/Pdf-files/G09/g9-art/g9-art-index.pdf","https://c539776.parspack.net/Bucket/Pdf-files/G09/g9-art/g9-art-index.pdf","pdf","server-map.json ; books-menu.json:key","yes","بدون ردیف CSV","","","","","PDF: StudyPdfCache؛ ETag/اندازه/مقایسهٔ بایت‌ها","2","منو: فرهنگ و هنر نهم / فهرست مطالب | در CSV فعلی upload-map ردیفی ندارد."
"تابلوی هنری: نقاشی رنگ‌وروغن ـ استاد کیخسرو خروش","کتاب‌های درسی","g9-art-p01.pdf","Bucket/Pdf-files/G09/g9-art/g9-art-p01.pdf","https://c539776.parspack.net/Bucket/Pdf-files/G09/g9-art/g9-art-p01.pdf","pdf","server-map.json ; books-menu.json:key","yes","بدون ردیف CSV","","","","","PDF: StudyPdfCache؛ ETag/اندازه/مقایسهٔ بایت‌ها","2","منو: فرهنگ و هنر نهم / تابلوی هنری: نقاشی رنگ‌وروغن ـ استاد کیخسرو خروش | در CSV فعلی upload-map ردیفی ندارد."
"کتاب درسی","کتاب‌های درسی","g9-art-p03.pdf","Bucket/Pdf-files/G09/g9-art/g9-art-p03.pdf","https://c539776.parspack.net/Bucket/Pdf-files/G09/g9-art/g9-art-p03.pdf","pdf","server-map.json ; books-menu.json:tabs","yes","بدون ردیف CSV","","","","","PDF: StudyPdfCache؛ ETag/اندازه/مقایسهٔ بایت‌ها","2","منو: فرهنگ و هنر نهم / بخش اوّل: هنرهای تجسّمی / فصل اوّل: طرّاحی / فصل اوّل درس اوّل: فضا و عمق | در CSV فعلی upload-map ردیفی ندارد."
"کتاب درسی","کتاب‌های درسی","g9-art-p04.pdf","Bucket/Pdf-files/G09/g9-art/g9-art-p04.pdf","https://c539776.parspack.net/Bucket/Pdf-files/G09/g9-art/g9-art-p04.pdf","pdf","server-map.json ; books-menu.json:tabs","yes","بدون ردیف CSV","","","","","PDF: StudyPdfCache؛ ETag/اندازه/مقایسهٔ بایت‌ها","2","منو: فرهنگ و هنر نهم / بخش اوّل: هنرهای تجسّمی / فصل اوّل: طرّاحی / فصل اوّل درس دوم: نور و حجم | در CSV فعلی upload-map ردیفی ندارد."
"کتاب درسی","کتاب‌های درسی","g9-art-p05.pdf","Bucket/Pdf-files/G09/g9-art/g9-art-p05.pdf","https://c539776.parspack.net/Bucket/Pdf-files/G09/g9-art/g9-art-p05.pdf","pdf","server-map.json ; books-menu.json:tabs","yes","بدون ردیف CSV","","","","","PDF: StudyPdfCache؛ ETag/اندازه/مقایسهٔ بایت‌ها","2","منو: فرهنگ و هنر نهم / بخش اوّل: هنرهای تجسّمی / فصل اوّل: طرّاحی / فصل اوّل درس سوم: ابزارهای ترسیم | در CSV فعلی upload-map ردیفی ندارد."
"کتاب درسی","کتاب‌های درسی","g9-art-p06.pdf","Bucket/Pdf-files/G09/g9-art/g9-art-p06.pdf","https://c539776.parspack.net/Bucket/Pdf-files/G09/g9-art/g9-art-p06.pdf","pdf","server-map.json ; books-menu.json:tabs","yes","بدون ردیف CSV","","","","","PDF: StudyPdfCache؛ ETag/اندازه/مقایسهٔ بایت‌ها","2","منو: فرهنگ و هنر نهم / بخش اوّل: هنرهای تجسّمی / فصل اوّل: طرّاحی / فصل اوّل درس چهارم: تعریف و کاربردهای طرّاحی | در CSV فعلی upload-map ردیفی ندارد."
"کتاب درسی","کتاب‌های درسی","g9-art-p07.pdf","Bucket/Pdf-files/G09/g9-art/g9-art-p07.pdf","https://c539776.parspack.net/Bucket/Pdf-files/G09/g9-art/g9-art-p07.pdf","pdf","server-map.json ; books-menu.json:tabs","yes","بدون ردیف CSV","","","","","PDF: StudyPdfCache؛ ETag/اندازه/مقایسهٔ بایت‌ها","2","منو: فرهنگ و هنر نهم / بخش اوّل: هنرهای تجسّمی / فصل دوم: نگاشتار (گرافیک) / فصل دوم درس اوّل: نگاشتار (گرافیک) و تبلیغات | در CSV فعلی upload-map ردیفی ندارد."
"کتاب درسی","کتاب‌های درسی","g9-art-p08.pdf","Bucket/Pdf-files/G09/g9-art/g9-art-p08.pdf","https://c539776.parspack.net/Bucket/Pdf-files/G09/g9-art/g9-art-p08.pdf","pdf","server-map.json ; books-menu.json:tabs","yes","بدون ردیف CSV","","","","","PDF: StudyPdfCache؛ ETag/اندازه/مقایسهٔ بایت‌ها","2","منو: فرهنگ و هنر نهم / بخش اوّل: هنرهای تجسّمی / فصل دوم: نگاشتار (گرافیک) / فصل دوم درس دوم: اعلان و صفحه‌آرایی | در CSV فعلی upload-map ردیفی ندارد."
"کتاب درسی","کتاب‌های درسی","g9-art-p09.pdf","Bucket/Pdf-files/G09/g9-art/g9-art-p09.pdf","https://c539776.parspack.net/Bucket/Pdf-files/G09/g9-art/g9-art-p09.pdf","pdf","server-map.json ; books-menu.json:tabs","yes","بدون ردیف CSV","","","","","PDF: StudyPdfCache؛ ETag/اندازه/مقایسهٔ بایت‌ها","2","منو: فرهنگ و هنر نهم / بخش اوّل: هنرهای تجسّمی / فصل دوم: نگاشتار (گرافیک) / فصل دوم درس سوم: نگاشتار (گرافیک) محیطی | در CSV فعلی upload-map ردیفی ندارد."
"کتاب درسی","کتاب‌های درسی","g9-art-p10.pdf","Bucket/Pdf-files/G09/g9-art/g9-art-p10.pdf","https://c539776.parspack.net/Bucket/Pdf-files/G09/g9-art/g9-art-p10.pdf","pdf","server-map.json ; books-menu.json:tabs","yes","بدون ردیف CSV","","","","","PDF: StudyPdfCache؛ ETag/اندازه/مقایسهٔ بایت‌ها","2","منو: فرهنگ و هنر نهم / بخش اوّل: هنرهای تجسّمی / فصل سوم: عکّاسی / فصل سوم درس اوّل: عکس‌های ترکیبی | در CSV فعلی upload-map ردیفی ندارد."
"کتاب درسی","کتاب‌های درسی","g9-art-p11.pdf","Bucket/Pdf-files/G09/g9-art/g9-art-p11.pdf","https://c539776.parspack.net/Bucket/Pdf-files/G09/g9-art/g9-art-p11.pdf","pdf","server-map.json ; books-menu.json:tabs","yes","بدون ردیف CSV","","","","","PDF: StudyPdfCache؛ ETag/اندازه/مقایسهٔ بایت‌ها","2","منو: فرهنگ و هنر نهم / بخش اوّل: هنرهای تجسّمی / فصل سوم: عکّاسی / فصل سوم درس دوم: عکاسی روایی | در CSV فعلی upload-map ردیفی ندارد."
"کتاب درسی","کتاب‌های درسی","g9-art-p12.pdf","Bucket/Pdf-files/G09/g9-art/g9-art-p12.pdf","https://c539776.parspack.net/Bucket/Pdf-files/G09/g9-art/g9-art-p12.pdf","pdf","server-map.json ; books-menu.json:tabs","yes","بدون ردیف CSV","","","","","PDF: StudyPdfCache؛ ETag/اندازه/مقایسهٔ بایت‌ها","2","منو: فرهنگ و هنر نهم / بخش اوّل: هنرهای تجسّمی / فصل سوم: عکّاسی / فصل سوم درس سوم: گرایش‌های عکاسی | در CSV فعلی upload-map ردیفی ندارد."
"کتاب درسی","کتاب‌های درسی","g9-art-p13.pdf","Bucket/Pdf-files/G09/g9-art/g9-art-p13.pdf","https://c539776.parspack.net/Bucket/Pdf-files/G09/g9-art/g9-art-p13.pdf","pdf","server-map.json ; books-menu.json:tabs","yes","بدون ردیف CSV","","","","","PDF: StudyPdfCache؛ ETag/اندازه/مقایسهٔ بایت‌ها","2","منو: فرهنگ و هنر نهم / بخش دوم: خوشنویسی / بخش دوم درس اوّل: نحوهٔ تراشیدن قلم ــ قالب‌های اجرایی خوشنویسی | در CSV فعلی upload-map ردیفی ندارد."
"کتاب درسی","کتاب‌های درسی","g9-art-p14.pdf","Bucket/Pdf-files/G09/g9-art/g9-art-p14.pdf","https://c539776.parspack.net/Bucket/Pdf-files/G09/g9-art/g9-art-p14.pdf","pdf","server-map.json ; books-menu.json:tabs","yes","بدون ردیف CSV","","","","","PDF: StudyPdfCache؛ ETag/اندازه/مقایسهٔ بایت‌ها","2","منو: فرهنگ و هنر نهم / بخش دوم: خوشنویسی / بخش دوم درس دوم: معرفی خط نستعلیق و مشق سطرنویسی | در CSV فعلی upload-map ردیفی ندارد."
"کتاب درسی","کتاب‌های درسی","g9-art-p15.pdf","Bucket/Pdf-files/G09/g9-art/g9-art-p15.pdf","https://c539776.parspack.net/Bucket/Pdf-files/G09/g9-art/g9-art-p15.pdf","pdf","server-map.json ; books-menu.json:tabs","yes","بدون ردیف CSV","","","","","PDF: StudyPdfCache؛ ETag/اندازه/مقایسهٔ بایت‌ها","2","منو: فرهنگ و هنر نهم / بخش دوم: خوشنویسی / بخش دوم درس سوم: معرفی خط شکستهٔ نستعلیق و مشق دو سطری‌نویسی | در CSV فعلی upload-map ردیفی ندارد."
"کتاب درسی","کتاب‌های درسی","g9-art-p16.pdf","Bucket/Pdf-files/G09/g9-art/g9-art-p16.pdf","https://c539776.parspack.net/Bucket/Pdf-files/G09/g9-art/g9-art-p16.pdf","pdf","server-map.json ; books-menu.json:tabs","yes","بدون ردیف CSV","","","","","PDF: StudyPdfCache؛ ETag/اندازه/مقایسهٔ بایت‌ها","2","منو: فرهنگ و هنر نهم / بخش دوم: خوشنویسی / بخش دوم درس چهارم: گرایش‌های هنری با بنیان خوشنویسی و مشق دفتری‌نویسی | در CSV فعلی upload-map ردیفی ندارد."
"کتاب درسی","کتاب‌های درسی","g9-art-p17.pdf","Bucket/Pdf-files/G09/g9-art/g9-art-p17.pdf","https://c539776.parspack.net/Bucket/Pdf-files/G09/g9-art/g9-art-p17.pdf","pdf","server-map.json ; books-menu.json:tabs","yes","بدون ردیف CSV","","","","","PDF: StudyPdfCache؛ ETag/اندازه/مقایسهٔ بایت‌ها","2","منو: فرهنگ و هنر نهم / بخش سوم: هنرهای سنتی / فصل اوّل: طرّاحی نقوش تزیینی / فصل اوّل درس اوّل: چهارلنگه | در CSV فعلی upload-map ردیفی ندارد."
"کتاب درسی","کتاب‌های درسی","g9-art-p18.pdf","Bucket/Pdf-files/G09/g9-art/g9-art-p18.pdf","https://c539776.parspack.net/Bucket/Pdf-files/G09/g9-art/g9-art-p18.pdf","pdf","server-map.json ; books-menu.json:tabs","yes","بدون ردیف CSV","","","","","PDF: StudyPdfCache؛ ETag/اندازه/مقایسهٔ بایت‌ها","2","منو: فرهنگ و هنر نهم / بخش سوم: هنرهای سنتی / فصل اوّل: طرّاحی نقوش تزیینی / فصل اوّل درس دوم: گره هشت و چهارلنگه | در CSV فعلی upload-map ردیفی ندارد."
"کتاب درسی","کتاب‌های درسی","g9-art-p19.pdf","Bucket/Pdf-files/G09/g9-art/g9-art-p19.pdf","https://c539776.parspack.net/Bucket/Pdf-files/G09/g9-art/g9-art-p19.pdf","pdf","server-map.json ; books-menu.json:tabs","yes","بدون ردیف CSV","","","","","PDF: StudyPdfCache؛ ETag/اندازه/مقایسهٔ بایت‌ها","2","منو: فرهنگ و هنر نهم / بخش سوم: هنرهای سنتی / فصل اوّل: طرّاحی نقوش تزیینی / فصل اوّل درس سوم: بته (بته‌جقه) | در CSV فعلی upload-map ردیفی ندارد."
"کتاب درسی","کتاب‌های درسی","g9-art-p20.pdf","Bucket/Pdf-files/G09/g9-art/g9-art-p20.pdf","https://c539776.parspack.net/Bucket/Pdf-files/G09/g9-art/g9-art-p20.pdf","pdf","server-map.json ; books-menu.json:tabs","yes","بدون ردیف CSV","","","","","PDF: StudyPdfCache؛ ETag/اندازه/مقایسهٔ بایت‌ها","2","منو: فرهنگ و هنر نهم / بخش سوم: هنرهای سنتی / فصل دوم: هنرهای زیرالکی / فصل دوم درس اوّل: جلدسازی سنتی (زیرالکی با روش لایه‌های کاغذ) | در CSV فعلی upload-map ردیفی ندارد."
"کتاب درسی","کتاب‌های درسی","g9-art-p21.pdf","Bucket/Pdf-files/G09/g9-art/g9-art-p21.pdf","https://c539776.parspack.net/Bucket/Pdf-files/G09/g9-art/g9-art-p21.pdf","pdf","server-map.json ; books-menu.json:tabs","yes","بدون ردیف CSV","","","","","PDF: StudyPdfCache؛ ETag/اندازه/مقایسهٔ بایت‌ها","2","منو: فرهنگ و هنر نهم / بخش سوم: هنرهای سنتی / فصل دوم: هنرهای زیرالکی / فصل دوم درس دوم: جعبه‌های روغنی (زیرالکی با روش نوار کاغذ) | در CSV فعلی upload-map ردیفی ندارد."
"کتاب درسی","کتاب‌های درسی","g9-art-p22.pdf","Bucket/Pdf-files/G09/g9-art/g9-art-p22.pdf","https://c539776.parspack.net/Bucket/Pdf-files/G09/g9-art/g9-art-p22.pdf","pdf","server-map.json ; books-menu.json:tabs","yes","بدون ردیف CSV","","","","","PDF: StudyPdfCache؛ ETag/اندازه/مقایسهٔ بایت‌ها","2","منو: فرهنگ و هنر نهم / بخش سوم: هنرهای سنتی / فصل دوم: هنرهای زیرالکی / فصل دوم درس سوم: اشیای روغنی (زیرالکی روی چوب) | در CSV فعلی upload-map ردیفی ندارد."
"کتاب درسی","کتاب‌های درسی","g9-art-p23.pdf","Bucket/Pdf-files/G09/g9-art/g9-art-p23.pdf","https://c539776.parspack.net/Bucket/Pdf-files/G09/g9-art/g9-art-p23.pdf","pdf","server-map.json ; books-menu.json:tabs","yes","بدون ردیف CSV","","","","","PDF: StudyPdfCache؛ ETag/اندازه/مقایسهٔ بایت‌ها","2","منو: فرهنگ و هنر نهم / بخش سوم: هنرهای سنتی / فصل سوم: سوزن‌دوزی‌های سنتی ایران / فصل سوم درس اوّل: درویش‌دوزی | در CSV فعلی upload-map ردیفی ندارد."
"کتاب درسی","کتاب‌های درسی","g9-art-p24.pdf","Bucket/Pdf-files/G09/g9-art/g9-art-p24.pdf","https://c539776.parspack.net/Bucket/Pdf-files/G09/g9-art/g9-art-p24.pdf","pdf","server-map.json ; books-menu.json:tabs","yes","بدون ردیف CSV","","","","","PDF: StudyPdfCache؛ ETag/اندازه/مقایسهٔ بایت‌ها","2","منو: فرهنگ و هنر نهم / بخش سوم: هنرهای سنتی / فصل سوم: سوزن‌دوزی‌های سنتی ایران / فصل سوم درس دوم: زرتشتی‌دوزی | در CSV فعلی upload-map ردیفی ندارد."
"کتاب درسی","کتاب‌های درسی","g9-art-p25.pdf","Bucket/Pdf-files/G09/g9-art/g9-art-p25.pdf","https://c539776.parspack.net/Bucket/Pdf-files/G09/g9-art/g9-art-p25.pdf","pdf","server-map.json ; books-menu.json:tabs","yes","بدون ردیف CSV","","","","","PDF: StudyPdfCache؛ ETag/اندازه/مقایسهٔ بایت‌ها","2","منو: فرهنگ و هنر نهم / بخش سوم: هنرهای سنتی / فصل سوم: سوزن‌دوزی‌های سنتی ایران / فصل سوم درس سوم: پته‌دوزی | در CSV فعلی upload-map ردیفی ندارد."
"کتاب درسی","کتاب‌های درسی","g9-art-p26.pdf","Bucket/Pdf-files/G09/g9-art/g9-art-p26.pdf","https://c539776.parspack.net/Bucket/Pdf-files/G09/g9-art/g9-art-p26.pdf","pdf","server-map.json ; books-menu.json:tabs","yes","بدون ردیف CSV","","","","","PDF: StudyPdfCache؛ ETag/اندازه/مقایسهٔ بایت‌ها","2","منو: فرهنگ و هنر نهم / بخش چهارم: هنرهای آوایی / بخش چهارم درس اوّل: آواهای قومی (مردمی) | در CSV فعلی upload-map ردیفی ندارد."
"کتاب درسی","کتاب‌های درسی","g9-art-p27.pdf","Bucket/Pdf-files/G09/g9-art/g9-art-p27.pdf","https://c539776.parspack.net/Bucket/Pdf-files/G09/g9-art/g9-art-p27.pdf","pdf","server-map.json ; books-menu.json:tabs","yes","بدون ردیف CSV","","","","","PDF: StudyPdfCache؛ ETag/اندازه/مقایسهٔ بایت‌ها","2","منو: فرهنگ و هنر نهم / بخش چهارم: هنرهای آوایی / بخش چهارم درس دوم: ردیف دستگاهی ایران | در CSV فعلی upload-map ردیفی ندارد."
"کتاب درسی","کتاب‌های درسی","g9-art-p28.pdf","Bucket/Pdf-files/G09/g9-art/g9-art-p28.pdf","https://c539776.parspack.net/Bucket/Pdf-files/G09/g9-art/g9-art-p28.pdf","pdf","server-map.json ; books-menu.json:tabs","yes","بدون ردیف CSV","","","","","PDF: StudyPdfCache؛ ETag/اندازه/مقایسهٔ بایت‌ها","2","منو: فرهنگ و هنر نهم / بخش چهارم: هنرهای آوایی / بخش چهارم درس سوم: آواهای دینی ایران | در CSV فعلی upload-map ردیفی ندارد."
"کتاب درسی","کتاب‌های درسی","g9-art-p29.pdf","Bucket/Pdf-files/G09/g9-art/g9-art-p29.pdf","https://c539776.parspack.net/Bucket/Pdf-files/G09/g9-art/g9-art-p29.pdf","pdf","server-map.json ; books-menu.json:tabs","yes","بدون ردیف CSV","","","","","PDF: StudyPdfCache؛ ETag/اندازه/مقایسهٔ بایت‌ها","2","منو: فرهنگ و هنر نهم / بخش چهارم: هنرهای آوایی / بخش چهارم درس چهارم: وزن و ریتم در آواهای ایرانی | در CSV فعلی upload-map ردیفی ندارد."
"کتاب درسی","کتاب‌های درسی","g9-art-p30.pdf","Bucket/Pdf-files/G09/g9-art/g9-art-p30.pdf","https://c539776.parspack.net/Bucket/Pdf-files/G09/g9-art/g9-art-p30.pdf","pdf","server-map.json ; books-menu.json:tabs","yes","بدون ردیف CSV","","","","","PDF: StudyPdfCache؛ ETag/اندازه/مقایسهٔ بایت‌ها","2","منو: فرهنگ و هنر نهم / بخش چهارم: هنرهای آوایی / بخش چهارم درس پنجم: شکل (فرم) و گونه (ژانر)های آوایی | در CSV فعلی upload-map ردیفی ندارد."
"کتاب درسی","کتاب‌های درسی","g9-art-p31.pdf","Bucket/Pdf-files/G09/g9-art/g9-art-p31.pdf","https://c539776.parspack.net/Bucket/Pdf-files/G09/g9-art/g9-art-p31.pdf","pdf","server-map.json ; books-menu.json:tabs","yes","بدون ردیف CSV","","","","","PDF: StudyPdfCache؛ ETag/اندازه/مقایسهٔ بایت‌ها","2","منو: فرهنگ و هنر نهم / بخش پنجم: هنرهای نمایشی / بخش پنجم درس اوّل: کارگردانی و انتخاب نمایشنامه | در CSV فعلی upload-map ردیفی ندارد."
"کتاب درسی","کتاب‌های درسی","g9-art-p32.pdf","Bucket/Pdf-files/G09/g9-art/g9-art-p32.pdf","https://c539776.parspack.net/Bucket/Pdf-files/G09/g9-art/g9-art-p32.pdf","pdf","server-map.json ; books-menu.json:tabs","yes","بدون ردیف CSV","","","","","PDF: StudyPdfCache؛ ETag/اندازه/مقایسهٔ بایت‌ها","2","منو: فرهنگ و هنر نهم / بخش پنجم: هنرهای نمایشی / بخش پنجم درس دوم: انتخاب بازیگر و خواندن متن | در CSV فعلی upload-map ردیفی ندارد."
"کتاب درسی","کتاب‌های درسی","g9-art-p33.pdf","Bucket/Pdf-files/G09/g9-art/g9-art-p33.pdf","https://c539776.parspack.net/Bucket/Pdf-files/G09/g9-art/g9-art-p33.pdf","pdf","server-map.json ; books-menu.json:tabs","yes","بدون ردیف CSV","","","","","PDF: StudyPdfCache؛ ETag/اندازه/مقایسهٔ بایت‌ها","2","منو: فرهنگ و هنر نهم / بخش پنجم: هنرهای نمایشی / بخش پنجم درس سوم: حرکت و چیدمان روی صحنه | در CSV فعلی upload-map ردیفی ندارد."
"بخش اوّل: هنرهای تجسّمی","کتاب‌های درسی","g9-art-sec1.pdf","Bucket/Pdf-files/G09/g9-art/g9-art-sec1.pdf","https://c539776.parspack.net/Bucket/Pdf-files/G09/g9-art/g9-art-sec1.pdf","pdf","server-map.json ; books-menu.json:key","yes","بدون ردیف CSV","","","","","PDF: StudyPdfCache؛ ETag/اندازه/مقایسهٔ بایت‌ها","2","منو: فرهنگ و هنر نهم / بخش اوّل: هنرهای تجسّمی | در CSV فعلی upload-map ردیفی ندارد."
"بخش دوم: خوشنویسی","کتاب‌های درسی","g9-art-sec2.pdf","Bucket/Pdf-files/G09/g9-art/g9-art-sec2.pdf","https://c539776.parspack.net/Bucket/Pdf-files/G09/g9-art/g9-art-sec2.pdf","pdf","server-map.json ; books-menu.json:key","yes","بدون ردیف CSV","","","","","PDF: StudyPdfCache؛ ETag/اندازه/مقایسهٔ بایت‌ها","2","منو: فرهنگ و هنر نهم / بخش دوم: خوشنویسی | در CSV فعلی upload-map ردیفی ندارد."
"بخش سوم: هنرهای سنتی","کتاب‌های درسی","g9-art-sec3.pdf","Bucket/Pdf-files/G09/g9-art/g9-art-sec3.pdf","https://c539776.parspack.net/Bucket/Pdf-files/G09/g9-art/g9-art-sec3.pdf","pdf","server-map.json ; books-menu.json:key","yes","بدون ردیف CSV","","","","","PDF: StudyPdfCache؛ ETag/اندازه/مقایسهٔ بایت‌ها","2","منو: فرهنگ و هنر نهم / بخش سوم: هنرهای سنتی | در CSV فعلی upload-map ردیفی ندارد."
"بخش چهارم: هنرهای آوایی","کتاب‌های درسی","g9-art-sec4.pdf","Bucket/Pdf-files/G09/g9-art/g9-art-sec4.pdf","https://c539776.parspack.net/Bucket/Pdf-files/G09/g9-art/g9-art-sec4.pdf","pdf","server-map.json ; books-menu.json:key","yes","بدون ردیف CSV","","","","","PDF: StudyPdfCache؛ ETag/اندازه/مقایسهٔ بایت‌ها","2","منو: فرهنگ و هنر نهم / بخش چهارم: هنرهای آوایی | در CSV فعلی upload-map ردیفی ندارد."
"بخش پنجم: هنرهای نمایشی","کتاب‌های درسی","g9-art-sec5.pdf","Bucket/Pdf-files/G09/g9-art/g9-art-sec5.pdf","https://c539776.parspack.net/Bucket/Pdf-files/G09/g9-art/g9-art-sec5.pdf","pdf","server-map.json ; books-menu.json:key","yes","بدون ردیف CSV","","","","","PDF: StudyPdfCache؛ ETag/اندازه/مقایسهٔ بایت‌ها","2","منو: فرهنگ و هنر نهم / بخش پنجم: هنرهای نمایشی | در CSV فعلی upload-map ردیفی ندارد."
"فصل اول: مفاهیم و ضرورت آمادگی دفاعی","کتاب‌های درسی","g9-defa-f01.pdf","Bucket/Pdf-files/G09/g9-defa/g9-defa-f01.pdf","https://c539776.parspack.net/Bucket/Pdf-files/G09/g9-defa/g9-defa-f01.pdf","pdf","server-map.json ; books-menu.json:key ; books-menu.json:tabs","yes","بدون ردیف CSV","","","","","PDF: StudyPdfCache؛ ETag/اندازه/مقایسهٔ بایت‌ها","3","منو: آمادگی دفاعی نهم / فصل اول: مفاهیم و ضرورت آمادگی دفاعی | در CSV فعلی upload-map ردیفی ندارد."
"فصل دوم: فرهنگ دفاعی ما","کتاب‌های درسی","g9-defa-f02.pdf","Bucket/Pdf-files/G09/g9-defa/g9-defa-f02.pdf","https://c539776.parspack.net/Bucket/Pdf-files/G09/g9-defa/g9-defa-f02.pdf","pdf","server-map.json ; books-menu.json:key ; books-menu.json:tabs","yes","بدون ردیف CSV","","","","","PDF: StudyPdfCache؛ ETag/اندازه/مقایسهٔ بایت‌ها","3","منو: آمادگی دفاعی نهم / فصل دوم: فرهنگ دفاعی ما | در CSV فعلی upload-map ردیفی ندارد."
"فصل سوم: مهارت‌های دفاعی","کتاب‌های درسی","g9-defa-f03.pdf","Bucket/Pdf-files/G09/g9-defa/g9-defa-f03.pdf","https://c539776.parspack.net/Bucket/Pdf-files/G09/g9-defa/g9-defa-f03.pdf","pdf","server-map.json ; books-menu.json:key ; books-menu.json:tabs","yes","بدون ردیف CSV","","","","","PDF: StudyPdfCache؛ ETag/اندازه/مقایسهٔ بایت‌ها","3","منو: آمادگی دفاعی نهم / فصل سوم: مهارت‌های دفاعی | در CSV فعلی upload-map ردیفی ندارد."
"فهرست","کتاب‌های درسی","g9-defa-index.pdf","Bucket/Pdf-files/G09/g9-defa/g9-defa-index.pdf","https://c539776.parspack.net/Bucket/Pdf-files/G09/g9-defa/g9-defa-index.pdf","pdf","server-map.json ; books-menu.json:key","yes","بدون ردیف CSV","","","","","PDF: StudyPdfCache؛ ETag/اندازه/مقایسهٔ بایت‌ها","2","منو: آمادگی دفاعی نهم / فهرست | در CSV فعلی upload-map ردیفی ندارد."
"کتاب درسی","کتاب‌های درسی","g9-defa-p02.pdf","Bucket/Pdf-files/G09/g9-defa/g9-defa-p02.pdf","https://c539776.parspack.net/Bucket/Pdf-files/G09/g9-defa/g9-defa-p02.pdf","pdf","server-map.json ; books-menu.json:tabs","yes","بدون ردیف CSV","","","","","PDF: StudyPdfCache؛ ETag/اندازه/مقایسهٔ بایت‌ها","2","منو: آمادگی دفاعی نهم / فصل اول: مفاهیم و ضرورت آمادگی دفاعی / فصل اول درس یکم: تهدید چیست؟ دشمن کیست؟ | در CSV فعلی upload-map ردیفی ندارد."
"کتاب درسی","کتاب‌های درسی","g9-defa-p03.pdf","Bucket/Pdf-files/G09/g9-defa/g9-defa-p03.pdf","https://c539776.parspack.net/Bucket/Pdf-files/G09/g9-defa/g9-defa-p03.pdf","pdf","server-map.json ; books-menu.json:tabs","yes","بدون ردیف CSV","","","","","PDF: StudyPdfCache؛ ETag/اندازه/مقایسهٔ بایت‌ها","2","منو: آمادگی دفاعی نهم / فصل اول: مفاهیم و ضرورت آمادگی دفاعی / فصل اول درس دوم: موقعیت ایران و تهدیدهای آن | در CSV فعلی upload-map ردیفی ندارد."
"کتاب درسی","کتاب‌های درسی","g9-defa-p04.pdf","Bucket/Pdf-files/G09/g9-defa/g9-defa-p04.pdf","https://c539776.parspack.net/Bucket/Pdf-files/G09/g9-defa/g9-defa-p04.pdf","pdf","server-map.json ; books-menu.json:tabs","yes","بدون ردیف CSV","","","","","PDF: StudyPdfCache؛ ETag/اندازه/مقایسهٔ بایت‌ها","2","منو: آمادگی دفاعی نهم / فصل دوم: فرهنگ دفاعی ما / فصل دوم درس سوم: روایت فتح | در CSV فعلی upload-map ردیفی ندارد."
"کتاب درسی","کتاب‌های درسی","g9-defa-p05.pdf","Bucket/Pdf-files/G09/g9-defa/g9-defa-p05.pdf","https://c539776.parspack.net/Bucket/Pdf-files/G09/g9-defa/g9-defa-p05.pdf","pdf","server-map.json ; books-menu.json:tabs","yes","بدون ردیف CSV","","","","","PDF: StudyPdfCache؛ ETag/اندازه/مقایسهٔ بایت‌ها","2","منو: آمادگی دفاعی نهم / فصل دوم: فرهنگ دفاعی ما / فصل دوم درس چهارم: باید برخاست | در CSV فعلی upload-map ردیفی ندارد."
"کتاب درسی","کتاب‌های درسی","g9-defa-p06.pdf","Bucket/Pdf-files/G09/g9-defa/g9-defa-p06.pdf","https://c539776.parspack.net/Bucket/Pdf-files/G09/g9-defa/g9-defa-p06.pdf","pdf","server-map.json ; books-menu.json:tabs","yes","بدون ردیف CSV","","","","","PDF: StudyPdfCache؛ ETag/اندازه/مقایسهٔ بایت‌ها","2","منو: آمادگی دفاعی نهم / فصل دوم: فرهنگ دفاعی ما / فصل دوم درس پنجم: رویارویی قدرت‌ها | در CSV فعلی upload-map ردیفی ندارد."
"کتاب درسی","کتاب‌های درسی","g9-defa-p07.pdf","Bucket/Pdf-files/G09/g9-defa/g9-defa-p07.pdf","https://c539776.parspack.net/Bucket/Pdf-files/G09/g9-defa/g9-defa-p07.pdf","pdf","server-map.json ; books-menu.json:tabs","yes","بدون ردیف CSV","","","","","PDF: StudyPdfCache؛ ETag/اندازه/مقایسهٔ بایت‌ها","2","منو: آمادگی دفاعی نهم / فصل سوم: مهارت‌های دفاعی / فصل سوم درس ششم: نظام جمع و مهارت‌های رزم | در CSV فعلی upload-map ردیفی ندارد."
"کتاب درسی","کتاب‌های درسی","g9-defa-p08.pdf","Bucket/Pdf-files/G09/g9-defa/g9-defa-p08.pdf","https://c539776.parspack.net/Bucket/Pdf-files/G09/g9-defa/g9-defa-p08.pdf","pdf","server-map.json ; books-menu.json:tabs","yes","بدون ردیف CSV","","","","","PDF: StudyPdfCache؛ ETag/اندازه/مقایسهٔ بایت‌ها","2","منو: آمادگی دفاعی نهم / فصل سوم: مهارت‌های دفاعی / فصل سوم درس هفتم: پدافند غیرعامل | در CSV فعلی upload-map ردیفی ندارد."
"کتاب درسی","کتاب‌های درسی","g9-defa-p09.pdf","Bucket/Pdf-files/G09/g9-defa/g9-defa-p09.pdf","https://c539776.parspack.net/Bucket/Pdf-files/G09/g9-defa/g9-defa-p09.pdf","pdf","server-map.json ; books-menu.json:tabs","yes","بدون ردیف CSV","","","","","PDF: StudyPdfCache؛ ETag/اندازه/مقایسهٔ بایت‌ها","2","منو: آمادگی دفاعی نهم / فصل سوم: مهارت‌های دفاعی / فصل سوم درس هشتم: جنگ پنهان | در CSV فعلی upload-map ردیفی ندارد."
"کتاب درسی","کتاب‌های درسی","g9-defa-p10.pdf","Bucket/Pdf-files/G09/g9-defa/g9-defa-p10.pdf","https://c539776.parspack.net/Bucket/Pdf-files/G09/g9-defa/g9-defa-p10.pdf","pdf","server-map.json ; books-menu.json:tabs","yes","بدون ردیف CSV","","","","","PDF: StudyPdfCache؛ ETag/اندازه/مقایسهٔ بایت‌ها","2","منو: آمادگی دفاعی نهم / فصل سوم: مهارت‌های دفاعی / فصل سوم درس نهم: امداد و نجات | در CSV فعلی upload-map ردیفی ندارد."
"Workbook PDF","کتاب‌های درسی","g9-english-p01.pdf","Bucket/Pdf-files/G09/g9-english-workbook/g9-english-p01.pdf","https://c539776.parspack.net/Bucket/Pdf-files/G09/g9-english-workbook/g9-english-p01.pdf","pdf","server-map.json ; books-menu.json:tabs","yes","بدون ردیف CSV","","","","","PDF: StudyPdfCache؛ ETag/اندازه/مقایسهٔ بایت‌ها","2","منو: کتاب کار انگلیسی نهم / درس یکم: Lesson 1 | در CSV فعلی upload-map ردیفی ندارد."
"Workbook PDF","کتاب‌های درسی","g9-english-p02.pdf","Bucket/Pdf-files/G09/g9-english-workbook/g9-english-p02.pdf","https://c539776.parspack.net/Bucket/Pdf-files/G09/g9-english-workbook/g9-english-p02.pdf","pdf","server-map.json ; books-menu.json:tabs","yes","بدون ردیف CSV","","","","","PDF: StudyPdfCache؛ ETag/اندازه/مقایسهٔ بایت‌ها","2","منو: کتاب کار انگلیسی نهم / درس دوم: Lesson 2 | در CSV فعلی upload-map ردیفی ندارد."
"Workbook PDF","کتاب‌های درسی","g9-english-p03.pdf","Bucket/Pdf-files/G09/g9-english-workbook/g9-english-p03.pdf","https://c539776.parspack.net/Bucket/Pdf-files/G09/g9-english-workbook/g9-english-p03.pdf","pdf","server-map.json ; books-menu.json:tabs","yes","بدون ردیف CSV","","","","","PDF: StudyPdfCache؛ ETag/اندازه/مقایسهٔ بایت‌ها","2","منو: کتاب کار انگلیسی نهم / درس سوم: Lesson 3 | در CSV فعلی upload-map ردیفی ندارد."
"Workbook PDF","کتاب‌های درسی","g9-english-p04.pdf","Bucket/Pdf-files/G09/g9-english-workbook/g9-english-p04.pdf","https://c539776.parspack.net/Bucket/Pdf-files/G09/g9-english-workbook/g9-english-p04.pdf","pdf","server-map.json ; books-menu.json:tabs","yes","بدون ردیف CSV","","","","","PDF: StudyPdfCache؛ ETag/اندازه/مقایسهٔ بایت‌ها","2","منو: کتاب کار انگلیسی نهم / درس چهارم: Lesson 4 | در CSV فعلی upload-map ردیفی ندارد."
"Workbook PDF","کتاب‌های درسی","g9-english-p05.pdf","Bucket/Pdf-files/G09/g9-english-workbook/g9-english-p05.pdf","https://c539776.parspack.net/Bucket/Pdf-files/G09/g9-english-workbook/g9-english-p05.pdf","pdf","server-map.json ; books-menu.json:tabs","yes","بدون ردیف CSV","","","","","PDF: StudyPdfCache؛ ETag/اندازه/مقایسهٔ بایت‌ها","2","منو: کتاب کار انگلیسی نهم / درس پنجم: Lesson 5 | در CSV فعلی upload-map ردیفی ندارد."
"Workbook PDF","کتاب‌های درسی","g9-english-p06.pdf","Bucket/Pdf-files/G09/g9-english-workbook/g9-english-p06.pdf","https://c539776.parspack.net/Bucket/Pdf-files/G09/g9-english-workbook/g9-english-p06.pdf","pdf","server-map.json ; books-menu.json:tabs","yes","بدون ردیف CSV","","","","","PDF: StudyPdfCache؛ ETag/اندازه/مقایسهٔ بایت‌ها","2","منو: کتاب کار انگلیسی نهم / درس ششم: Lesson 6 | در CSV فعلی upload-map ردیفی ندارد."
"صفحه عنوان: Workbook: English for Schools 3","کتاب‌های درسی","g9-english-titlepage.pdf","Bucket/Pdf-files/G09/g9-english-workbook/g9-english-titlepage.pdf","https://c539776.parspack.net/Bucket/Pdf-files/G09/g9-english-workbook/g9-english-titlepage.pdf","pdf","server-map.json ; books-menu.json:key","yes","بدون ردیف CSV","","","","","PDF: StudyPdfCache؛ ETag/اندازه/مقایسهٔ بایت‌ها","2","منو: کتاب کار انگلیسی نهم / صفحه عنوان: Workbook: English for Schools 3 | در CSV فعلی upload-map ردیفی ندارد."
"آیه قرآن","کتاب‌های درسی","g9-english-p01.pdf","Bucket/Pdf-files/G09/g9-english/g9-english-p01.pdf","https://c539776.parspack.net/Bucket/Pdf-files/G09/g9-english/g9-english-p01.pdf","pdf","server-map.json ; books-menu.json:key","yes","بدون ردیف CSV","","","","","PDF: StudyPdfCache؛ ETag/اندازه/مقایسهٔ بایت‌ها","2","منو: انگلیسی نهم / آیه قرآن | در CSV فعلی upload-map ردیفی ندارد."
"نقشهٔ کتاب: Map of Prospect 3","کتاب‌های درسی","g9-english-p03.pdf","Bucket/Pdf-files/G09/g9-english/g9-english-p03.pdf","https://c539776.parspack.net/Bucket/Pdf-files/G09/g9-english/g9-english-p03.pdf","pdf","server-map.json ; books-menu.json:key","yes","بدون ردیف CSV","","","","","PDF: StudyPdfCache؛ ETag/اندازه/مقایسهٔ بایت‌ها","2","منو: انگلیسی نهم / نقشهٔ کتاب: Map of Prospect 3 | در CSV فعلی upload-map ردیفی ندارد."
"صفحهٔ Spotlight: خوش‌آمد","کتاب‌های درسی","g9-english-p04.pdf","Bucket/Pdf-files/G09/g9-english/g9-english-p04.pdf","https://c539776.parspack.net/Bucket/Pdf-files/G09/g9-english/g9-english-p04.pdf","pdf","server-map.json ; books-menu.json:key","yes","بدون ردیف CSV","","","","","PDF: StudyPdfCache؛ ETag/اندازه/مقایسهٔ بایت‌ها","2","منو: انگلیسی نهم / صفحهٔ Spotlight: خوش‌آمد | در CSV فعلی upload-map ردیفی ندارد."
"Textbook PDF","کتاب‌های درسی","g9-english-p05.pdf","Bucket/Pdf-files/G09/g9-english/g9-english-p05.pdf","https://c539776.parspack.net/Bucket/Pdf-files/G09/g9-english/g9-english-p05.pdf","pdf","server-map.json ; books-menu.json:tabs","yes","بدون ردیف CSV","","","","","PDF: StudyPdfCache؛ ETag/اندازه/مقایسهٔ بایت‌ها","2","منو: انگلیسی نهم / درس یکم: Lesson 1: Personality | در CSV فعلی upload-map ردیفی ندارد."
"Textbook PDF","کتاب‌های درسی","g9-english-p06.pdf","Bucket/Pdf-files/G09/g9-english/g9-english-p06.pdf","https://c539776.parspack.net/Bucket/Pdf-files/G09/g9-english/g9-english-p06.pdf","pdf","server-map.json ; books-menu.json:tabs","yes","بدون ردیف CSV","","","","","PDF: StudyPdfCache؛ ETag/اندازه/مقایسهٔ بایت‌ها","2","منو: انگلیسی نهم / درس دوم: Lesson 2: Travel | در CSV فعلی upload-map ردیفی ندارد."
"مرور یکم: Review 1","کتاب‌های درسی","g9-english-p07.pdf","Bucket/Pdf-files/G09/g9-english/g9-english-p07.pdf","https://c539776.parspack.net/Bucket/Pdf-files/G09/g9-english/g9-english-p07.pdf","pdf","server-map.json ; books-menu.json:key","yes","بدون ردیف CSV","","","","","PDF: StudyPdfCache؛ ETag/اندازه/مقایسهٔ بایت‌ها","2","منو: انگلیسی نهم / مرور یکم: Review 1 | در CSV فعلی upload-map ردیفی ندارد."
"Textbook PDF","کتاب‌های درسی","g9-english-p08.pdf","Bucket/Pdf-files/G09/g9-english/g9-english-p08.pdf","https://c539776.parspack.net/Bucket/Pdf-files/G09/g9-english/g9-english-p08.pdf","pdf","server-map.json ; books-menu.json:tabs","yes","بدون ردیف CSV","","","","","PDF: StudyPdfCache؛ ETag/اندازه/مقایسهٔ بایت‌ها","2","منو: انگلیسی نهم / درس سوم: Lesson 3 | در CSV فعلی upload-map ردیفی ندارد."
"Textbook PDF","کتاب‌های درسی","g9-english-p09.pdf","Bucket/Pdf-files/G09/g9-english/g9-english-p09.pdf","https://c539776.parspack.net/Bucket/Pdf-files/G09/g9-english/g9-english-p09.pdf","pdf","server-map.json ; books-menu.json:tabs","yes","بدون ردیف CSV","","","","","PDF: StudyPdfCache؛ ETag/اندازه/مقایسهٔ بایت‌ها","2","منو: انگلیسی نهم / درس چهارم: Lesson 4: Services | در CSV فعلی upload-map ردیفی ندارد."
"مرور دوم: Review 2","کتاب‌های درسی","g9-english-p10.pdf","Bucket/Pdf-files/G09/g9-english/g9-english-p10.pdf","https://c539776.parspack.net/Bucket/Pdf-files/G09/g9-english/g9-english-p10.pdf","pdf","server-map.json ; books-menu.json:key","yes","بدون ردیف CSV","","","","","PDF: StudyPdfCache؛ ETag/اندازه/مقایسهٔ بایت‌ها","2","منو: انگلیسی نهم / مرور دوم: Review 2 | در CSV فعلی upload-map ردیفی ندارد."
"Textbook PDF","کتاب‌های درسی","g9-english-p11.pdf","Bucket/Pdf-files/G09/g9-english/g9-english-p11.pdf","https://c539776.parspack.net/Bucket/Pdf-files/G09/g9-english/g9-english-p11.pdf","pdf","server-map.json ; books-menu.json:tabs","yes","بدون ردیف CSV","","","","","PDF: StudyPdfCache؛ ETag/اندازه/مقایسهٔ بایت‌ها","2","منو: انگلیسی نهم / درس پنجم: Lesson 5: Media | در CSV فعلی upload-map ردیفی ندارد."
"Textbook PDF","کتاب‌های درسی","g9-english-p12.pdf","Bucket/Pdf-files/G09/g9-english/g9-english-p12.pdf","https://c539776.parspack.net/Bucket/Pdf-files/G09/g9-english/g9-english-p12.pdf","pdf","server-map.json ; books-menu.json:tabs","yes","بدون ردیف CSV","","","","","PDF: StudyPdfCache؛ ETag/اندازه/مقایسهٔ بایت‌ها","2","منو: انگلیسی نهم / درس ششم: Lesson 6 | در CSV فعلی upload-map ردیفی ندارد."
"مرور سوم: Review 3","کتاب‌های درسی","g9-english-p13.pdf","Bucket/Pdf-files/G09/g9-english/g9-english-p13.pdf","https://c539776.parspack.net/Bucket/Pdf-files/G09/g9-english/g9-english-p13.pdf","pdf","server-map.json ; books-menu.json:key","yes","بدون ردیف CSV","","","","","PDF: StudyPdfCache؛ ETag/اندازه/مقایسهٔ بایت‌ها","2","منو: انگلیسی نهم / مرور سوم: Review 3 | در CSV فعلی upload-map ردیفی ندارد."
"فرهنگ تصویری: Photo Dictionary","کتاب‌های درسی","g9-english-p14.pdf","Bucket/Pdf-files/G09/g9-english/g9-english-p14.pdf","https://c539776.parspack.net/Bucket/Pdf-files/G09/g9-english/g9-english-p14.pdf","pdf","server-map.json ; books-menu.json:key","yes","بدون ردیف CSV","","","","","PDF: StudyPdfCache؛ ETag/اندازه/مقایسهٔ بایت‌ها","2","منو: انگلیسی نهم / فرهنگ تصویری: Photo Dictionary | در CSV فعلی upload-map ردیفی ندارد."
"اعلام: اشخاص، آثار","کتاب‌های درسی","g9-farsi-ann.pdf","Bucket/Pdf-files/G09/g9-farsi/g9-farsi-ann.pdf","https://c539776.parspack.net/Bucket/Pdf-files/G09/g9-farsi/g9-farsi-ann.pdf","pdf","server-map.json ; books-menu.json:key","yes","بدون ردیف CSV","","","","","PDF: StudyPdfCache؛ ETag/اندازه/مقایسهٔ بایت‌ها","2","منو: فارسی نهم / اعلام: اشخاص، آثار | در CSV فعلی upload-map ردیفی ندارد."
"کتاب درسی","کتاب‌های درسی","g9-farsi-azad1.pdf","Bucket/Pdf-files/G09/g9-farsi/g9-farsi-azad1.pdf","https://c539776.parspack.net/Bucket/Pdf-files/G09/g9-farsi/g9-farsi-azad1.pdf","pdf","server-map.json ; books-menu.json:tabs","yes","بدون ردیف CSV","","","","","PDF: StudyPdfCache؛ ETag/اندازه/مقایسهٔ بایت‌ها","2","منو: فارسی نهم / فصل آزاد: ادبیات بومی ۱ | در CSV فعلی upload-map ردیفی ندارد."
"کتاب درسی","کتاب‌های درسی","g9-farsi-azad2.pdf","Bucket/Pdf-files/G09/g9-farsi/g9-farsi-azad2.pdf","https://c539776.parspack.net/Bucket/Pdf-files/G09/g9-farsi/g9-farsi-azad2.pdf","pdf","server-map.json ; books-menu.json:tabs","yes","بدون ردیف CSV","","","","","PDF: StudyPdfCache؛ ETag/اندازه/مقایسهٔ بایت‌ها","2","منو: فارسی نهم / فصل آزاد: ادبیات بومی ۲ | در CSV فعلی upload-map ردیفی ندارد."
"کتاب‌نامه","کتاب‌های درسی","g9-farsi-biblio.pdf","Bucket/Pdf-files/G09/g9-farsi/g9-farsi-biblio.pdf","https://c539776.parspack.net/Bucket/Pdf-files/G09/g9-farsi/g9-farsi-biblio.pdf","pdf","server-map.json ; books-menu.json:key","yes","بدون ردیف CSV","","","","","PDF: StudyPdfCache؛ ETag/اندازه/مقایسهٔ بایت‌ها","2","منو: فارسی نهم / کتاب‌نامه | در CSV فعلی upload-map ردیفی ندارد."
"واژه‌نامه","کتاب‌های درسی","g9-farsi-dict.pdf","Bucket/Pdf-files/G09/g9-farsi/g9-farsi-dict.pdf","https://c539776.parspack.net/Bucket/Pdf-files/G09/g9-farsi/g9-farsi-dict.pdf","pdf","server-map.json ; books-menu.json:key","yes","بدون ردیف CSV","","","","","PDF: StudyPdfCache؛ ETag/اندازه/مقایسهٔ بایت‌ها","2","منو: فارسی نهم / واژه‌نامه | در CSV فعلی upload-map ردیفی ندارد."
"فصل اول: زیبایی آفرینش","کتاب‌های درسی","g9-farsi-f01.pdf","Bucket/Pdf-files/G09/g9-farsi/g9-farsi-f01.pdf","https://c539776.parspack.net/Bucket/Pdf-files/G09/g9-farsi/g9-farsi-f01.pdf","pdf","server-map.json ; books-menu.json:key","yes","بدون ردیف CSV","","","","","PDF: StudyPdfCache؛ ETag/اندازه/مقایسهٔ بایت‌ها","2","منو: فارسی نهم / فصل اول: زیبایی آفرینش | در CSV فعلی upload-map ردیفی ندارد."
"فصل دوم: شکفتن","کتاب‌های درسی","g9-farsi-f02.pdf","Bucket/Pdf-files/G09/g9-farsi/g9-farsi-f02.pdf","https://c539776.parspack.net/Bucket/Pdf-files/G09/g9-farsi/g9-farsi-f02.pdf","pdf","server-map.json ; books-menu.json:key","yes","بدون ردیف CSV","","","","","PDF: StudyPdfCache؛ ETag/اندازه/مقایسهٔ بایت‌ها","2","منو: فارسی نهم / فصل دوم: شکفتن | در CSV فعلی upload-map ردیفی ندارد."
"فصل سوم: سبکِ زندگی","کتاب‌های درسی","g9-farsi-f03.pdf","Bucket/Pdf-files/G09/g9-farsi/g9-farsi-f03.pdf","https://c539776.parspack.net/Bucket/Pdf-files/G09/g9-farsi/g9-farsi-f03.pdf","pdf","server-map.json ; books-menu.json:key","yes","بدون ردیف CSV","","","","","PDF: StudyPdfCache؛ ETag/اندازه/مقایسهٔ بایت‌ها","2","منو: فارسی نهم / فصل سوم: سبکِ زندگی | در CSV فعلی upload-map ردیفی ندارد."
"فصل چهارم: نام‌ها و یادها","کتاب‌های درسی","g9-farsi-f04.pdf","Bucket/Pdf-files/G09/g9-farsi/g9-farsi-f04.pdf","https://c539776.parspack.net/Bucket/Pdf-files/G09/g9-farsi/g9-farsi-f04.pdf","pdf","server-map.json ; books-menu.json:key","yes","بدون ردیف CSV","","","","","PDF: StudyPdfCache؛ ETag/اندازه/مقایسهٔ بایت‌ها","2","منو: فارسی نهم / فصل چهارم: نام‌ها و یادها | در CSV فعلی upload-map ردیفی ندارد."
"فصل پنجم: اسلام و انقلاب اسلامی","کتاب‌های درسی","g9-farsi-f05.pdf","Bucket/Pdf-files/G09/g9-farsi/g9-farsi-f05.pdf","https://c539776.parspack.net/Bucket/Pdf-files/G09/g9-farsi/g9-farsi-f05.pdf","pdf","server-map.json ; books-menu.json:key","yes","بدون ردیف CSV","","","","","PDF: StudyPdfCache؛ ETag/اندازه/مقایسهٔ بایت‌ها","2","منو: فارسی نهم / فصل پنجم: اسلام و انقلاب اسلامی | در CSV فعلی upload-map ردیفی ندارد."
"فصل ششم: ادبیات جهان","کتاب‌های درسی","g9-farsi-f06.pdf","Bucket/Pdf-files/G09/g9-farsi/g9-farsi-f06.pdf","https://c539776.parspack.net/Bucket/Pdf-files/G09/g9-farsi/g9-farsi-f06.pdf","pdf","server-map.json ; books-menu.json:key","yes","بدون ردیف CSV","","","","","PDF: StudyPdfCache؛ ETag/اندازه/مقایسهٔ بایت‌ها","2","منو: فارسی نهم / فصل ششم: ادبیات جهان | در CSV فعلی upload-map ردیفی ندارد."
"فهرست","کتاب‌های درسی","g9-farsi-index.pdf","Bucket/Pdf-files/G09/g9-farsi/g9-farsi-index.pdf","https://c539776.parspack.net/Bucket/Pdf-files/G09/g9-farsi/g9-farsi-index.pdf","pdf","server-map.json ; books-menu.json:key","yes","بدون ردیف CSV","","","","","PDF: StudyPdfCache؛ ETag/اندازه/مقایسهٔ بایت‌ها","2","منو: فارسی نهم / فهرست | در CSV فعلی upload-map ردیفی ندارد."
"کتاب درسی","کتاب‌های درسی","g9-farsi-p01.pdf","Bucket/Pdf-files/G09/g9-farsi/g9-farsi-p01.pdf","https://c539776.parspack.net/Bucket/Pdf-files/G09/g9-farsi/g9-farsi-p01.pdf","pdf","server-map.json ; books-menu.json:tabs","yes","بدون ردیف CSV","","","","","PDF: StudyPdfCache؛ ETag/اندازه/مقایسهٔ بایت‌ها","2","منو: فارسی نهم / فصل اول: زیبایی آفرینش / فصل اول درس یکم: آفرینش همه تنبیه خداوندِ دل است | در CSV فعلی upload-map ردیفی ندارد."
"کتاب درسی","کتاب‌های درسی","g9-farsi-p02.pdf","Bucket/Pdf-files/G09/g9-farsi/g9-farsi-p02.pdf","https://c539776.parspack.net/Bucket/Pdf-files/G09/g9-farsi/g9-farsi-p02.pdf","pdf","server-map.json ; books-menu.json:tabs","yes","بدون ردیف CSV","","","","","PDF: StudyPdfCache؛ ETag/اندازه/مقایسهٔ بایت‌ها","2","منو: فارسی نهم / فصل اول: زیبایی آفرینش / فصل اول درس دوم: عجایبِ صنعِ حق تعالی | در CSV فعلی upload-map ردیفی ندارد."
"کتاب درسی","کتاب‌های درسی","g9-farsi-p03.pdf","Bucket/Pdf-files/G09/g9-farsi/g9-farsi-p03.pdf","https://c539776.parspack.net/Bucket/Pdf-files/G09/g9-farsi/g9-farsi-p03.pdf","pdf","server-map.json ; books-menu.json:tabs","yes","بدون ردیف CSV","","","","","PDF: StudyPdfCache؛ ETag/اندازه/مقایسهٔ بایت‌ها","2","منو: فارسی نهم / فصل دوم: شکفتن / فصل دوم درس سوم: مثل آینه، کار و شایستگی | در CSV فعلی upload-map ردیفی ندارد."
"کتاب درسی","کتاب‌های درسی","g9-farsi-p04.pdf","Bucket/Pdf-files/G09/g9-farsi/g9-farsi-p04.pdf","https://c539776.parspack.net/Bucket/Pdf-files/G09/g9-farsi/g9-farsi-p04.pdf","pdf","server-map.json ; books-menu.json:tabs","yes","بدون ردیف CSV","","","","","PDF: StudyPdfCache؛ ETag/اندازه/مقایسهٔ بایت‌ها","2","منو: فارسی نهم / فصل دوم: شکفتن / فصل دوم درس چهارم: هم‌نشین | در CSV فعلی upload-map ردیفی ندارد."
"","کتاب‌های درسی","g9-farsi-p05.pdf","Bucket/Pdf-files/G09/g9-farsi/g9-farsi-p05.pdf","https://c539776.parspack.net/Bucket/Pdf-files/G09/g9-farsi/g9-farsi-p05.pdf","pdf","server-map.json","yes","بدون ردیف CSV","","","","","PDF: StudyPdfCache؛ ETag/اندازه/مقایسهٔ بایت‌ها","1","| در CSV فعلی upload-map ردیفی ندارد."
"کتاب درسی","کتاب‌های درسی","g9-farsi-p06.pdf","Bucket/Pdf-files/G09/g9-farsi/g9-farsi-p06.pdf","https://c539776.parspack.net/Bucket/Pdf-files/G09/g9-farsi/g9-farsi-p06.pdf","pdf","server-map.json ; books-menu.json:tabs","yes","بدون ردیف CSV","","","","","PDF: StudyPdfCache؛ ETag/اندازه/مقایسهٔ بایت‌ها","2","منو: فارسی نهم / فصل سوم: سبکِ زندگی / فصل سوم درس ششم: آداب زندگی | در CSV فعلی upload-map ردیفی ندارد."
"کتاب درسی","کتاب‌های درسی","g9-farsi-p07.pdf","Bucket/Pdf-files/G09/g9-farsi/g9-farsi-p07.pdf","https://c539776.parspack.net/Bucket/Pdf-files/G09/g9-farsi/g9-farsi-p07.pdf","pdf","server-map.json ; books-menu.json:tabs","yes","بدون ردیف CSV","","","","","PDF: StudyPdfCache؛ ETag/اندازه/مقایسهٔ بایت‌ها","2","منو: فارسی نهم / فصل سوم: سبکِ زندگی / فصل سوم درس هفتم: پرتوِ امید | در CSV فعلی upload-map ردیفی ندارد."
"کتاب درسی","کتاب‌های درسی","g9-farsi-p08.pdf","Bucket/Pdf-files/G09/g9-farsi/g9-farsi-p08.pdf","https://c539776.parspack.net/Bucket/Pdf-files/G09/g9-farsi/g9-farsi-p08.pdf","pdf","server-map.json ; books-menu.json:tabs","yes","بدون ردیف CSV","","","","","PDF: StudyPdfCache؛ ETag/اندازه/مقایسهٔ بایت‌ها","2","منو: فارسی نهم / فصل سوم: سبکِ زندگی / فصل سوم درس هشتم: همزیستی با مامِ میهن | در CSV فعلی upload-map ردیفی ندارد."
"کتاب درسی","کتاب‌های درسی","g9-farsi-p09.pdf","Bucket/Pdf-files/G09/g9-farsi/g9-farsi-p09.pdf","https://c539776.parspack.net/Bucket/Pdf-files/G09/g9-farsi/g9-farsi-p09.pdf","pdf","server-map.json ; books-menu.json:tabs","yes","بدون ردیف CSV","","","","","PDF: StudyPdfCache؛ ETag/اندازه/مقایسهٔ بایت‌ها","2","منو: فارسی نهم / فصل چهارم: نام‌ها و یادها / فصل چهارم درس نهم: راز موفّقیت | در CSV فعلی upload-map ردیفی ندارد."
"کتاب درسی","کتاب‌های درسی","g9-farsi-p10.pdf","Bucket/Pdf-files/G09/g9-farsi/g9-farsi-p10.pdf","https://c539776.parspack.net/Bucket/Pdf-files/G09/g9-farsi/g9-farsi-p10.pdf","pdf","server-map.json ; books-menu.json:tabs","yes","بدون ردیف CSV","","","","","PDF: StudyPdfCache؛ ETag/اندازه/مقایسهٔ بایت‌ها","2","منو: فارسی نهم / فصل چهارم: نام‌ها و یادها / فصل چهارم درس دهم: آرشی دیگر | در CSV فعلی upload-map ردیفی ندارد."
"کتاب درسی","کتاب‌های درسی","g9-farsi-p11.pdf","Bucket/Pdf-files/G09/g9-farsi/g9-farsi-p11.pdf","https://c539776.parspack.net/Bucket/Pdf-files/G09/g9-farsi/g9-farsi-p11.pdf","pdf","server-map.json ; books-menu.json:tabs","yes","بدون ردیف CSV","","","","","PDF: StudyPdfCache؛ ETag/اندازه/مقایسهٔ بایت‌ها","2","منو: فارسی نهم / فصل چهارم: نام‌ها و یادها / فصل چهارم درس یازدهم: زنِ پارسا | در CSV فعلی upload-map ردیفی ندارد."
"کتاب درسی","کتاب‌های درسی","g9-farsi-p12.pdf","Bucket/Pdf-files/G09/g9-farsi/g9-farsi-p12.pdf","https://c539776.parspack.net/Bucket/Pdf-files/G09/g9-farsi/g9-farsi-p12.pdf","pdf","server-map.json ; books-menu.json:tabs","yes","بدون ردیف CSV","","","","","PDF: StudyPdfCache؛ ETag/اندازه/مقایسهٔ بایت‌ها","2","منو: فارسی نهم / فصل پنجم: اسلام و انقلاب اسلامی / فصل پنجم درس دوازدهم: پیام‌آور رحمت | در CSV فعلی upload-map ردیفی ندارد."
"کتاب درسی","کتاب‌های درسی","g9-farsi-p13.pdf","Bucket/Pdf-files/G09/g9-farsi/g9-farsi-p13.pdf","https://c539776.parspack.net/Bucket/Pdf-files/G09/g9-farsi/g9-farsi-p13.pdf","pdf","server-map.json ; books-menu.json:tabs","yes","بدون ردیف CSV","","","","","PDF: StudyPdfCache؛ ETag/اندازه/مقایسهٔ بایت‌ها","2","منو: فارسی نهم / فصل پنجم: اسلام و انقلاب اسلامی / فصل پنجم درس سیزدهم: آشنای غریبان، میلادِ گل | در CSV فعلی upload-map ردیفی ندارد."
"کتاب درسی","کتاب‌های درسی","g9-farsi-p14.pdf","Bucket/Pdf-files/G09/g9-farsi/g9-farsi-p14.pdf","https://c539776.parspack.net/Bucket/Pdf-files/G09/g9-farsi/g9-farsi-p14.pdf","pdf","server-map.json ; books-menu.json:tabs","yes","بدون ردیف CSV","","","","","PDF: StudyPdfCache؛ ETag/اندازه/مقایسهٔ بایت‌ها","2","منو: فارسی نهم / فصل پنجم: اسلام و انقلاب اسلامی / فصل پنجم درس چهاردهم: پیدای پنهان | در CSV فعلی upload-map ردیفی ندارد."
"","کتاب‌های درسی","g9-farsi-p15.pdf","Bucket/Pdf-files/G09/g9-farsi/g9-farsi-p15.pdf","https://c539776.parspack.net/Bucket/Pdf-files/G09/g9-farsi/g9-farsi-p15.pdf","pdf","server-map.json","yes","بدون ردیف CSV","","","","","PDF: StudyPdfCache؛ ETag/اندازه/مقایسهٔ بایت‌ها","1","| در CSV فعلی upload-map ردیفی ندارد."
"کتاب درسی","کتاب‌های درسی","g9-farsi-p16.pdf","Bucket/Pdf-files/G09/g9-farsi/g9-farsi-p16.pdf","https://c539776.parspack.net/Bucket/Pdf-files/G09/g9-farsi/g9-farsi-p16.pdf","pdf","server-map.json ; books-menu.json:tabs","yes","بدون ردیف CSV","","","","","PDF: StudyPdfCache؛ ETag/اندازه/مقایسهٔ بایت‌ها","2","منو: فارسی نهم / فصل ششم: ادبیات جهان / فصل ششم درس شانزدهم: آرزو | در CSV فعلی upload-map ردیفی ندارد."
"کتاب درسی","کتاب‌های درسی","g9-farsi-p17.pdf","Bucket/Pdf-files/G09/g9-farsi/g9-farsi-p17.pdf","https://c539776.parspack.net/Bucket/Pdf-files/G09/g9-farsi/g9-farsi-p17.pdf","pdf","server-map.json ; books-menu.json:tabs","yes","بدون ردیف CSV","","","","","PDF: StudyPdfCache؛ ETag/اندازه/مقایسهٔ بایت‌ها","2","منو: فارسی نهم / فصل ششم: ادبیات جهان / فصل ششم درس هفدهم: شازده کوچولو | در CSV فعلی upload-map ردیفی ندارد."
"کتاب درسی","کتاب‌های درسی","g9-farsi-praise.pdf","Bucket/Pdf-files/G09/g9-farsi/g9-farsi-praise.pdf","https://c539776.parspack.net/Bucket/Pdf-files/G09/g9-farsi/g9-farsi-praise.pdf","pdf","server-map.json ; books-menu.json:tabs","yes","بدون ردیف CSV","","","","","PDF: StudyPdfCache؛ ETag/اندازه/مقایسهٔ بایت‌ها","2","منو: فارسی نهم / ستایش | در CSV فعلی upload-map ردیفی ندارد."
"کتاب درسی","کتاب‌های درسی","g9-farsi-pray.pdf","Bucket/Pdf-files/G09/g9-farsi/g9-farsi-pray.pdf","https://c539776.parspack.net/Bucket/Pdf-files/G09/g9-farsi/g9-farsi-pray.pdf","pdf","server-map.json ; books-menu.json:tabs","yes","بدون ردیف CSV","","","","","PDF: StudyPdfCache؛ ETag/اندازه/مقایسهٔ بایت‌ها","2","منو: فارسی نهم / نیایش: بیا تا برآریم دستی ز دل | در CSV فعلی upload-map ردیفی ندارد."
"کتاب درسی","کتاب‌های درسی","g9-farsi-rv01.pdf","Bucket/Pdf-files/G09/g9-farsi/g9-farsi-rv01.pdf","https://c539776.parspack.net/Bucket/Pdf-files/G09/g9-farsi/g9-farsi-rv01.pdf","pdf","server-map.json ; books-menu.json:tabs","yes","بدون ردیف CSV","","","","","PDF: StudyPdfCache؛ ETag/اندازه/مقایسهٔ بایت‌ها","2","منو: فارسی نهم / فصل دوم: شکفتن / روان‌خوانی: دریچه‌های شکوفایی | در CSV فعلی upload-map ردیفی ندارد."
"کتاب درسی","کتاب‌های درسی","g9-farsi-rv02.pdf","Bucket/Pdf-files/G09/g9-farsi/g9-farsi-rv02.pdf","https://c539776.parspack.net/Bucket/Pdf-files/G09/g9-farsi/g9-farsi-rv02.pdf","pdf","server-map.json ; books-menu.json:tabs","yes","بدون ردیف CSV","","","","","PDF: StudyPdfCache؛ ETag/اندازه/مقایسهٔ بایت‌ها","2","منو: فارسی نهم / فصل چهارم: نام‌ها و یادها / روان‌خوانی: دروازه‌ای به آسمان | در CSV فعلی upload-map ردیفی ندارد."
"کتاب درسی","کتاب‌های درسی","g9-farsi-rv03.pdf","Bucket/Pdf-files/G09/g9-farsi/g9-farsi-rv03.pdf","https://c539776.parspack.net/Bucket/Pdf-files/G09/g9-farsi/g9-farsi-rv03.pdf","pdf","server-map.json ; books-menu.json:tabs","yes","بدون ردیف CSV","","","","","PDF: StudyPdfCache؛ ETag/اندازه/مقایسهٔ بایت‌ها","2","منو: فارسی نهم / فصل آزاد: ادبیات بومی ۲ / روان‌خوانی: ادبیات بومی ۲ | در CSV فعلی upload-map ردیفی ندارد."
"کتاب درسی","کتاب‌های درسی","g9-farsi-rv04.pdf","Bucket/Pdf-files/G09/g9-farsi/g9-farsi-rv04.pdf","https://c539776.parspack.net/Bucket/Pdf-files/G09/g9-farsi/g9-farsi-rv04.pdf","pdf","server-map.json ; books-menu.json:tabs","yes","بدون ردیف CSV","","","","","PDF: StudyPdfCache؛ ETag/اندازه/مقایسهٔ بایت‌ها","2","منو: فارسی نهم / فصل ششم: ادبیات جهان / روان‌خوانی: دو نقّاش | در CSV فعلی upload-map ردیفی ندارد."
"کتاب درسی","کتاب‌های درسی","g9-farsi-sh01.pdf","Bucket/Pdf-files/G09/g9-farsi/g9-farsi-sh01.pdf","https://c539776.parspack.net/Bucket/Pdf-files/G09/g9-farsi/g9-farsi-sh01.pdf","pdf","server-map.json ; books-menu.json:tabs","yes","بدون ردیف CSV","","","","","PDF: StudyPdfCache؛ ETag/اندازه/مقایسهٔ بایت‌ها","2","منو: فارسی نهم / فصل اول: زیبایی آفرینش / شعرخوانی: پرواز | در CSV فعلی upload-map ردیفی ندارد."
"کتاب درسی","کتاب‌های درسی","g9-farsi-sh02.pdf","Bucket/Pdf-files/G09/g9-farsi/g9-farsi-sh02.pdf","https://c539776.parspack.net/Bucket/Pdf-files/G09/g9-farsi/g9-farsi-sh02.pdf","pdf","server-map.json ; books-menu.json:tabs","yes","بدون ردیف CSV","","","","","PDF: StudyPdfCache؛ ETag/اندازه/مقایسهٔ بایت‌ها","2","منو: فارسی نهم / فصل آزاد: ادبیات بومی ۱ / شعرخوانی: ادبیات بومی ۱ | در CSV فعلی upload-map ردیفی ندارد."
"کتاب درسی","کتاب‌های درسی","g9-farsi-sh03.pdf","Bucket/Pdf-files/G09/g9-farsi/g9-farsi-sh03.pdf","https://c539776.parspack.net/Bucket/Pdf-files/G09/g9-farsi/g9-farsi-sh03.pdf","pdf","server-map.json ; books-menu.json:tabs","yes","بدون ردیف CSV","","","","","PDF: StudyPdfCache؛ ETag/اندازه/مقایسهٔ بایت‌ها","2","منو: فارسی نهم / فصل سوم: سبکِ زندگی / شعرخوانی: دوراندیشی | در CSV فعلی upload-map ردیفی ندارد."
"کتاب درسی","کتاب‌های درسی","g9-farsi-sh04.pdf","Bucket/Pdf-files/G09/g9-farsi/g9-farsi-sh04.pdf","https://c539776.parspack.net/Bucket/Pdf-files/G09/g9-farsi/g9-farsi-sh04.pdf","pdf","server-map.json ; books-menu.json:tabs","yes","بدون ردیف CSV","","","","","PDF: StudyPdfCache؛ ETag/اندازه/مقایسهٔ بایت‌ها","2","منو: فارسی نهم / فصل پنجم: اسلام و انقلاب اسلامی / شعرخوانی: بُوَد قدر تو افزون از مالِک | در CSV فعلی upload-map ردیفی ندارد."
"کتاب درسی","کتاب‌های درسی","g9-farsi-st01.pdf","Bucket/Pdf-files/G09/g9-farsi/g9-farsi-st01.pdf","https://c539776.parspack.net/Bucket/Pdf-files/G09/g9-farsi/g9-farsi-st01.pdf","pdf","server-map.json ; books-menu.json:tabs","yes","بدون ردیف CSV","","","","","PDF: StudyPdfCache؛ ETag/اندازه/مقایسهٔ بایت‌ها","2","منو: فارسی نهم / فصل اول: زیبایی آفرینش / حکایت: سفر | در CSV فعلی upload-map ردیفی ندارد."
"کتاب درسی","کتاب‌های درسی","g9-farsi-st02.pdf","Bucket/Pdf-files/G09/g9-farsi/g9-farsi-st02.pdf","https://c539776.parspack.net/Bucket/Pdf-files/G09/g9-farsi/g9-farsi-st02.pdf","pdf","server-map.json ; books-menu.json:tabs","yes","بدون ردیف CSV","","","","","PDF: StudyPdfCache؛ ETag/اندازه/مقایسهٔ بایت‌ها","2","منو: فارسی نهم / فصل دوم: شکفتن / حکایت: باغبانِ نیک‌اندیش | در CSV فعلی upload-map ردیفی ندارد."
"کتاب درسی","کتاب‌های درسی","g9-farsi-st03.pdf","Bucket/Pdf-files/G09/g9-farsi/g9-farsi-st03.pdf","https://c539776.parspack.net/Bucket/Pdf-files/G09/g9-farsi/g9-farsi-st03.pdf","pdf","server-map.json ; books-menu.json:tabs","yes","بدون ردیف CSV","","","","","PDF: StudyPdfCache؛ ETag/اندازه/مقایسهٔ بایت‌ها","2","منو: فارسی نهم / فصل آزاد: ادبیات بومی ۱ / حکایت: ادبیات بومی ۱ | در CSV فعلی upload-map ردیفی ندارد."
"کتاب درسی","کتاب‌های درسی","g9-farsi-st04.pdf","Bucket/Pdf-files/G09/g9-farsi/g9-farsi-st04.pdf","https://c539776.parspack.net/Bucket/Pdf-files/G09/g9-farsi/g9-farsi-st04.pdf","pdf","server-map.json ; books-menu.json:tabs","yes","بدون ردیف CSV","","","","","PDF: StudyPdfCache؛ ETag/اندازه/مقایسهٔ بایت‌ها","2","منو: فارسی نهم / فصل سوم: سبکِ زندگی / حکایت: شو، خطرکن! | در CSV فعلی upload-map ردیفی ندارد."
"کتاب درسی","کتاب‌های درسی","g9-farsi-st05.pdf","Bucket/Pdf-files/G09/g9-farsi/g9-farsi-st05.pdf","https://c539776.parspack.net/Bucket/Pdf-files/G09/g9-farsi/g9-farsi-st05.pdf","pdf","server-map.json ; books-menu.json:tabs","yes","بدون ردیف CSV","","","","","PDF: StudyPdfCache؛ ETag/اندازه/مقایسهٔ بایت‌ها","2","منو: فارسی نهم / فصل چهارم: نام‌ها و یادها / حکایت: نیک رایان | در CSV فعلی upload-map ردیفی ندارد."
"کتاب درسی","کتاب‌های درسی","g9-farsi-st06.pdf","Bucket/Pdf-files/G09/g9-farsi/g9-farsi-st06.pdf","https://c539776.parspack.net/Bucket/Pdf-files/G09/g9-farsi/g9-farsi-st06.pdf","pdf","server-map.json ; books-menu.json:tabs","yes","بدون ردیف CSV","","","","","PDF: StudyPdfCache؛ ETag/اندازه/مقایسهٔ بایت‌ها","2","منو: فارسی نهم / فصل پنجم: اسلام و انقلاب اسلامی / حکایت: سیرت سلمان | در CSV فعلی upload-map ردیفی ندارد."
"فهرست","کتاب‌های درسی","g9-hedy-index.pdf","Bucket/Pdf-files/G09/g9-hedye/g9-hedy-index.pdf","https://c539776.parspack.net/Bucket/Pdf-files/G09/g9-hedye/g9-hedy-index.pdf","pdf","server-map.json ; books-menu.json:key","yes","بدون ردیف CSV","","","","","PDF: StudyPdfCache؛ ETag/اندازه/مقایسهٔ بایت‌ها","2","منو: هدیه‌های آسمان نهم / فهرست | در CSV فعلی upload-map ردیفی ندارد."
"کتاب درسی","کتاب‌های درسی","g9-hedy-p04.pdf","Bucket/Pdf-files/G09/g9-hedye/g9-hedy-p04.pdf","https://c539776.parspack.net/Bucket/Pdf-files/G09/g9-hedye/g9-hedy-p04.pdf","pdf","server-map.json ; books-menu.json:tabs","yes","بدون ردیف CSV","","","","","PDF: StudyPdfCache؛ ETag/اندازه/مقایسهٔ بایت‌ها","2","منو: هدیه‌های آسمان نهم / درس یکم: شروع یک ماجرا | در CSV فعلی upload-map ردیفی ندارد."
"کتاب درسی","کتاب‌های درسی","g9-hedy-p05.pdf","Bucket/Pdf-files/G09/g9-hedye/g9-hedy-p05.pdf","https://c539776.parspack.net/Bucket/Pdf-files/G09/g9-hedye/g9-hedy-p05.pdf","pdf","server-map.json ; books-menu.json:tabs","yes","بدون ردیف CSV","","","","","PDF: StudyPdfCache؛ ETag/اندازه/مقایسهٔ بایت‌ها","2","منو: هدیه‌های آسمان نهم / درس دوم: توطئه‌ای به نام بازی | در CSV فعلی upload-map ردیفی ندارد."
"کتاب درسی","کتاب‌های درسی","g9-hedy-p06.pdf","Bucket/Pdf-files/G09/g9-hedye/g9-hedy-p06.pdf","https://c539776.parspack.net/Bucket/Pdf-files/G09/g9-hedye/g9-hedy-p06.pdf","pdf","server-map.json ; books-menu.json:tabs","yes","بدون ردیف CSV","","","","","PDF: StudyPdfCache؛ ETag/اندازه/مقایسهٔ بایت‌ها","2","منو: هدیه‌های آسمان نهم / درس سوم: کاروان سرنوشت | در CSV فعلی upload-map ردیفی ندارد."
"کتاب درسی","کتاب‌های درسی","g9-hedy-p07.pdf","Bucket/Pdf-files/G09/g9-hedye/g9-hedy-p07.pdf","https://c539776.parspack.net/Bucket/Pdf-files/G09/g9-hedye/g9-hedy-p07.pdf","pdf","server-map.json ; books-menu.json:tabs","yes","بدون ردیف CSV","","","","","PDF: StudyPdfCache؛ ETag/اندازه/مقایسهٔ بایت‌ها","2","منو: هدیه‌های آسمان نهم / درس چهارم: فرار به سوی خدا | در CSV فعلی upload-map ردیفی ندارد."
"کتاب درسی","کتاب‌های درسی","g9-hedy-p08.pdf","Bucket/Pdf-files/G09/g9-hedye/g9-hedy-p08.pdf","https://c539776.parspack.net/Bucket/Pdf-files/G09/g9-hedye/g9-hedy-p08.pdf","pdf","server-map.json ; books-menu.json:tabs","yes","بدون ردیف CSV","","","","","PDF: StudyPdfCache؛ ETag/اندازه/مقایسهٔ بایت‌ها","2","منو: هدیه‌های آسمان نهم / درس پنجم: مهمانی رسوایی | در CSV فعلی upload-map ردیفی ندارد."
"کتاب درسی","کتاب‌های درسی","g9-hedy-p09.pdf","Bucket/Pdf-files/G09/g9-hedye/g9-hedy-p09.pdf","https://c539776.parspack.net/Bucket/Pdf-files/G09/g9-hedye/g9-hedy-p09.pdf","pdf","server-map.json ; books-menu.json:tabs","yes","بدون ردیف CSV","","","","","PDF: StudyPdfCache؛ ETag/اندازه/مقایسهٔ بایت‌ها","2","منو: هدیه‌های آسمان نهم / درس ششم: پیروزی تأمل‌برانگیز | در CSV فعلی upload-map ردیفی ندارد."
"کتاب درسی","کتاب‌های درسی","g9-hedy-p10.pdf","Bucket/Pdf-files/G09/g9-hedye/g9-hedy-p10.pdf","https://c539776.parspack.net/Bucket/Pdf-files/G09/g9-hedye/g9-hedy-p10.pdf","pdf","server-map.json ; books-menu.json:tabs","yes","بدون ردیف CSV","","","","","PDF: StudyPdfCache؛ ETag/اندازه/مقایسهٔ بایت‌ها","2","منو: هدیه‌های آسمان نهم / درس هفتم: کلاس توحید در زندان | در CSV فعلی upload-map ردیفی ندارد."
"کتاب درسی","کتاب‌های درسی","g9-hedy-p11.pdf","Bucket/Pdf-files/G09/g9-hedye/g9-hedy-p11.pdf","https://c539776.parspack.net/Bucket/Pdf-files/G09/g9-hedye/g9-hedy-p11.pdf","pdf","server-map.json ; books-menu.json:tabs","yes","بدون ردیف CSV","","","","","PDF: StudyPdfCache؛ ETag/اندازه/مقایسهٔ بایت‌ها","2","منو: هدیه‌های آسمان نهم / درس هشتم: رؤیای سرنوشت‌ساز | در CSV فعلی upload-map ردیفی ندارد."
"کتاب درسی","کتاب‌های درسی","g9-hedy-p12.pdf","Bucket/Pdf-files/G09/g9-hedye/g9-hedy-p12.pdf","https://c539776.parspack.net/Bucket/Pdf-files/G09/g9-hedye/g9-hedy-p12.pdf","pdf","server-map.json ; books-menu.json:tabs","yes","بدون ردیف CSV","","","","","PDF: StudyPdfCache؛ ETag/اندازه/مقایسهٔ بایت‌ها","2","منو: هدیه‌های آسمان نهم / درس نهم: اسیری که امیر شد | در CSV فعلی upload-map ردیفی ندارد."
"کتاب درسی","کتاب‌های درسی","g9-hedy-p13.pdf","Bucket/Pdf-files/G09/g9-hedye/g9-hedy-p13.pdf","https://c539776.parspack.net/Bucket/Pdf-files/G09/g9-hedye/g9-hedy-p13.pdf","pdf","server-map.json ; books-menu.json:tabs","yes","بدون ردیف CSV","","","","","PDF: StudyPdfCache؛ ETag/اندازه/مقایسهٔ بایت‌ها","2","منو: هدیه‌های آسمان نهم / درس دهم: دیدارها تازه می‌شود | در CSV فعلی upload-map ردیفی ندارد."
"کتاب درسی","کتاب‌های درسی","g9-hedy-p14.pdf","Bucket/Pdf-files/G09/g9-hedye/g9-hedy-p14.pdf","https://c539776.parspack.net/Bucket/Pdf-files/G09/g9-hedye/g9-hedy-p14.pdf","pdf","server-map.json ; books-menu.json:tabs","yes","بدون ردیف CSV","","","","","PDF: StudyPdfCache؛ ETag/اندازه/مقایسهٔ بایت‌ها","2","منو: هدیه‌های آسمان نهم / درس یازدهم: ماجرای ظرف قیمتی | در CSV فعلی upload-map ردیفی ندارد."
"کتاب درسی","کتاب‌های درسی","g9-hedy-p15.pdf","Bucket/Pdf-files/G09/g9-hedye/g9-hedy-p15.pdf","https://c539776.parspack.net/Bucket/Pdf-files/G09/g9-hedye/g9-hedy-p15.pdf","pdf","server-map.json ; books-menu.json:tabs","yes","بدون ردیف CSV","","","","","PDF: StudyPdfCache؛ ETag/اندازه/مقایسهٔ بایت‌ها","2","منو: هدیه‌های آسمان نهم / درس دوازدهم: پایان یک ماجرا | در CSV فعلی upload-map ردیفی ندارد."
"فهرست مطالب","کتاب‌های درسی","g9-karfan-index.pdf","Bucket/Pdf-files/G09/g9-karfan/g9-karfan-index.pdf","https://c539776.parspack.net/Bucket/Pdf-files/G09/g9-karfan/g9-karfan-index.pdf","pdf","server-map.json ; books-menu.json:key","yes","بدون ردیف CSV","","","","","PDF: StudyPdfCache؛ ETag/اندازه/مقایسهٔ بایت‌ها","2","منو: کار و فناوری نهم / فهرست مطالب | در CSV فعلی upload-map ردیفی ندارد."
"کتاب درسی","کتاب‌های درسی","g9-karfan-pod01.pdf","Bucket/Pdf-files/G09/g9-karfan/g9-karfan-pod01.pdf","https://c539776.parspack.net/Bucket/Pdf-files/G09/g9-karfan/g9-karfan-pod01.pdf","pdf","server-map.json ; books-menu.json:tabs","yes","بدون ردیف CSV","","","","","PDF: StudyPdfCache؛ ETag/اندازه/مقایسهٔ بایت‌ها","2","منو: کار و فناوری نهم / پودمان یکم: الگوریتم | در CSV فعلی upload-map ردیفی ندارد."
"کتاب درسی","کتاب‌های درسی","g9-karfan-pod02.pdf","Bucket/Pdf-files/G09/g9-karfan/g9-karfan-pod02.pdf","https://c539776.parspack.net/Bucket/Pdf-files/G09/g9-karfan/g9-karfan-pod02.pdf","pdf","server-map.json ; books-menu.json:tabs","yes","بدون ردیف CSV","","","","","PDF: StudyPdfCache؛ ETag/اندازه/مقایسهٔ بایت‌ها","2","منو: کار و فناوری نهم / پودمان دوم: ترسیم با رایانه | در CSV فعلی upload-map ردیفی ندارد."
"کتاب درسی","کتاب‌های درسی","g9-karfan-pod03.pdf","Bucket/Pdf-files/G09/g9-karfan/g9-karfan-pod03.pdf","https://c539776.parspack.net/Bucket/Pdf-files/G09/g9-karfan/g9-karfan-pod03.pdf","pdf","server-map.json ; books-menu.json:tabs","yes","بدون ردیف CSV","","","","","PDF: StudyPdfCache؛ ETag/اندازه/مقایسهٔ بایت‌ها","2","منو: کار و فناوری نهم / پودمان سوم: ساز و کارهای حرکتی | در CSV فعلی upload-map ردیفی ندارد."
"کتاب درسی","کتاب‌های درسی","g9-karfan-pod04.pdf","Bucket/Pdf-files/G09/g9-karfan/g9-karfan-pod04.pdf","https://c539776.parspack.net/Bucket/Pdf-files/G09/g9-karfan/g9-karfan-pod04.pdf","pdf","server-map.json ; books-menu.json:tabs","yes","بدون ردیف CSV","","","","","PDF: StudyPdfCache؛ ETag/اندازه/مقایسهٔ بایت‌ها","2","منو: کار و فناوری نهم / پودمان چهارم: برنامه‌نویسی پایتون (۳) | در CSV فعلی upload-map ردیفی ندارد."
"کتاب درسی","کتاب‌های درسی","g9-karfan-pod05.pdf","Bucket/Pdf-files/G09/g9-karfan/g9-karfan-pod05.pdf","https://c539776.parspack.net/Bucket/Pdf-files/G09/g9-karfan/g9-karfan-pod05.pdf","pdf","server-map.json ; books-menu.json:tabs","yes","بدون ردیف CSV","","","","","PDF: StudyPdfCache؛ ETag/اندازه/مقایسهٔ بایت‌ها","2","منو: کار و فناوری نهم / پودمان پنجم: هدایت تحصیلی ــ حرفه‌ای | در CSV فعلی upload-map ردیفی ندارد."
"کتاب درسی","کتاب‌های درسی","g9-karfan-pod06.pdf","Bucket/Pdf-files/G09/g9-karfan/g9-karfan-pod06.pdf","https://c539776.parspack.net/Bucket/Pdf-files/G09/g9-karfan/g9-karfan-pod06.pdf","pdf","server-map.json ; books-menu.json:tabs","yes","بدون ردیف CSV","","","","","PDF: StudyPdfCache؛ ETag/اندازه/مقایسهٔ بایت‌ها","2","منو: کار و فناوری نهم / پودمان ششم: برق | در CSV فعلی upload-map ردیفی ندارد."
"کتاب درسی","کتاب‌های درسی","g9-karfan-pod07.pdf","Bucket/Pdf-files/G09/g9-karfan/g9-karfan-pod07.pdf","https://c539776.parspack.net/Bucket/Pdf-files/G09/g9-karfan/g9-karfan-pod07.pdf","pdf","server-map.json ; books-menu.json:tabs","yes","بدون ردیف CSV","","","","","PDF: StudyPdfCache؛ ETag/اندازه/مقایسهٔ بایت‌ها","2","منو: کار و فناوری نهم / پودمان هفتم: تأسیسات مکانیکی | در CSV فعلی upload-map ردیفی ندارد."
"کتاب درسی","کتاب‌های درسی","g9-karfan-pod08.pdf","Bucket/Pdf-files/G09/g9-karfan/g9-karfan-pod08.pdf","https://c539776.parspack.net/Bucket/Pdf-files/G09/g9-karfan/g9-karfan-pod08.pdf","pdf","server-map.json ; books-menu.json:tabs","yes","بدون ردیف CSV","","","","","PDF: StudyPdfCache؛ ETag/اندازه/مقایسهٔ بایت‌ها","2","منو: کار و فناوری نهم / پودمان هشتم: عمران | در CSV فعلی upload-map ردیفی ندارد."
"کتاب درسی","کتاب‌های درسی","g9-karfan-pod09.pdf","Bucket/Pdf-files/G09/g9-karfan/g9-karfan-pod09.pdf","https://c539776.parspack.net/Bucket/Pdf-files/G09/g9-karfan/g9-karfan-pod09.pdf","pdf","server-map.json ; books-menu.json:tabs","yes","بدون ردیف CSV","","","","","PDF: StudyPdfCache؛ ETag/اندازه/مقایسهٔ بایت‌ها","2","منو: کار و فناوری نهم / پودمان نهم: خودرو | در CSV فعلی upload-map ردیفی ندارد."
"کتاب درسی","کتاب‌های درسی","g9-karfan-pod10.pdf","Bucket/Pdf-files/G09/g9-karfan/g9-karfan-pod10.pdf","https://c539776.parspack.net/Bucket/Pdf-files/G09/g9-karfan/g9-karfan-pod10.pdf","pdf","server-map.json ; books-menu.json:tabs","yes","بدون ردیف CSV","","","","","PDF: StudyPdfCache؛ ETag/اندازه/مقایسهٔ بایت‌ها","2","منو: کار و فناوری نهم / پودمان دهم: پایش رشد و تکامل کودک | در CSV فعلی upload-map ردیفی ندارد."
"کتاب درسی","کتاب‌های درسی","g9-karfan-pod11.pdf","Bucket/Pdf-files/G09/g9-karfan/g9-karfan-pod11.pdf","https://c539776.parspack.net/Bucket/Pdf-files/G09/g9-karfan/g9-karfan-pod11.pdf","pdf","server-map.json ; books-menu.json:tabs","yes","بدون ردیف CSV","","","","","PDF: StudyPdfCache؛ ETag/اندازه/مقایسهٔ بایت‌ها","2","منو: کار و فناوری نهم / پودمان یازدهم: صنایع دستی (برجسته‌کاری روی فلز مس) | در CSV فعلی upload-map ردیفی ندارد."
"فصل ۱: مجموعه‌ها","کتاب‌های درسی","g9-math-f01.pdf","Bucket/Pdf-files/G09/g9-math/g9-math-f01.pdf","https://c539776.parspack.net/Bucket/Pdf-files/G09/g9-math/g9-math-f01.pdf","pdf","server-map.json ; books-menu.json:key ; books-menu.json:tabs","yes","بدون ردیف CSV","","","","","PDF: StudyPdfCache؛ ETag/اندازه/مقایسهٔ بایت‌ها","3","منو: ریاضی نهم / فصل ۱: مجموعه‌ها | در CSV فعلی upload-map ردیفی ندارد."
"فصل ۲: عددهای حقیقی","کتاب‌های درسی","g9-math-f02.pdf","Bucket/Pdf-files/G09/g9-math/g9-math-f02.pdf","https://c539776.parspack.net/Bucket/Pdf-files/G09/g9-math/g9-math-f02.pdf","pdf","server-map.json ; books-menu.json:key ; books-menu.json:tabs","yes","بدون ردیف CSV","","","","","PDF: StudyPdfCache؛ ETag/اندازه/مقایسهٔ بایت‌ها","3","منو: ریاضی نهم / فصل ۲: عددهای حقیقی | در CSV فعلی upload-map ردیفی ندارد."
"فصل ۳: استدلال و اثبات در هندسه","کتاب‌های درسی","g9-math-f03.pdf","Bucket/Pdf-files/G09/g9-math/g9-math-f03.pdf","https://c539776.parspack.net/Bucket/Pdf-files/G09/g9-math/g9-math-f03.pdf","pdf","server-map.json ; books-menu.json:key ; books-menu.json:tabs","yes","بدون ردیف CSV","","","","","PDF: StudyPdfCache؛ ETag/اندازه/مقایسهٔ بایت‌ها","3","منو: ریاضی نهم / فصل ۳: استدلال و اثبات در هندسه | در CSV فعلی upload-map ردیفی ندارد."
"فصل ۴: توان و ریشه","کتاب‌های درسی","g9-math-f04.pdf","Bucket/Pdf-files/G09/g9-math/g9-math-f04.pdf","https://c539776.parspack.net/Bucket/Pdf-files/G09/g9-math/g9-math-f04.pdf","pdf","server-map.json ; books-menu.json:key ; books-menu.json:tabs","yes","بدون ردیف CSV","","","","","PDF: StudyPdfCache؛ ETag/اندازه/مقایسهٔ بایت‌ها","3","منو: ریاضی نهم / فصل ۴: توان و ریشه | در CSV فعلی upload-map ردیفی ندارد."
"فصل ۵: عبارت‌های جبری","کتاب‌های درسی","g9-math-f05.pdf","Bucket/Pdf-files/G09/g9-math/g9-math-f05.pdf","https://c539776.parspack.net/Bucket/Pdf-files/G09/g9-math/g9-math-f05.pdf","pdf","server-map.json ; books-menu.json:key ; books-menu.json:tabs","yes","بدون ردیف CSV","","","","","PDF: StudyPdfCache؛ ETag/اندازه/مقایسهٔ بایت‌ها","3","منو: ریاضی نهم / فصل ۵: عبارت‌های جبری | در CSV فعلی upload-map ردیفی ندارد."
"فصل ۶: خط و معادله‌های خطی","کتاب‌های درسی","g9-math-f06.pdf","Bucket/Pdf-files/G09/g9-math/g9-math-f06.pdf","https://c539776.parspack.net/Bucket/Pdf-files/G09/g9-math/g9-math-f06.pdf","pdf","server-map.json ; books-menu.json:key ; books-menu.json:tabs","yes","بدون ردیف CSV","","","","","PDF: StudyPdfCache؛ ETag/اندازه/مقایسهٔ بایت‌ها","3","منو: ریاضی نهم / فصل ۶: خط و معادله‌های خطی | در CSV فعلی upload-map ردیفی ندارد."
"فصل ۷: عبارت‌های گویا","کتاب‌های درسی","g9-math-f07.pdf","Bucket/Pdf-files/G09/g9-math/g9-math-f07.pdf","https://c539776.parspack.net/Bucket/Pdf-files/G09/g9-math/g9-math-f07.pdf","pdf","server-map.json ; books-menu.json:key ; books-menu.json:tabs","yes","بدون ردیف CSV","","","","","PDF: StudyPdfCache؛ ETag/اندازه/مقایسهٔ بایت‌ها","3","منو: ریاضی نهم / فصل ۷: عبارت‌های گویا | در CSV فعلی upload-map ردیفی ندارد."
"فصل ۸: حجم و مساحت","کتاب‌های درسی","g9-math-f08.pdf","Bucket/Pdf-files/G09/g9-math/g9-math-f08.pdf","https://c539776.parspack.net/Bucket/Pdf-files/G09/g9-math/g9-math-f08.pdf","pdf","server-map.json ; books-menu.json:key ; books-menu.json:tabs","yes","بدون ردیف CSV","","","","","PDF: StudyPdfCache؛ ETag/اندازه/مقایسهٔ بایت‌ها","3","منو: ریاضی نهم / فصل ۸: حجم و مساحت | در CSV فعلی upload-map ردیفی ندارد."
"فهرست","کتاب‌های درسی","g9-math-index.pdf","Bucket/Pdf-files/G09/g9-math/g9-math-index.pdf","https://c539776.parspack.net/Bucket/Pdf-files/G09/g9-math/g9-math-index.pdf","pdf","server-map.json ; books-menu.json:key","yes","بدون ردیف CSV","","","","","PDF: StudyPdfCache؛ ETag/اندازه/مقایسهٔ بایت‌ها","2","منو: ریاضی نهم / فهرست | در CSV فعلی upload-map ردیفی ندارد."
"کتاب درسی","کتاب‌های درسی","g9-math-p01.pdf","Bucket/Pdf-files/G09/g9-math/g9-math-p01.pdf","https://c539776.parspack.net/Bucket/Pdf-files/G09/g9-math/g9-math-p01.pdf","pdf","server-map.json ; books-menu.json:tabs","yes","بدون ردیف CSV","","","","","PDF: StudyPdfCache؛ ETag/اندازه/مقایسهٔ بایت‌ها","2","منو: ریاضی نهم / فصل ۱: مجموعه‌ها / فصل ۱ درس اوّل: معرفی مجموعه | در CSV فعلی upload-map ردیفی ندارد."
"کتاب درسی","کتاب‌های درسی","g9-math-p02.pdf","Bucket/Pdf-files/G09/g9-math/g9-math-p02.pdf","https://c539776.parspack.net/Bucket/Pdf-files/G09/g9-math/g9-math-p02.pdf","pdf","server-map.json ; books-menu.json:tabs","yes","بدون ردیف CSV","","","","","PDF: StudyPdfCache؛ ETag/اندازه/مقایسهٔ بایت‌ها","2","منو: ریاضی نهم / فصل ۱: مجموعه‌ها / فصل ۱ درس دوم: مجموعه‌های برابر و نمایش مجموعه‌ها | در CSV فعلی upload-map ردیفی ندارد."
"کتاب درسی","کتاب‌های درسی","g9-math-p03.pdf","Bucket/Pdf-files/G09/g9-math/g9-math-p03.pdf","https://c539776.parspack.net/Bucket/Pdf-files/G09/g9-math/g9-math-p03.pdf","pdf","server-map.json ; books-menu.json:tabs","yes","بدون ردیف CSV","","","","","PDF: StudyPdfCache؛ ETag/اندازه/مقایسهٔ بایت‌ها","2","منو: ریاضی نهم / فصل ۱: مجموعه‌ها / فصل ۱ درس سوم: اجتماع، اشتراک و تفاضلِ مجموعه‌ها | در CSV فعلی upload-map ردیفی ندارد."
"کتاب درسی","کتاب‌های درسی","g9-math-p04.pdf","Bucket/Pdf-files/G09/g9-math/g9-math-p04.pdf","https://c539776.parspack.net/Bucket/Pdf-files/G09/g9-math/g9-math-p04.pdf","pdf","server-map.json ; books-menu.json:tabs","yes","بدون ردیف CSV","","","","","PDF: StudyPdfCache؛ ETag/اندازه/مقایسهٔ بایت‌ها","2","منو: ریاضی نهم / فصل ۱: مجموعه‌ها / فصل ۱ درس چهارم: مجموعه‌ها و احتمال | در CSV فعلی upload-map ردیفی ندارد."
"کتاب درسی","کتاب‌های درسی","g9-math-p05.pdf","Bucket/Pdf-files/G09/g9-math/g9-math-p05.pdf","https://c539776.parspack.net/Bucket/Pdf-files/G09/g9-math/g9-math-p05.pdf","pdf","server-map.json ; books-menu.json:tabs","yes","بدون ردیف CSV","","","","","PDF: StudyPdfCache؛ ETag/اندازه/مقایسهٔ بایت‌ها","2","منو: ریاضی نهم / فصل ۲: عددهای حقیقی / فصل ۲ درس اوّل: عددهای گویا | در CSV فعلی upload-map ردیفی ندارد."
"کتاب درسی","کتاب‌های درسی","g9-math-p06.pdf","Bucket/Pdf-files/G09/g9-math/g9-math-p06.pdf","https://c539776.parspack.net/Bucket/Pdf-files/G09/g9-math/g9-math-p06.pdf","pdf","server-map.json ; books-menu.json:tabs","yes","بدون ردیف CSV","","","","","PDF: StudyPdfCache؛ ETag/اندازه/مقایسهٔ بایت‌ها","2","منو: ریاضی نهم / فصل ۲: عددهای حقیقی / فصل ۲ درس دوم: عددهای حقیقی | در CSV فعلی upload-map ردیفی ندارد."
"کتاب درسی","کتاب‌های درسی","g9-math-p07.pdf","Bucket/Pdf-files/G09/g9-math/g9-math-p07.pdf","https://c539776.parspack.net/Bucket/Pdf-files/G09/g9-math/g9-math-p07.pdf","pdf","server-map.json ; books-menu.json:tabs","yes","بدون ردیف CSV","","","","","PDF: StudyPdfCache؛ ETag/اندازه/مقایسهٔ بایت‌ها","2","منو: ریاضی نهم / فصل ۲: عددهای حقیقی / فصل ۲ درس سوم: قدر مطلق و محاسبهٔ تقریبی | در CSV فعلی upload-map ردیفی ندارد."
"کتاب درسی","کتاب‌های درسی","g9-math-p08.pdf","Bucket/Pdf-files/G09/g9-math/g9-math-p08.pdf","https://c539776.parspack.net/Bucket/Pdf-files/G09/g9-math/g9-math-p08.pdf","pdf","server-map.json ; books-menu.json:tabs","yes","بدون ردیف CSV","","","","","PDF: StudyPdfCache؛ ETag/اندازه/مقایسهٔ بایت‌ها","2","منو: ریاضی نهم / فصل ۳: استدلال و اثبات در هندسه / فصل ۳ درس اوّل: استدلال | در CSV فعلی upload-map ردیفی ندارد."
"کتاب درسی","کتاب‌های درسی","g9-math-p09.pdf","Bucket/Pdf-files/G09/g9-math/g9-math-p09.pdf","https://c539776.parspack.net/Bucket/Pdf-files/G09/g9-math/g9-math-p09.pdf","pdf","server-map.json ; books-menu.json:tabs","yes","بدون ردیف CSV","","","","","PDF: StudyPdfCache؛ ETag/اندازه/مقایسهٔ بایت‌ها","2","منو: ریاضی نهم / فصل ۳: استدلال و اثبات در هندسه / فصل ۳ درس دوم: آشنایی با اثبات در هندسه | در CSV فعلی upload-map ردیفی ندارد."
"کتاب درسی","کتاب‌های درسی","g9-math-p10.pdf","Bucket/Pdf-files/G09/g9-math/g9-math-p10.pdf","https://c539776.parspack.net/Bucket/Pdf-files/G09/g9-math/g9-math-p10.pdf","pdf","server-map.json ; books-menu.json:tabs","yes","بدون ردیف CSV","","","","","PDF: StudyPdfCache؛ ETag/اندازه/مقایسهٔ بایت‌ها","2","منو: ریاضی نهم / فصل ۳: استدلال و اثبات در هندسه / فصل ۳ درس سوم: هم‌نهشتی مثلث‌ها | در CSV فعلی upload-map ردیفی ندارد."
"کتاب درسی","کتاب‌های درسی","g9-math-p11.pdf","Bucket/Pdf-files/G09/g9-math/g9-math-p11.pdf","https://c539776.parspack.net/Bucket/Pdf-files/G09/g9-math/g9-math-p11.pdf","pdf","server-map.json ; books-menu.json:tabs","yes","بدون ردیف CSV","","","","","PDF: StudyPdfCache؛ ETag/اندازه/مقایسهٔ بایت‌ها","2","منو: ریاضی نهم / فصل ۳: استدلال و اثبات در هندسه / فصل ۳ درس چهارم: حل مسئله در هندسه | در CSV فعلی upload-map ردیفی ندارد."
"کتاب درسی","کتاب‌های درسی","g9-math-p12.pdf","Bucket/Pdf-files/G09/g9-math/g9-math-p12.pdf","https://c539776.parspack.net/Bucket/Pdf-files/G09/g9-math/g9-math-p12.pdf","pdf","server-map.json ; books-menu.json:tabs","yes","بدون ردیف CSV","","","","","PDF: StudyPdfCache؛ ETag/اندازه/مقایسهٔ بایت‌ها","2","منو: ریاضی نهم / فصل ۳: استدلال و اثبات در هندسه / فصل ۳ درس پنجم: شکل‌های متشابه | در CSV فعلی upload-map ردیفی ندارد."
"کتاب درسی","کتاب‌های درسی","g9-math-p13.pdf","Bucket/Pdf-files/G09/g9-math/g9-math-p13.pdf","https://c539776.parspack.net/Bucket/Pdf-files/G09/g9-math/g9-math-p13.pdf","pdf","server-map.json ; books-menu.json:tabs","yes","بدون ردیف CSV","","","","","PDF: StudyPdfCache؛ ETag/اندازه/مقایسهٔ بایت‌ها","2","منو: ریاضی نهم / فصل ۴: توان و ریشه / فصل ۴ درس اوّل: توان صحیح | در CSV فعلی upload-map ردیفی ندارد."
"کتاب درسی","کتاب‌های درسی","g9-math-p14.pdf","Bucket/Pdf-files/G09/g9-math/g9-math-p14.pdf","https://c539776.parspack.net/Bucket/Pdf-files/G09/g9-math/g9-math-p14.pdf","pdf","server-map.json ; books-menu.json:tabs","yes","بدون ردیف CSV","","","","","PDF: StudyPdfCache؛ ETag/اندازه/مقایسهٔ بایت‌ها","2","منو: ریاضی نهم / فصل ۴: توان و ریشه / فصل ۴ درس دوم: نماد علمی | در CSV فعلی upload-map ردیفی ندارد."
"کتاب درسی","کتاب‌های درسی","g9-math-p15.pdf","Bucket/Pdf-files/G09/g9-math/g9-math-p15.pdf","https://c539776.parspack.net/Bucket/Pdf-files/G09/g9-math/g9-math-p15.pdf","pdf","server-map.json ; books-menu.json:tabs","yes","بدون ردیف CSV","","","","","PDF: StudyPdfCache؛ ETag/اندازه/مقایسهٔ بایت‌ها","2","منو: ریاضی نهم / فصل ۴: توان و ریشه / فصل ۴ درس سوم: ریشه‌گیری | در CSV فعلی upload-map ردیفی ندارد."
"کتاب درسی","کتاب‌های درسی","g9-math-p16.pdf","Bucket/Pdf-files/G09/g9-math/g9-math-p16.pdf","https://c539776.parspack.net/Bucket/Pdf-files/G09/g9-math/g9-math-p16.pdf","pdf","server-map.json ; books-menu.json:tabs","yes","بدون ردیف CSV","","","","","PDF: StudyPdfCache؛ ETag/اندازه/مقایسهٔ بایت‌ها","2","منو: ریاضی نهم / فصل ۴: توان و ریشه / فصل ۴ درس چهارم: جمع و تفریق رادیکال‌ها | در CSV فعلی upload-map ردیفی ندارد."
"کتاب درسی","کتاب‌های درسی","g9-math-p17.pdf","Bucket/Pdf-files/G09/g9-math/g9-math-p17.pdf","https://c539776.parspack.net/Bucket/Pdf-files/G09/g9-math/g9-math-p17.pdf","pdf","server-map.json ; books-menu.json:tabs","yes","بدون ردیف CSV","","","","","PDF: StudyPdfCache؛ ETag/اندازه/مقایسهٔ بایت‌ها","2","منو: ریاضی نهم / فصل ۵: عبارت‌های جبری / فصل ۵ درس اوّل: عبارت‌های جبری و مفهوم اتحاد | در CSV فعلی upload-map ردیفی ندارد."
"کتاب درسی","کتاب‌های درسی","g9-math-p18.pdf","Bucket/Pdf-files/G09/g9-math/g9-math-p18.pdf","https://c539776.parspack.net/Bucket/Pdf-files/G09/g9-math/g9-math-p18.pdf","pdf","server-map.json ; books-menu.json:tabs","yes","بدون ردیف CSV","","","","","PDF: StudyPdfCache؛ ETag/اندازه/مقایسهٔ بایت‌ها","2","منو: ریاضی نهم / فصل ۵: عبارت‌های جبری / فصل ۵ درس دوم: چند اتحاد دیگر، تجزیه و کاربردها | در CSV فعلی upload-map ردیفی ندارد."
"کتاب درسی","کتاب‌های درسی","g9-math-p19.pdf","Bucket/Pdf-files/G09/g9-math/g9-math-p19.pdf","https://c539776.parspack.net/Bucket/Pdf-files/G09/g9-math/g9-math-p19.pdf","pdf","server-map.json ; books-menu.json:tabs","yes","بدون ردیف CSV","","","","","PDF: StudyPdfCache؛ ETag/اندازه/مقایسهٔ بایت‌ها","2","منو: ریاضی نهم / فصل ۵: عبارت‌های جبری / فصل ۵ درس سوم: نابرابری‌ها و نامعادله‌ها | در CSV فعلی upload-map ردیفی ندارد."
"کتاب درسی","کتاب‌های درسی","g9-math-p20.pdf","Bucket/Pdf-files/G09/g9-math/g9-math-p20.pdf","https://c539776.parspack.net/Bucket/Pdf-files/G09/g9-math/g9-math-p20.pdf","pdf","server-map.json ; books-menu.json:tabs","yes","بدون ردیف CSV","","","","","PDF: StudyPdfCache؛ ETag/اندازه/مقایسهٔ بایت‌ها","2","منو: ریاضی نهم / فصل ۶: خط و معادله‌های خطی / فصل ۶ درس اوّل: معادلهٔ خط | در CSV فعلی upload-map ردیفی ندارد."
"کتاب درسی","کتاب‌های درسی","g9-math-p21.pdf","Bucket/Pdf-files/G09/g9-math/g9-math-p21.pdf","https://c539776.parspack.net/Bucket/Pdf-files/G09/g9-math/g9-math-p21.pdf","pdf","server-map.json ; books-menu.json:tabs","yes","بدون ردیف CSV","","","","","PDF: StudyPdfCache؛ ETag/اندازه/مقایسهٔ بایت‌ها","2","منو: ریاضی نهم / فصل ۶: خط و معادله‌های خطی / فصل ۶ درس دوم: شیب خط و عرض از مبدأ | در CSV فعلی upload-map ردیفی ندارد."
"کتاب درسی","کتاب‌های درسی","g9-math-p22.pdf","Bucket/Pdf-files/G09/g9-math/g9-math-p22.pdf","https://c539776.parspack.net/Bucket/Pdf-files/G09/g9-math/g9-math-p22.pdf","pdf","server-map.json ; books-menu.json:tabs","yes","بدون ردیف CSV","","","","","PDF: StudyPdfCache؛ ETag/اندازه/مقایسهٔ بایت‌ها","2","منو: ریاضی نهم / فصل ۶: خط و معادله‌های خطی / فصل ۶ درس سوم: دستگاه معادله‌های خطی | در CSV فعلی upload-map ردیفی ندارد."
"کتاب درسی","کتاب‌های درسی","g9-math-p23.pdf","Bucket/Pdf-files/G09/g9-math/g9-math-p23.pdf","https://c539776.parspack.net/Bucket/Pdf-files/G09/g9-math/g9-math-p23.pdf","pdf","server-map.json ; books-menu.json:tabs","yes","بدون ردیف CSV","","","","","PDF: StudyPdfCache؛ ETag/اندازه/مقایسهٔ بایت‌ها","2","منو: ریاضی نهم / فصل ۷: عبارت‌های گویا / فصل ۷ درس اوّل: معرفی و ساده‌کردن عبارت‌های گویا | در CSV فعلی upload-map ردیفی ندارد."
"کتاب درسی","کتاب‌های درسی","g9-math-p24.pdf","Bucket/Pdf-files/G09/g9-math/g9-math-p24.pdf","https://c539776.parspack.net/Bucket/Pdf-files/G09/g9-math/g9-math-p24.pdf","pdf","server-map.json ; books-menu.json:tabs","yes","بدون ردیف CSV","","","","","PDF: StudyPdfCache؛ ETag/اندازه/مقایسهٔ بایت‌ها","2","منو: ریاضی نهم / فصل ۷: عبارت‌های گویا / فصل ۷ درس دوم: محاسبات عبارت‌های گویا | در CSV فعلی upload-map ردیفی ندارد."
"کتاب درسی","کتاب‌های درسی","g9-math-p25.pdf","Bucket/Pdf-files/G09/g9-math/g9-math-p25.pdf","https://c539776.parspack.net/Bucket/Pdf-files/G09/g9-math/g9-math-p25.pdf","pdf","server-map.json ; books-menu.json:tabs","yes","بدون ردیف CSV","","","","","PDF: StudyPdfCache؛ ETag/اندازه/مقایسهٔ بایت‌ها","2","منو: ریاضی نهم / فصل ۷: عبارت‌های گویا / فصل ۷ درس سوم: تقسیم چندجمله‌ای‌ها | در CSV فعلی upload-map ردیفی ندارد."
"کتاب درسی","کتاب‌های درسی","g9-math-p26.pdf","Bucket/Pdf-files/G09/g9-math/g9-math-p26.pdf","https://c539776.parspack.net/Bucket/Pdf-files/G09/g9-math/g9-math-p26.pdf","pdf","server-map.json ; books-menu.json:tabs","yes","بدون ردیف CSV","","","","","PDF: StudyPdfCache؛ ETag/اندازه/مقایسهٔ بایت‌ها","2","منو: ریاضی نهم / فصل ۸: حجم و مساحت / فصل ۸ درس اوّل: حجم و مساحت کره | در CSV فعلی upload-map ردیفی ندارد."
"کتاب درسی","کتاب‌های درسی","g9-math-p27.pdf","Bucket/Pdf-files/G09/g9-math/g9-math-p27.pdf","https://c539776.parspack.net/Bucket/Pdf-files/G09/g9-math/g9-math-p27.pdf","pdf","server-map.json ; books-menu.json:tabs","yes","بدون ردیف CSV","","","","","PDF: StudyPdfCache؛ ETag/اندازه/مقایسهٔ بایت‌ها","2","منو: ریاضی نهم / فصل ۸: حجم و مساحت / فصل ۸ درس دوم: حجم هرم و مخروط | در CSV فعلی upload-map ردیفی ندارد."
"کتاب درسی","کتاب‌های درسی","g9-math-p28.pdf","Bucket/Pdf-files/G09/g9-math/g9-math-p28.pdf","https://c539776.parspack.net/Bucket/Pdf-files/G09/g9-math/g9-math-p28.pdf","pdf","server-map.json ; books-menu.json:tabs","yes","بدون ردیف CSV","","","","","PDF: StudyPdfCache؛ ETag/اندازه/مقایسهٔ بایت‌ها","2","منو: ریاضی نهم / فصل ۸: حجم و مساحت / فصل ۸ درس سوم: سطح و حجم | در CSV فعلی upload-map ردیفی ندارد."
"کتاب‌نامه","کتاب‌های درسی","g9-negar-biblio.pdf","Bucket/Pdf-files/G09/g9-negar/g9-negar-biblio.pdf","https://c539776.parspack.net/Bucket/Pdf-files/G09/g9-negar/g9-negar-biblio.pdf","pdf","server-map.json ; books-menu.json:key","yes","بدون ردیف CSV","","","","","PDF: StudyPdfCache؛ ETag/اندازه/مقایسهٔ بایت‌ها","2","منو: نگارش نهم / کتاب‌نامه | در CSV فعلی upload-map ردیفی ندارد."
"فهرست","کتاب‌های درسی","g9-negar-index.pdf","Bucket/Pdf-files/G09/g9-negar/g9-negar-index.pdf","https://c539776.parspack.net/Bucket/Pdf-files/G09/g9-negar/g9-negar-index.pdf","pdf","server-map.json ; books-menu.json:key","yes","بدون ردیف CSV","","","","","PDF: StudyPdfCache؛ ETag/اندازه/مقایسهٔ بایت‌ها","2","منو: نگارش نهم / فهرست | در CSV فعلی upload-map ردیفی ندارد."
"کتاب درسی","کتاب‌های درسی","g9-negar-p01.pdf","Bucket/Pdf-files/G09/g9-negar/g9-negar-p01.pdf","https://c539776.parspack.net/Bucket/Pdf-files/G09/g9-negar/g9-negar-p01.pdf","pdf","server-map.json ; books-menu.json:tabs","yes","بدون ردیف CSV","","","","","PDF: StudyPdfCache؛ ETag/اندازه/مقایسهٔ بایت‌ها","2","منو: نگارش نهم / درس یکم: با نظام ذهنی «پرورده» و «مند» بنویسیم | در CSV فعلی upload-map ردیفی ندارد."
"کتاب درسی","کتاب‌های درسی","g9-negar-p02.pdf","Bucket/Pdf-files/G09/g9-negar/g9-negar-p02.pdf","https://c539776.parspack.net/Bucket/Pdf-files/G09/g9-negar/g9-negar-p02.pdf","pdf","server-map.json ; books-menu.json:tabs","yes","بدون ردیف CSV","","","","","PDF: StudyPdfCache؛ ETag/اندازه/مقایسهٔ بایت‌ها","2","منو: نگارش نهم / درس دوم: واژه‌ها را بشناسیم، گزینش کنیم و به کار بگیریم | در CSV فعلی upload-map ردیفی ندارد."
"کتاب درسی","کتاب‌های درسی","g9-negar-p03.pdf","Bucket/Pdf-files/G09/g9-negar/g9-negar-p03.pdf","https://c539776.parspack.net/Bucket/Pdf-files/G09/g9-negar/g9-negar-p03.pdf","pdf","server-map.json ; books-menu.json:tabs","yes","بدون ردیف CSV","","","","","PDF: StudyPdfCache؛ ETag/اندازه/مقایسهٔ بایت‌ها","2","منو: نگارش نهم / درس سوم: نوعِ زبانِ نوشته را انتخاب کنیم | در CSV فعلی upload-map ردیفی ندارد."
"کتاب درسی","کتاب‌های درسی","g9-negar-p04.pdf","Bucket/Pdf-files/G09/g9-negar/g9-negar-p04.pdf","https://c539776.parspack.net/Bucket/Pdf-files/G09/g9-negar/g9-negar-p04.pdf","pdf","server-map.json ; books-menu.json:tabs","yes","بدون ردیف CSV","","","","","PDF: StudyPdfCache؛ ETag/اندازه/مقایسهٔ بایت‌ها","2","منو: نگارش نهم / درس چهارم: فضا و رنگِ نوشته را تغییر دهیم | در CSV فعلی upload-map ردیفی ندارد."
"کتاب درسی","کتاب‌های درسی","g9-negar-p05.pdf","Bucket/Pdf-files/G09/g9-negar/g9-negar-p05.pdf","https://c539776.parspack.net/Bucket/Pdf-files/G09/g9-negar/g9-negar-p05.pdf","pdf","server-map.json ; books-menu.json:tabs","yes","بدون ردیف CSV","","","","","PDF: StudyPdfCache؛ ETag/اندازه/مقایسهٔ بایت‌ها","2","منو: نگارش نهم / درس پنجم: نوشته را خوش آغاز کنیم؛ زیبا به پایان ببریم و نیکو نام‌گذاری کنیم | در CSV فعلی upload-map ردیفی ندارد."
"کتاب درسی","کتاب‌های درسی","g9-negar-p06.pdf","Bucket/Pdf-files/G09/g9-negar/g9-negar-p06.pdf","https://c539776.parspack.net/Bucket/Pdf-files/G09/g9-negar/g9-negar-p06.pdf","pdf","server-map.json ; books-menu.json:tabs","yes","بدون ردیف CSV","","","","","PDF: StudyPdfCache؛ ETag/اندازه/مقایسهٔ بایت‌ها","2","منو: نگارش نهم / درس ششم: قالبی برای نوشتن برگزینیم | در CSV فعلی upload-map ردیفی ندارد."
"کتاب درسی","کتاب‌های درسی","g9-negar-p07.pdf","Bucket/Pdf-files/G09/g9-negar/g9-negar-p07.pdf","https://c539776.parspack.net/Bucket/Pdf-files/G09/g9-negar/g9-negar-p07.pdf","pdf","server-map.json ; books-menu.json:tabs","yes","بدون ردیف CSV","","","","","PDF: StudyPdfCache؛ ETag/اندازه/مقایسهٔ بایت‌ها","2","منو: نگارش نهم / درس هفتم: وسعت و عمق نوشته را بیشتر کنیم | در CSV فعلی upload-map ردیفی ندارد."
"کتاب درسی","کتاب‌های درسی","g9-negar-p08.pdf","Bucket/Pdf-files/G09/g9-negar/g9-negar-p08.pdf","https://c539776.parspack.net/Bucket/Pdf-files/G09/g9-negar/g9-negar-p08.pdf","pdf","server-map.json ; books-menu.json:tabs","yes","بدون ردیف CSV","","","","","PDF: StudyPdfCache؛ ETag/اندازه/مقایسهٔ بایت‌ها","2","منو: نگارش نهم / درس هشتم: نوشته را ویرایش کنیم | در CSV فعلی upload-map ردیفی ندارد."
"ستایش","کتاب‌های درسی","g9-negar-praise.pdf","Bucket/Pdf-files/G09/g9-negar/g9-negar-praise.pdf","https://c539776.parspack.net/Bucket/Pdf-files/G09/g9-negar/g9-negar-praise.pdf","pdf","server-map.json ; books-menu.json:key","yes","بدون ردیف CSV","","","","","PDF: StudyPdfCache؛ ETag/اندازه/مقایسهٔ بایت‌ها","2","منو: نگارش نهم / ستایش | در CSV فعلی upload-map ردیفی ندارد."
"نیایش","کتاب‌های درسی","g9-negar-pray.pdf","Bucket/Pdf-files/G09/g9-negar/g9-negar-pray.pdf","https://c539776.parspack.net/Bucket/Pdf-files/G09/g9-negar/g9-negar-pray.pdf","pdf","server-map.json ; books-menu.json:key","yes","بدون ردیف CSV","","","","","PDF: StudyPdfCache؛ ETag/اندازه/مقایسهٔ بایت‌ها","2","منو: نگارش نهم / نیایش | در CSV فعلی upload-map ردیفی ندارد."
"فصل اول: خداشناسی","کتاب‌های درسی","g9-hedy-f01.pdf","Bucket/Pdf-files/G09/g9-payam/g9-hedy-f01.pdf","https://c539776.parspack.net/Bucket/Pdf-files/G09/g9-payam/g9-hedy-f01.pdf","pdf","server-map.json ; books-menu.json:key ; books-menu.json:tabs","yes","بدون ردیف CSV","","","","","PDF: StudyPdfCache؛ ETag/اندازه/مقایسهٔ بایت‌ها","3","منو: پیام‌های آسمان نهم / فصل اول: خداشناسی | در CSV فعلی upload-map ردیفی ندارد."
"فصل دوم: راهنماشناسی","کتاب‌های درسی","g9-hedy-f02.pdf","Bucket/Pdf-files/G09/g9-payam/g9-hedy-f02.pdf","https://c539776.parspack.net/Bucket/Pdf-files/G09/g9-payam/g9-hedy-f02.pdf","pdf","server-map.json ; books-menu.json:key ; books-menu.json:tabs","yes","بدون ردیف CSV","","","","","PDF: StudyPdfCache؛ ETag/اندازه/مقایسهٔ بایت‌ها","3","منو: پیام‌های آسمان نهم / فصل دوم: راهنماشناسی | در CSV فعلی upload-map ردیفی ندارد."
"فصل سوم: راه و توشه","کتاب‌های درسی","g9-hedy-f03.pdf","Bucket/Pdf-files/G09/g9-payam/g9-hedy-f03.pdf","https://c539776.parspack.net/Bucket/Pdf-files/G09/g9-payam/g9-hedy-f03.pdf","pdf","server-map.json ; books-menu.json:key ; books-menu.json:tabs","yes","بدون ردیف CSV","","","","","PDF: StudyPdfCache؛ ETag/اندازه/مقایسهٔ بایت‌ها","3","منو: پیام‌های آسمان نهم / فصل سوم: راه و توشه | در CSV فعلی upload-map ردیفی ندارد."
"فصل چهارم: اخلاق","کتاب‌های درسی","g9-hedy-f04.pdf","Bucket/Pdf-files/G09/g9-payam/g9-hedy-f04.pdf","https://c539776.parspack.net/Bucket/Pdf-files/G09/g9-payam/g9-hedy-f04.pdf","pdf","server-map.json ; books-menu.json:key ; books-menu.json:tabs","yes","بدون ردیف CSV","","","","","PDF: StudyPdfCache؛ ETag/اندازه/مقایسهٔ بایت‌ها","3","منو: پیام‌های آسمان نهم / فصل چهارم: اخلاق | در CSV فعلی upload-map ردیفی ندارد."
"فصل پنجم: جامعه اسلامی","کتاب‌های درسی","g9-hedy-f05.pdf","Bucket/Pdf-files/G09/g9-payam/g9-hedy-f05.pdf","https://c539776.parspack.net/Bucket/Pdf-files/G09/g9-payam/g9-hedy-f05.pdf","pdf","server-map.json ; books-menu.json:key ; books-menu.json:tabs","yes","بدون ردیف CSV","","","","","PDF: StudyPdfCache؛ ETag/اندازه/مقایسهٔ بایت‌ها","3","منو: پیام‌های آسمان نهم / فصل پنجم: جامعه اسلامی | در CSV فعلی upload-map ردیفی ندارد."
"کتاب درسی","کتاب‌های درسی","g9-hedy-p02.pdf","Bucket/Pdf-files/G09/g9-payam/g9-hedy-p02.pdf","https://c539776.parspack.net/Bucket/Pdf-files/G09/g9-payam/g9-hedy-p02.pdf","pdf","server-map.json ; books-menu.json:tabs","yes","بدون ردیف CSV","","","","","PDF: StudyPdfCache؛ ETag/اندازه/مقایسهٔ بایت‌ها","2","منو: پیام‌های آسمان نهم / فصل اول: خداشناسی / فصل اول درس یکم: تو را چگونه بشناسم؟ | در CSV فعلی upload-map ردیفی ندارد."
"کتاب درسی","کتاب‌های درسی","g9-hedy-p03.pdf","Bucket/Pdf-files/G09/g9-payam/g9-hedy-p03.pdf","https://c539776.parspack.net/Bucket/Pdf-files/G09/g9-payam/g9-hedy-p03.pdf","pdf","server-map.json ; books-menu.json:tabs","yes","بدون ردیف CSV","","","","","PDF: StudyPdfCache؛ ETag/اندازه/مقایسهٔ بایت‌ها","2","منو: پیام‌های آسمان نهم / فصل اول: خداشناسی / فصل اول درس دوم: در پناه ایمان | در CSV فعلی upload-map ردیفی ندارد."
"کتاب درسی","کتاب‌های درسی","g9-hedy-p04.pdf","Bucket/Pdf-files/G09/g9-payam/g9-hedy-p04.pdf","https://c539776.parspack.net/Bucket/Pdf-files/G09/g9-payam/g9-hedy-p04.pdf","pdf","server-map.json ; books-menu.json:tabs","yes","بدون ردیف CSV","","","","","PDF: StudyPdfCache؛ ETag/اندازه/مقایسهٔ بایت‌ها","2","منو: پیام‌های آسمان نهم / فصل دوم: راهنماشناسی / فصل دوم درس سوم: راهنمایان الهی | در CSV فعلی upload-map ردیفی ندارد."
"کتاب درسی","کتاب‌های درسی","g9-hedy-p05.pdf","Bucket/Pdf-files/G09/g9-payam/g9-hedy-p05.pdf","https://c539776.parspack.net/Bucket/Pdf-files/G09/g9-payam/g9-hedy-p05.pdf","pdf","server-map.json ; books-menu.json:tabs","yes","بدون ردیف CSV","","","","","PDF: StudyPdfCache؛ ETag/اندازه/مقایسهٔ بایت‌ها","2","منو: پیام‌های آسمان نهم / فصل دوم: راهنماشناسی / فصل دوم درس چهارم: خورشید پنهان | در CSV فعلی upload-map ردیفی ندارد."
"کتاب درسی","کتاب‌های درسی","g9-hedy-p06.pdf","Bucket/Pdf-files/G09/g9-payam/g9-hedy-p06.pdf","https://c539776.parspack.net/Bucket/Pdf-files/G09/g9-payam/g9-hedy-p06.pdf","pdf","server-map.json ; books-menu.json:tabs","yes","بدون ردیف CSV","","","","","PDF: StudyPdfCache؛ ETag/اندازه/مقایسهٔ بایت‌ها","2","منو: پیام‌های آسمان نهم / فصل دوم: راهنماشناسی / فصل دوم درس پنجم: رهبری در دوران غیبت | در CSV فعلی upload-map ردیفی ندارد."
"کتاب درسی","کتاب‌های درسی","g9-hedy-p07.pdf","Bucket/Pdf-files/G09/g9-payam/g9-hedy-p07.pdf","https://c539776.parspack.net/Bucket/Pdf-files/G09/g9-payam/g9-hedy-p07.pdf","pdf","server-map.json ; books-menu.json:tabs","yes","بدون ردیف CSV","","","","","PDF: StudyPdfCache؛ ETag/اندازه/مقایسهٔ بایت‌ها","2","منو: پیام‌های آسمان نهم / فصل سوم: راه و توشه / فصل سوم درس ششم: وضو، غسل و تیمم | در CSV فعلی upload-map ردیفی ندارد."
"کتاب درسی","کتاب‌های درسی","g9-hedy-p08.pdf","Bucket/Pdf-files/G09/g9-payam/g9-hedy-p08.pdf","https://c539776.parspack.net/Bucket/Pdf-files/G09/g9-payam/g9-hedy-p08.pdf","pdf","server-map.json ; books-menu.json:tabs","yes","بدون ردیف CSV","","","","","PDF: StudyPdfCache؛ ETag/اندازه/مقایسهٔ بایت‌ها","2","منو: پیام‌های آسمان نهم / فصل سوم: راه و توشه / فصل سوم درس هفتم: احکام نماز | در CSV فعلی upload-map ردیفی ندارد."
"کتاب درسی","کتاب‌های درسی","g9-hedy-p09.pdf","Bucket/Pdf-files/G09/g9-payam/g9-hedy-p09.pdf","https://c539776.parspack.net/Bucket/Pdf-files/G09/g9-payam/g9-hedy-p09.pdf","pdf","server-map.json ; books-menu.json:tabs","yes","بدون ردیف CSV","","","","","PDF: StudyPdfCache؛ ETag/اندازه/مقایسهٔ بایت‌ها","2","منو: پیام‌های آسمان نهم / فصل چهارم: اخلاق / فصل چهارم درس هشتم: همدلی و همراهی | در CSV فعلی upload-map ردیفی ندارد."
"کتاب درسی","کتاب‌های درسی","g9-hedy-p10.pdf","Bucket/Pdf-files/G09/g9-payam/g9-hedy-p10.pdf","https://c539776.parspack.net/Bucket/Pdf-files/G09/g9-payam/g9-hedy-p10.pdf","pdf","server-map.json ; books-menu.json:tabs","yes","بدون ردیف CSV","","","","","PDF: StudyPdfCache؛ ETag/اندازه/مقایسهٔ بایت‌ها","2","منو: پیام‌های آسمان نهم / فصل پنجم: جامعه اسلامی / فصل پنجم درس نهم: انقلاب اسلامی ایران | در CSV فعلی upload-map ردیفی ندارد."
"کتاب درسی","کتاب‌های درسی","g9-hedy-p11.pdf","Bucket/Pdf-files/G09/g9-payam/g9-hedy-p11.pdf","https://c539776.parspack.net/Bucket/Pdf-files/G09/g9-payam/g9-hedy-p11.pdf","pdf","server-map.json ; books-menu.json:tabs","yes","بدون ردیف CSV","","","","","PDF: StudyPdfCache؛ ETag/اندازه/مقایسهٔ بایت‌ها","2","منو: پیام‌های آسمان نهم / فصل پنجم: جامعه اسلامی / فصل پنجم درس دهم: مسئولیت همگانی | در CSV فعلی upload-map ردیفی ندارد."
"کتاب درسی","کتاب‌های درسی","g9-hedy-p12.pdf","Bucket/Pdf-files/G09/g9-payam/g9-hedy-p12.pdf","https://c539776.parspack.net/Bucket/Pdf-files/G09/g9-payam/g9-hedy-p12.pdf","pdf","server-map.json ; books-menu.json:tabs","yes","بدون ردیف CSV","","","","","PDF: StudyPdfCache؛ ETag/اندازه/مقایسهٔ بایت‌ها","2","منو: پیام‌های آسمان نهم / فصل پنجم: جامعه اسلامی / فصل پنجم درس یازدهم: انفاق | در CSV فعلی upload-map ردیفی ندارد."
"کتاب درسی","کتاب‌های درسی","g9-hedy-p13.pdf","Bucket/Pdf-files/G09/g9-payam/g9-hedy-p13.pdf","https://c539776.parspack.net/Bucket/Pdf-files/G09/g9-payam/g9-hedy-p13.pdf","pdf","server-map.json ; books-menu.json:tabs","yes","بدون ردیف CSV","","","","","PDF: StudyPdfCache؛ ETag/اندازه/مقایسهٔ بایت‌ها","2","منو: پیام‌های آسمان نهم / فصل پنجم: جامعه اسلامی / فصل پنجم درس دوازدهم: جهاد | در CSV فعلی upload-map ردیفی ندارد."
"فهرست","کتاب‌های درسی","g9-quran-index.pdf","Bucket/Pdf-files/G09/g9-quran/g9-quran-index.pdf","https://c539776.parspack.net/Bucket/Pdf-files/G09/g9-quran/g9-quran-index.pdf","pdf","server-map.json ; books-menu.json:key","yes","بدون ردیف CSV","","","","","PDF: StudyPdfCache؛ ETag/اندازه/مقایسهٔ بایت‌ها","2","منو: آموزش قرآن نهم / فهرست | در CSV فعلی upload-map ردیفی ندارد."
"کتاب درسی","کتاب‌های درسی","g9-quran-l01.pdf","Bucket/Pdf-files/G09/g9-quran/g9-quran-l01.pdf","https://c539776.parspack.net/Bucket/Pdf-files/G09/g9-quran/g9-quran-l01.pdf","pdf","server-map.json ; books-menu.json:tabs","yes","بدون ردیف CSV","","","","","PDF: StudyPdfCache؛ ETag/اندازه/مقایسهٔ بایت‌ها","2","منو: آموزش قرآن نهم / درس یکم | در CSV فعلی upload-map ردیفی ندارد."
"کتاب درسی","کتاب‌های درسی","g9-quran-l02.pdf","Bucket/Pdf-files/G09/g9-quran/g9-quran-l02.pdf","https://c539776.parspack.net/Bucket/Pdf-files/G09/g9-quran/g9-quran-l02.pdf","pdf","server-map.json ; books-menu.json:tabs","yes","بدون ردیف CSV","","","","","PDF: StudyPdfCache؛ ETag/اندازه/مقایسهٔ بایت‌ها","2","منو: آموزش قرآن نهم / درس دوم | در CSV فعلی upload-map ردیفی ندارد."
"کتاب درسی","کتاب‌های درسی","g9-quran-l03.pdf","Bucket/Pdf-files/G09/g9-quran/g9-quran-l03.pdf","https://c539776.parspack.net/Bucket/Pdf-files/G09/g9-quran/g9-quran-l03.pdf","pdf","server-map.json ; books-menu.json:tabs","yes","بدون ردیف CSV","","","","","PDF: StudyPdfCache؛ ETag/اندازه/مقایسهٔ بایت‌ها","2","منو: آموزش قرآن نهم / درس سوم | در CSV فعلی upload-map ردیفی ندارد."
"کتاب درسی","کتاب‌های درسی","g9-quran-l04.pdf","Bucket/Pdf-files/G09/g9-quran/g9-quran-l04.pdf","https://c539776.parspack.net/Bucket/Pdf-files/G09/g9-quran/g9-quran-l04.pdf","pdf","server-map.json ; books-menu.json:tabs","yes","بدون ردیف CSV","","","","","PDF: StudyPdfCache؛ ETag/اندازه/مقایسهٔ بایت‌ها","2","منو: آموزش قرآن نهم / درس چهارم | در CSV فعلی upload-map ردیفی ندارد."
"کتاب درسی","کتاب‌های درسی","g9-quran-l05.pdf","Bucket/Pdf-files/G09/g9-quran/g9-quran-l05.pdf","https://c539776.parspack.net/Bucket/Pdf-files/G09/g9-quran/g9-quran-l05.pdf","pdf","server-map.json ; books-menu.json:tabs","yes","بدون ردیف CSV","","","","","PDF: StudyPdfCache؛ ETag/اندازه/مقایسهٔ بایت‌ها","2","منو: آموزش قرآن نهم / درس پنجم | در CSV فعلی upload-map ردیفی ندارد."
"کتاب درسی","کتاب‌های درسی","g9-quran-l06.pdf","Bucket/Pdf-files/G09/g9-quran/g9-quran-l06.pdf","https://c539776.parspack.net/Bucket/Pdf-files/G09/g9-quran/g9-quran-l06.pdf","pdf","server-map.json ; books-menu.json:tabs","yes","بدون ردیف CSV","","","","","PDF: StudyPdfCache؛ ETag/اندازه/مقایسهٔ بایت‌ها","2","منو: آموزش قرآن نهم / درس ششم | در CSV فعلی upload-map ردیفی ندارد."
"کتاب درسی","کتاب‌های درسی","g9-quran-l07.pdf","Bucket/Pdf-files/G09/g9-quran/g9-quran-l07.pdf","https://c539776.parspack.net/Bucket/Pdf-files/G09/g9-quran/g9-quran-l07.pdf","pdf","server-map.json ; books-menu.json:tabs","yes","بدون ردیف CSV","","","","","PDF: StudyPdfCache؛ ETag/اندازه/مقایسهٔ بایت‌ها","2","منو: آموزش قرآن نهم / درس هفتم | در CSV فعلی upload-map ردیفی ندارد."
"کتاب درسی","کتاب‌های درسی","g9-quran-l08.pdf","Bucket/Pdf-files/G09/g9-quran/g9-quran-l08.pdf","https://c539776.parspack.net/Bucket/Pdf-files/G09/g9-quran/g9-quran-l08.pdf","pdf","server-map.json ; books-menu.json:tabs","yes","بدون ردیف CSV","","","","","PDF: StudyPdfCache؛ ETag/اندازه/مقایسهٔ بایت‌ها","2","منو: آموزش قرآن نهم / درس هشتم | در CSV فعلی upload-map ردیفی ندارد."
"کتاب درسی","کتاب‌های درسی","g9-quran-l09.pdf","Bucket/Pdf-files/G09/g9-quran/g9-quran-l09.pdf","https://c539776.parspack.net/Bucket/Pdf-files/G09/g9-quran/g9-quran-l09.pdf","pdf","server-map.json ; books-menu.json:tabs","yes","بدون ردیف CSV","","","","","PDF: StudyPdfCache؛ ETag/اندازه/مقایسهٔ بایت‌ها","2","منو: آموزش قرآن نهم / درس نهم | در CSV فعلی upload-map ردیفی ندارد."
"کتاب درسی","کتاب‌های درسی","g9-quran-l10.pdf","Bucket/Pdf-files/G09/g9-quran/g9-quran-l10.pdf","https://c539776.parspack.net/Bucket/Pdf-files/G09/g9-quran/g9-quran-l10.pdf","pdf","server-map.json ; books-menu.json:tabs","yes","بدون ردیف CSV","","","","","PDF: StudyPdfCache؛ ETag/اندازه/مقایسهٔ بایت‌ها","2","منو: آموزش قرآن نهم / درس دهم | در CSV فعلی upload-map ردیفی ندارد."
"کتاب درسی","کتاب‌های درسی","g9-quran-l11.pdf","Bucket/Pdf-files/G09/g9-quran/g9-quran-l11.pdf","https://c539776.parspack.net/Bucket/Pdf-files/G09/g9-quran/g9-quran-l11.pdf","pdf","server-map.json ; books-menu.json:tabs","yes","بدون ردیف CSV","","","","","PDF: StudyPdfCache؛ ETag/اندازه/مقایسهٔ بایت‌ها","2","منو: آموزش قرآن نهم / درس یازدهم | در CSV فعلی upload-map ردیفی ندارد."
"نیایش: دعای ختم قرآن کریم","کتاب‌های درسی","g9-quran-pray.pdf","Bucket/Pdf-files/G09/g9-quran/g9-quran-pray.pdf","https://c539776.parspack.net/Bucket/Pdf-files/G09/g9-quran/g9-quran-pray.pdf","pdf","server-map.json ; books-menu.json:key","yes","بدون ردیف CSV","","","","","PDF: StudyPdfCache؛ ETag/اندازه/مقایسهٔ بایت‌ها","2","منو: آموزش قرآن نهم / نیایش: دعای ختم قرآن کریم | در CSV فعلی upload-map ردیفی ندارد."
"فهرست کلمات","کتاب‌های درسی","g9-quran-vocab.pdf","Bucket/Pdf-files/G09/g9-quran/g9-quran-vocab.pdf","https://c539776.parspack.net/Bucket/Pdf-files/G09/g9-quran/g9-quran-vocab.pdf","pdf","server-map.json ; books-menu.json:key","yes","بدون ردیف CSV","","","","","PDF: StudyPdfCache؛ ETag/اندازه/مقایسهٔ بایت‌ها","2","منو: آموزش قرآن نهم / فهرست کلمات | در CSV فعلی upload-map ردیفی ندارد."
"پیوست: جدول تناوبی عناصر","کتاب‌های درسی","g9-sci-appendix.pdf","Bucket/Pdf-files/G09/g9-sci/g9-sci-appendix.pdf","https://c539776.parspack.net/Bucket/Pdf-files/G09/g9-sci/g9-sci-appendix.pdf","pdf","server-map.json ; books-menu.json:key","yes","بدون ردیف CSV","","","","","PDF: StudyPdfCache؛ ETag/اندازه/مقایسهٔ بایت‌ها","2","منو: علوم تجربی نهم / پیوست: جدول تناوبی عناصر | در CSV فعلی upload-map ردیفی ندارد."
"کتاب درسی","کتاب‌های درسی","g9-sci-f01.pdf","Bucket/Pdf-files/G09/g9-sci/g9-sci-f01.pdf","https://c539776.parspack.net/Bucket/Pdf-files/G09/g9-sci/g9-sci-f01.pdf","pdf","server-map.json ; books-menu.json:tabs","yes","بدون ردیف CSV","","","","","PDF: StudyPdfCache؛ ETag/اندازه/مقایسهٔ بایت‌ها","2","منو: علوم تجربی نهم / فصل اول: مواد و نقش آنها در زندگی | در CSV فعلی upload-map ردیفی ندارد."
"کتاب درسی","کتاب‌های درسی","g9-sci-f02.pdf","Bucket/Pdf-files/G09/g9-sci/g9-sci-f02.pdf","https://c539776.parspack.net/Bucket/Pdf-files/G09/g9-sci/g9-sci-f02.pdf","pdf","server-map.json ; books-menu.json:tabs","yes","بدون ردیف CSV","","","","","PDF: StudyPdfCache؛ ETag/اندازه/مقایسهٔ بایت‌ها","2","منو: علوم تجربی نهم / فصل دوم: رفتار اتم‌ها با یکدیگر | در CSV فعلی upload-map ردیفی ندارد."
"کتاب درسی","کتاب‌های درسی","g9-sci-f03.pdf","Bucket/Pdf-files/G09/g9-sci/g9-sci-f03.pdf","https://c539776.parspack.net/Bucket/Pdf-files/G09/g9-sci/g9-sci-f03.pdf","pdf","server-map.json ; books-menu.json:tabs","yes","بدون ردیف CSV","","","","","PDF: StudyPdfCache؛ ETag/اندازه/مقایسهٔ بایت‌ها","2","منو: علوم تجربی نهم / فصل سوم: به دنبال محیطی بهتر برای زندگی | در CSV فعلی upload-map ردیفی ندارد."
"کتاب درسی","کتاب‌های درسی","g9-sci-f04.pdf","Bucket/Pdf-files/G09/g9-sci/g9-sci-f04.pdf","https://c539776.parspack.net/Bucket/Pdf-files/G09/g9-sci/g9-sci-f04.pdf","pdf","server-map.json ; books-menu.json:tabs","yes","بدون ردیف CSV","","","","","PDF: StudyPdfCache؛ ETag/اندازه/مقایسهٔ بایت‌ها","2","منو: علوم تجربی نهم / فصل چهارم: حرکت چیست؟ | در CSV فعلی upload-map ردیفی ندارد."
"کتاب درسی","کتاب‌های درسی","g9-sci-f05.pdf","Bucket/Pdf-files/G09/g9-sci/g9-sci-f05.pdf","https://c539776.parspack.net/Bucket/Pdf-files/G09/g9-sci/g9-sci-f05.pdf","pdf","server-map.json ; books-menu.json:tabs","yes","بدون ردیف CSV","","","","","PDF: StudyPdfCache؛ ETag/اندازه/مقایسهٔ بایت‌ها","2","منو: علوم تجربی نهم / فصل پنجم: نیرو | در CSV فعلی upload-map ردیفی ندارد."
"کتاب درسی","کتاب‌های درسی","g9-sci-f06.pdf","Bucket/Pdf-files/G09/g9-sci/g9-sci-f06.pdf","https://c539776.parspack.net/Bucket/Pdf-files/G09/g9-sci/g9-sci-f06.pdf","pdf","server-map.json ; books-menu.json:tabs","yes","بدون ردیف CSV","","","","","PDF: StudyPdfCache؛ ETag/اندازه/مقایسهٔ بایت‌ها","2","منو: علوم تجربی نهم / فصل ششم: زمین‌ساخت ورقه‌ای | در CSV فعلی upload-map ردیفی ندارد."
"کتاب درسی","کتاب‌های درسی","g9-sci-f07.pdf","Bucket/Pdf-files/G09/g9-sci/g9-sci-f07.pdf","https://c539776.parspack.net/Bucket/Pdf-files/G09/g9-sci/g9-sci-f07.pdf","pdf","server-map.json ; books-menu.json:tabs","yes","بدون ردیف CSV","","","","","PDF: StudyPdfCache؛ ETag/اندازه/مقایسهٔ بایت‌ها","2","منو: علوم تجربی نهم / فصل هفتم: آثاری از گذشته زمین | در CSV فعلی upload-map ردیفی ندارد."
"کتاب درسی","کتاب‌های درسی","g9-sci-f08.pdf","Bucket/Pdf-files/G09/g9-sci/g9-sci-f08.pdf","https://c539776.parspack.net/Bucket/Pdf-files/G09/g9-sci/g9-sci-f08.pdf","pdf","server-map.json ; books-menu.json:tabs","yes","بدون ردیف CSV","","","","","PDF: StudyPdfCache؛ ETag/اندازه/مقایسهٔ بایت‌ها","2","منو: علوم تجربی نهم / فصل هشتم: فشار و آثار آن | در CSV فعلی upload-map ردیفی ندارد."
"کتاب درسی","کتاب‌های درسی","g9-sci-f09.pdf","Bucket/Pdf-files/G09/g9-sci/g9-sci-f09.pdf","https://c539776.parspack.net/Bucket/Pdf-files/G09/g9-sci/g9-sci-f09.pdf","pdf","server-map.json ; books-menu.json:tabs","yes","بدون ردیف CSV","","","","","PDF: StudyPdfCache؛ ETag/اندازه/مقایسهٔ بایت‌ها","2","منو: علوم تجربی نهم / فصل نهم: ماشین‌ها | در CSV فعلی upload-map ردیفی ندارد."
"کتاب درسی","کتاب‌های درسی","g9-sci-f10.pdf","Bucket/Pdf-files/G09/g9-sci/g9-sci-f10.pdf","https://c539776.parspack.net/Bucket/Pdf-files/G09/g9-sci/g9-sci-f10.pdf","pdf","server-map.json ; books-menu.json:tabs","yes","بدون ردیف CSV","","","","","PDF: StudyPdfCache؛ ETag/اندازه/مقایسهٔ بایت‌ها","2","منو: علوم تجربی نهم / فصل دهم: نگاهی به فضا | در CSV فعلی upload-map ردیفی ندارد."
"کتاب درسی","کتاب‌های درسی","g9-sci-f11.pdf","Bucket/Pdf-files/G09/g9-sci/g9-sci-f11.pdf","https://c539776.parspack.net/Bucket/Pdf-files/G09/g9-sci/g9-sci-f11.pdf","pdf","server-map.json ; books-menu.json:tabs","yes","بدون ردیف CSV","","","","","PDF: StudyPdfCache؛ ETag/اندازه/مقایسهٔ بایت‌ها","2","منو: علوم تجربی نهم / فصل یازدهم: گوناگونی جانداران | در CSV فعلی upload-map ردیفی ندارد."
"کتاب درسی","کتاب‌های درسی","g9-sci-f12.pdf","Bucket/Pdf-files/G09/g9-sci/g9-sci-f12.pdf","https://c539776.parspack.net/Bucket/Pdf-files/G09/g9-sci/g9-sci-f12.pdf","pdf","server-map.json ; books-menu.json:tabs","yes","بدون ردیف CSV","","","","","PDF: StudyPdfCache؛ ETag/اندازه/مقایسهٔ بایت‌ها","2","منو: علوم تجربی نهم / فصل دوازدهم: دنیای گیاهان | در CSV فعلی upload-map ردیفی ندارد."
"کتاب درسی","کتاب‌های درسی","g9-sci-f13.pdf","Bucket/Pdf-files/G09/g9-sci/g9-sci-f13.pdf","https://c539776.parspack.net/Bucket/Pdf-files/G09/g9-sci/g9-sci-f13.pdf","pdf","server-map.json ; books-menu.json:tabs","yes","بدون ردیف CSV","","","","","PDF: StudyPdfCache؛ ETag/اندازه/مقایسهٔ بایت‌ها","2","منو: علوم تجربی نهم / فصل سیزدهم: جانوران بی‌مهره | در CSV فعلی upload-map ردیفی ندارد."
"کتاب درسی","کتاب‌های درسی","g9-sci-f14.pdf","Bucket/Pdf-files/G09/g9-sci/g9-sci-f14.pdf","https://c539776.parspack.net/Bucket/Pdf-files/G09/g9-sci/g9-sci-f14.pdf","pdf","server-map.json ; books-menu.json:tabs","yes","بدون ردیف CSV","","","","","PDF: StudyPdfCache؛ ETag/اندازه/مقایسهٔ بایت‌ها","2","منو: علوم تجربی نهم / فصل چهاردهم: جانوران مهره‌دار | در CSV فعلی upload-map ردیفی ندارد."
"کتاب درسی","کتاب‌های درسی","g9-sci-f15.pdf","Bucket/Pdf-files/G09/g9-sci/g9-sci-f15.pdf","https://c539776.parspack.net/Bucket/Pdf-files/G09/g9-sci/g9-sci-f15.pdf","pdf","server-map.json ; books-menu.json:tabs","yes","بدون ردیف CSV","","","","","PDF: StudyPdfCache؛ ETag/اندازه/مقایسهٔ بایت‌ها","2","منو: علوم تجربی نهم / فصل پانزدهم: باهم‌زیستن | در CSV فعلی upload-map ردیفی ندارد."
"واژه‌نامه","کتاب‌های درسی","g9-soc-dict.pdf","Bucket/Pdf-files/G09/g9-soc/g9-soc-dict.pdf","https://c539776.parspack.net/Bucket/Pdf-files/G09/g9-soc/g9-soc-dict.pdf","pdf","server-map.json ; books-menu.json:key","yes","بدون ردیف CSV","","","","","PDF: StudyPdfCache؛ ETag/اندازه/مقایسهٔ بایت‌ها","2","منو: مطالعات اجتماعی نهم / واژه‌نامه | در CSV فعلی upload-map ردیفی ندارد."
"فصل اول: سیارهٔ ما، زمین","کتاب‌های درسی","g9-soc-f01.pdf","Bucket/Pdf-files/G09/g9-soc/g9-soc-f01.pdf","https://c539776.parspack.net/Bucket/Pdf-files/G09/g9-soc/g9-soc-f01.pdf","pdf","server-map.json ; books-menu.json:key ; books-menu.json:tabs","yes","بدون ردیف CSV","","","","","PDF: StudyPdfCache؛ ETag/اندازه/مقایسهٔ بایت‌ها","3","منو: مطالعات اجتماعی نهم / فصل اول: سیارهٔ ما، زمین | در CSV فعلی upload-map ردیفی ندارد."
"فصل دوم: سنگ‌کره، آب‌کره، هواکره","کتاب‌های درسی","g9-soc-f02.pdf","Bucket/Pdf-files/G09/g9-soc/g9-soc-f02.pdf","https://c539776.parspack.net/Bucket/Pdf-files/G09/g9-soc/g9-soc-f02.pdf","pdf","server-map.json ; books-menu.json:key ; books-menu.json:tabs","yes","بدون ردیف CSV","","","","","PDF: StudyPdfCache؛ ETag/اندازه/مقایسهٔ بایت‌ها","3","منو: مطالعات اجتماعی نهم / فصل دوم: سنگ‌کره، آب‌کره، هواکره | در CSV فعلی upload-map ردیفی ندارد."
"فصل سوم: زیست‌کره، تنوع شگفت‌انگیز","کتاب‌های درسی","g9-soc-f03.pdf","Bucket/Pdf-files/G09/g9-soc/g9-soc-f03.pdf","https://c539776.parspack.net/Bucket/Pdf-files/G09/g9-soc/g9-soc-f03.pdf","pdf","server-map.json ; books-menu.json:key ; books-menu.json:tabs","yes","بدون ردیف CSV","","","","","PDF: StudyPdfCache؛ ETag/اندازه/مقایسهٔ بایت‌ها","3","منو: مطالعات اجتماعی نهم / فصل سوم: زیست‌کره، تنوع شگفت‌انگیز | در CSV فعلی upload-map ردیفی ندارد."
"فصل چهارم: ساکنان سیارهٔ زمین","کتاب‌های درسی","g9-soc-f04.pdf","Bucket/Pdf-files/G09/g9-soc/g9-soc-f04.pdf","https://c539776.parspack.net/Bucket/Pdf-files/G09/g9-soc/g9-soc-f04.pdf","pdf","server-map.json ; books-menu.json:key ; books-menu.json:tabs","yes","بدون ردیف CSV","","","","","PDF: StudyPdfCache؛ ETag/اندازه/مقایسهٔ بایت‌ها","3","منو: مطالعات اجتماعی نهم / فصل چهارم: ساکنان سیارهٔ زمین | در CSV فعلی upload-map ردیفی ندارد."
"فصل پنجم: عصر یکپارچگی و شکوفایی","کتاب‌های درسی","g9-soc-f05.pdf","Bucket/Pdf-files/G09/g9-soc/g9-soc-f05.pdf","https://c539776.parspack.net/Bucket/Pdf-files/G09/g9-soc/g9-soc-f05.pdf","pdf","server-map.json ; books-menu.json:key ; books-menu.json:tabs","yes","بدون ردیف CSV","","","","","PDF: StudyPdfCache؛ ETag/اندازه/مقایسهٔ بایت‌ها","3","منو: مطالعات اجتماعی نهم / فصل پنجم: عصر یکپارچگی و شکوفایی | در CSV فعلی upload-map ردیفی ندارد."
"فصل ششم: ایران از عهد نادرشاه تا ناصرالدین‌شاه","کتاب‌های درسی","g9-soc-f06.pdf","Bucket/Pdf-files/G09/g9-soc/g9-soc-f06.pdf","https://c539776.parspack.net/Bucket/Pdf-files/G09/g9-soc/g9-soc-f06.pdf","pdf","server-map.json ; books-menu.json:key ; books-menu.json:tabs","yes","بدون ردیف CSV","","","","","PDF: StudyPdfCache؛ ETag/اندازه/مقایسهٔ بایت‌ها","3","منو: مطالعات اجتماعی نهم / فصل ششم: ایران از عهد نادرشاه تا ناصرالدین‌شاه | در CSV فعلی upload-map ردیفی ندارد."
"فصل هفتم: ایران در عصر مشروطه","کتاب‌های درسی","g9-soc-f07.pdf","Bucket/Pdf-files/G09/g9-soc/g9-soc-f07.pdf","https://c539776.parspack.net/Bucket/Pdf-files/G09/g9-soc/g9-soc-f07.pdf","pdf","server-map.json ; books-menu.json:key ; books-menu.json:tabs","yes","بدون ردیف CSV","","","","","PDF: StudyPdfCache؛ ETag/اندازه/مقایسهٔ بایت‌ها","3","منو: مطالعات اجتماعی نهم / فصل هفتم: ایران در عصر مشروطه | در CSV فعلی upload-map ردیفی ندارد."
"فصل هشتم: سقوط حکومت شاهنشاهی و شکل‌گیری نظام جمهوری اسلامی","کتاب‌های درسی","g9-soc-f08.pdf","Bucket/Pdf-files/G09/g9-soc/g9-soc-f08.pdf","https://c539776.parspack.net/Bucket/Pdf-files/G09/g9-soc/g9-soc-f08.pdf","pdf","server-map.json ; books-menu.json:key ; books-menu.json:tabs","yes","بدون ردیف CSV","","","","","PDF: StudyPdfCache؛ ETag/اندازه/مقایسهٔ بایت‌ها","3","منو: مطالعات اجتماعی نهم / فصل هشتم: سقوط حکومت شاهنشاهی و شکل‌گیری نظام جمهوری اسلامی | در CSV فعلی upload-map ردیفی ندارد."
"فصل نهم: فرهنگ و هویت","کتاب‌های درسی","g9-soc-f09.pdf","Bucket/Pdf-files/G09/g9-soc/g9-soc-f09.pdf","https://c539776.parspack.net/Bucket/Pdf-files/G09/g9-soc/g9-soc-f09.pdf","pdf","server-map.json ; books-menu.json:key ; books-menu.json:tabs","yes","بدون ردیف CSV","","","","","PDF: StudyPdfCache؛ ETag/اندازه/مقایسهٔ بایت‌ها","3","منو: مطالعات اجتماعی نهم / فصل نهم: فرهنگ و هویت | در CSV فعلی upload-map ردیفی ندارد."
"فصل دهم: خانواده و جامعه","کتاب‌های درسی","g9-soc-f10.pdf","Bucket/Pdf-files/G09/g9-soc/g9-soc-f10.pdf","https://c539776.parspack.net/Bucket/Pdf-files/G09/g9-soc/g9-soc-f10.pdf","pdf","server-map.json ; books-menu.json:key ; books-menu.json:tabs","yes","بدون ردیف CSV","","","","","PDF: StudyPdfCache؛ ETag/اندازه/مقایسهٔ بایت‌ها","3","منو: مطالعات اجتماعی نهم / فصل دهم: خانواده و جامعه | در CSV فعلی upload-map ردیفی ندارد."
"فصل یازدهم: حکومت و مردم","کتاب‌های درسی","g9-soc-f11.pdf","Bucket/Pdf-files/G09/g9-soc/g9-soc-f11.pdf","https://c539776.parspack.net/Bucket/Pdf-files/G09/g9-soc/g9-soc-f11.pdf","pdf","server-map.json ; books-menu.json:key ; books-menu.json:tabs","yes","بدون ردیف CSV","","","","","PDF: StudyPdfCache؛ ETag/اندازه/مقایسهٔ بایت‌ها","3","منو: مطالعات اجتماعی نهم / فصل یازدهم: حکومت و مردم | در CSV فعلی upload-map ردیفی ندارد."
"فصل دوازدهم: بهره‌وری","کتاب‌های درسی","g9-soc-f12.pdf","Bucket/Pdf-files/G09/g9-soc/g9-soc-f12.pdf","https://c539776.parspack.net/Bucket/Pdf-files/G09/g9-soc/g9-soc-f12.pdf","pdf","server-map.json ; books-menu.json:key ; books-menu.json:tabs","yes","بدون ردیف CSV","","","","","PDF: StudyPdfCache؛ ETag/اندازه/مقایسهٔ بایت‌ها","3","منو: مطالعات اجتماعی نهم / فصل دوازدهم: بهره‌وری | در CSV فعلی upload-map ردیفی ندارد."
"فهرست","کتاب‌های درسی","g9-soc-index.pdf","Bucket/Pdf-files/G09/g9-soc/g9-soc-index.pdf","https://c539776.parspack.net/Bucket/Pdf-files/G09/g9-soc/g9-soc-index.pdf","pdf","server-map.json ; books-menu.json:key","yes","بدون ردیف CSV","","","","","PDF: StudyPdfCache؛ ETag/اندازه/مقایسهٔ بایت‌ها","2","منو: مطالعات اجتماعی نهم / فهرست | در CSV فعلی upload-map ردیفی ندارد."
"کتاب درسی","کتاب‌های درسی","g9-soc-p02.pdf","Bucket/Pdf-files/G09/g9-soc/g9-soc-p02.pdf","https://c539776.parspack.net/Bucket/Pdf-files/G09/g9-soc/g9-soc-p02.pdf","pdf","server-map.json ; books-menu.json:tabs","yes","بدون ردیف CSV","","","","","PDF: StudyPdfCache؛ ETag/اندازه/مقایسهٔ بایت‌ها","2","منو: مطالعات اجتماعی نهم / فصل اول: سیارهٔ ما، زمین / فصل اول درس ۱: زمین، مهد زیبای انسان‌ها | در CSV فعلی upload-map ردیفی ندارد."
"کتاب درسی","کتاب‌های درسی","g9-soc-p03.pdf","Bucket/Pdf-files/G09/g9-soc/g9-soc-p03.pdf","https://c539776.parspack.net/Bucket/Pdf-files/G09/g9-soc/g9-soc-p03.pdf","pdf","server-map.json ; books-menu.json:tabs","yes","بدون ردیف CSV","","","","","PDF: StudyPdfCache؛ ETag/اندازه/مقایسهٔ بایت‌ها","2","منو: مطالعات اجتماعی نهم / فصل اول: سیارهٔ ما، زمین / فصل اول درس ۲: حرکات زمین | در CSV فعلی upload-map ردیفی ندارد."
"کتاب درسی","کتاب‌های درسی","g9-soc-p04.pdf","Bucket/Pdf-files/G09/g9-soc/g9-soc-p04.pdf","https://c539776.parspack.net/Bucket/Pdf-files/G09/g9-soc/g9-soc-p04.pdf","pdf","server-map.json ; books-menu.json:tabs","yes","بدون ردیف CSV","","","","","PDF: StudyPdfCache؛ ETag/اندازه/مقایسهٔ بایت‌ها","2","منو: مطالعات اجتماعی نهم / فصل دوم: سنگ‌کره، آب‌کره، هواکره / فصل دوم درس ۳: چهرهٔ زمین | در CSV فعلی upload-map ردیفی ندارد."
"کتاب درسی","کتاب‌های درسی","g9-soc-p05.pdf","Bucket/Pdf-files/G09/g9-soc/g9-soc-p05.pdf","https://c539776.parspack.net/Bucket/Pdf-files/G09/g9-soc/g9-soc-p05.pdf","pdf","server-map.json ; books-menu.json:tabs","yes","بدون ردیف CSV","","","","","PDF: StudyPdfCache؛ ETag/اندازه/مقایسهٔ بایت‌ها","2","منو: مطالعات اجتماعی نهم / فصل دوم: سنگ‌کره، آب‌کره، هواکره / فصل دوم درس ۴: آب فراوان، هوای پاک | در CSV فعلی upload-map ردیفی ندارد."
"کتاب درسی","کتاب‌های درسی","g9-soc-p06.pdf","Bucket/Pdf-files/G09/g9-soc/g9-soc-p06.pdf","https://c539776.parspack.net/Bucket/Pdf-files/G09/g9-soc/g9-soc-p06.pdf","pdf","server-map.json ; books-menu.json:tabs","yes","بدون ردیف CSV","","","","","PDF: StudyPdfCache؛ ETag/اندازه/مقایسهٔ بایت‌ها","2","منو: مطالعات اجتماعی نهم / فصل سوم: زیست‌کره، تنوع شگفت‌انگیز / فصل سوم درس ۵: پراکندگی زیست‌بوم‌های جهان | در CSV فعلی upload-map ردیفی ندارد."
"کتاب درسی","کتاب‌های درسی","g9-soc-p07.pdf","Bucket/Pdf-files/G09/g9-soc/g9-soc-p07.pdf","https://c539776.parspack.net/Bucket/Pdf-files/G09/g9-soc/g9-soc-p07.pdf","pdf","server-map.json ; books-menu.json:tabs","yes","بدون ردیف CSV","","","","","PDF: StudyPdfCache؛ ETag/اندازه/مقایسهٔ بایت‌ها","2","منو: مطالعات اجتماعی نهم / فصل سوم: زیست‌کره، تنوع شگفت‌انگیز / فصل سوم درس ۶: زیست‌بوم‌ها در خطرند | در CSV فعلی upload-map ردیفی ندارد."
"کتاب درسی","کتاب‌های درسی","g9-soc-p08.pdf","Bucket/Pdf-files/G09/g9-soc/g9-soc-p08.pdf","https://c539776.parspack.net/Bucket/Pdf-files/G09/g9-soc/g9-soc-p08.pdf","pdf","server-map.json ; books-menu.json:tabs","yes","بدون ردیف CSV","","","","","PDF: StudyPdfCache؛ ETag/اندازه/مقایسهٔ بایت‌ها","2","منو: مطالعات اجتماعی نهم / فصل چهارم: ساکنان سیارهٔ زمین / فصل چهارم درس ۷: جمعیت جهان | در CSV فعلی upload-map ردیفی ندارد."
"کتاب درسی","کتاب‌های درسی","g9-soc-p09.pdf","Bucket/Pdf-files/G09/g9-soc/g9-soc-p09.pdf","https://c539776.parspack.net/Bucket/Pdf-files/G09/g9-soc/g9-soc-p09.pdf","pdf","server-map.json ; books-menu.json:tabs","yes","بدون ردیف CSV","","","","","PDF: StudyPdfCache؛ ETag/اندازه/مقایسهٔ بایت‌ها","2","منو: مطالعات اجتماعی نهم / فصل چهارم: ساکنان سیارهٔ زمین / فصل چهارم درس ۸: بی‌عدالتی و نابرابری در جهان | در CSV فعلی upload-map ردیفی ندارد."
"کتاب درسی","کتاب‌های درسی","g9-soc-p10.pdf","Bucket/Pdf-files/G09/g9-soc/g9-soc-p10.pdf","https://c539776.parspack.net/Bucket/Pdf-files/G09/g9-soc/g9-soc-p10.pdf","pdf","server-map.json ; books-menu.json:tabs","yes","بدون ردیف CSV","","","","","PDF: StudyPdfCache؛ ETag/اندازه/مقایسهٔ بایت‌ها","2","منو: مطالعات اجتماعی نهم / فصل پنجم: عصر یکپارچگی و شکوفایی / فصل پنجم درس ۹: ایرانی متحد و یکپارچه | در CSV فعلی upload-map ردیفی ندارد."
"کتاب درسی","کتاب‌های درسی","g9-soc-p11.pdf","Bucket/Pdf-files/G09/g9-soc/g9-soc-p11.pdf","https://c539776.parspack.net/Bucket/Pdf-files/G09/g9-soc/g9-soc-p11.pdf","pdf","server-map.json ; books-menu.json:tabs","yes","بدون ردیف CSV","","","","","PDF: StudyPdfCache؛ ETag/اندازه/مقایسهٔ بایت‌ها","2","منو: مطالعات اجتماعی نهم / فصل پنجم: عصر یکپارچگی و شکوفایی / فصل پنجم درس ۱۰: اوضاع اجتماعی، اقتصادی، علمی و فرهنگی ایران در عصر صفوی | در CSV فعلی upload-map ردیفی ندارد."
"کتاب درسی","کتاب‌های درسی","g9-soc-p12.pdf","Bucket/Pdf-files/G09/g9-soc/g9-soc-p12.pdf","https://c539776.parspack.net/Bucket/Pdf-files/G09/g9-soc/g9-soc-p12.pdf","pdf","server-map.json ; books-menu.json:tabs","yes","بدون ردیف CSV","","","","","PDF: StudyPdfCache؛ ETag/اندازه/مقایسهٔ بایت‌ها","2","منو: مطالعات اجتماعی نهم / فصل ششم: ایران از عهد نادرشاه تا ناصرالدین‌شاه / فصل ششم درس ۱۱: تلاش برای حفظ استقلال و اتحاد سیاسی ایران | در CSV فعلی upload-map ردیفی ندارد."
"کتاب درسی","کتاب‌های درسی","g9-soc-p13.pdf","Bucket/Pdf-files/G09/g9-soc/g9-soc-p13.pdf","https://c539776.parspack.net/Bucket/Pdf-files/G09/g9-soc/g9-soc-p13.pdf","pdf","server-map.json ; books-menu.json:tabs","yes","بدون ردیف CSV","","","","","PDF: StudyPdfCache؛ ETag/اندازه/مقایسهٔ بایت‌ها","2","منو: مطالعات اجتماعی نهم / فصل ششم: ایران از عهد نادرشاه تا ناصرالدین‌شاه / فصل ششم درس ۱۲: در جست‌وجوی پیشرفت و رهایی از سلطهٔ خارجی | در CSV فعلی upload-map ردیفی ندارد."
"کتاب درسی","کتاب‌های درسی","g9-soc-p14.pdf","Bucket/Pdf-files/G09/g9-soc/g9-soc-p14.pdf","https://c539776.parspack.net/Bucket/Pdf-files/G09/g9-soc/g9-soc-p14.pdf","pdf","server-map.json ; books-menu.json:tabs","yes","بدون ردیف CSV","","","","","PDF: StudyPdfCache؛ ETag/اندازه/مقایسهٔ بایت‌ها","2","منو: مطالعات اجتماعی نهم / فصل هفتم: ایران در عصر مشروطه / فصل هفتم درس ۱۳: نهضت مشروطه | در CSV فعلی upload-map ردیفی ندارد."
"کتاب درسی","کتاب‌های درسی","g9-soc-p15.pdf","Bucket/Pdf-files/G09/g9-soc/g9-soc-p15.pdf","https://c539776.parspack.net/Bucket/Pdf-files/G09/g9-soc/g9-soc-p15.pdf","pdf","server-map.json ; books-menu.json:tabs","yes","بدون ردیف CSV","","","","","PDF: StudyPdfCache؛ ETag/اندازه/مقایسهٔ بایت‌ها","2","منو: مطالعات اجتماعی نهم / فصل هفتم: ایران در عصر مشروطه / فصل هفتم درس ۱۴: ایران در دوران حکومت پهلوی | در CSV فعلی upload-map ردیفی ندارد."
"کتاب درسی","کتاب‌های درسی","g9-soc-p16.pdf","Bucket/Pdf-files/G09/g9-soc/g9-soc-p16.pdf","https://c539776.parspack.net/Bucket/Pdf-files/G09/g9-soc/g9-soc-p16.pdf","pdf","server-map.json ; books-menu.json:tabs","yes","بدون ردیف CSV","","","","","PDF: StudyPdfCache؛ ETag/اندازه/مقایسهٔ بایت‌ها","2","منو: مطالعات اجتماعی نهم / فصل هشتم: سقوط حکومت شاهنشاهی و شکل‌گیری نظام جمهوری اسلامی / فصل هشتم درس ۱۵: انقلاب اسلامی ایران | در CSV فعلی upload-map ردیفی ندارد."
"کتاب درسی","کتاب‌های درسی","g9-soc-p17.pdf","Bucket/Pdf-files/G09/g9-soc/g9-soc-p17.pdf","https://c539776.parspack.net/Bucket/Pdf-files/G09/g9-soc/g9-soc-p17.pdf","pdf","server-map.json ; books-menu.json:tabs","yes","بدون ردیف CSV","","","","","PDF: StudyPdfCache؛ ETag/اندازه/مقایسهٔ بایت‌ها","2","منو: مطالعات اجتماعی نهم / فصل هشتم: سقوط حکومت شاهنشاهی و شکل‌گیری نظام جمهوری اسلامی / فصل هشتم درس ۱۶: ایران در دوران پس از پیروزی انقلاب اسلامی | در CSV فعلی upload-map ردیفی ندارد."
"کتاب درسی","کتاب‌های درسی","g9-soc-p18.pdf","Bucket/Pdf-files/G09/g9-soc/g9-soc-p18.pdf","https://c539776.parspack.net/Bucket/Pdf-files/G09/g9-soc/g9-soc-p18.pdf","pdf","server-map.json ; books-menu.json:tabs","yes","بدون ردیف CSV","","","","","PDF: StudyPdfCache؛ ETag/اندازه/مقایسهٔ بایت‌ها","2","منو: مطالعات اجتماعی نهم / فصل نهم: فرهنگ و هویت / فصل نهم درس ۱۷: فرهنگ | در CSV فعلی upload-map ردیفی ندارد."
"کتاب درسی","کتاب‌های درسی","g9-soc-p19.pdf","Bucket/Pdf-files/G09/g9-soc/g9-soc-p19.pdf","https://c539776.parspack.net/Bucket/Pdf-files/G09/g9-soc/g9-soc-p19.pdf","pdf","server-map.json ; books-menu.json:tabs","yes","بدون ردیف CSV","","","","","PDF: StudyPdfCache؛ ETag/اندازه/مقایسهٔ بایت‌ها","2","منو: مطالعات اجتماعی نهم / فصل نهم: فرهنگ و هویت / فصل نهم درس ۱۸: هویت | در CSV فعلی upload-map ردیفی ندارد."
"کتاب درسی","کتاب‌های درسی","g9-soc-p20.pdf","Bucket/Pdf-files/G09/g9-soc/g9-soc-p20.pdf","https://c539776.parspack.net/Bucket/Pdf-files/G09/g9-soc/g9-soc-p20.pdf","pdf","server-map.json ; books-menu.json:tabs","yes","بدون ردیف CSV","","","","","PDF: StudyPdfCache؛ ETag/اندازه/مقایسهٔ بایت‌ها","2","منو: مطالعات اجتماعی نهم / فصل دهم: خانواده و جامعه / فصل دهم درس ۱۹: ارزش‌ها و کارکردهای خانواده | در CSV فعلی upload-map ردیفی ندارد."
"کتاب درسی","کتاب‌های درسی","g9-soc-p21.pdf","Bucket/Pdf-files/G09/g9-soc/g9-soc-p21.pdf","https://c539776.parspack.net/Bucket/Pdf-files/G09/g9-soc/g9-soc-p21.pdf","pdf","server-map.json ; books-menu.json:tabs","yes","بدون ردیف CSV","","","","","PDF: StudyPdfCache؛ ETag/اندازه/مقایسهٔ بایت‌ها","2","منو: مطالعات اجتماعی نهم / فصل دهم: خانواده و جامعه / فصل دهم درس ۲۰: آرامش در خانواده | در CSV فعلی upload-map ردیفی ندارد."
"کتاب درسی","کتاب‌های درسی","g9-soc-p22.pdf","Bucket/Pdf-files/G09/g9-soc/g9-soc-p22.pdf","https://c539776.parspack.net/Bucket/Pdf-files/G09/g9-soc/g9-soc-p22.pdf","pdf","server-map.json ; books-menu.json:tabs","yes","بدون ردیف CSV","","","","","PDF: StudyPdfCache؛ ETag/اندازه/مقایسهٔ بایت‌ها","2","منو: مطالعات اجتماعی نهم / فصل یازدهم: حکومت و مردم / فصل یازدهم درس ۲۱: نهاد حکومت | در CSV فعلی upload-map ردیفی ندارد."
"کتاب درسی","کتاب‌های درسی","g9-soc-p23.pdf","Bucket/Pdf-files/G09/g9-soc/g9-soc-p23.pdf","https://c539776.parspack.net/Bucket/Pdf-files/G09/g9-soc/g9-soc-p23.pdf","pdf","server-map.json ; books-menu.json:tabs","yes","بدون ردیف CSV","","","","","PDF: StudyPdfCache؛ ETag/اندازه/مقایسهٔ بایت‌ها","2","منو: مطالعات اجتماعی نهم / فصل یازدهم: حکومت و مردم / فصل یازدهم درس ۲۲: حقوق و تکالیف شهروندی | در CSV فعلی upload-map ردیفی ندارد."
"کتاب درسی","کتاب‌های درسی","g9-soc-p24.pdf","Bucket/Pdf-files/G09/g9-soc/g9-soc-p24.pdf","https://c539776.parspack.net/Bucket/Pdf-files/G09/g9-soc/g9-soc-p24.pdf","pdf","server-map.json ; books-menu.json:tabs","yes","بدون ردیف CSV","","","","","PDF: StudyPdfCache؛ ETag/اندازه/مقایسهٔ بایت‌ها","2","منو: مطالعات اجتماعی نهم / فصل دوازدهم: بهره‌وری / فصل دوازدهم درس ۲۳: بهره‌وری چیست؟ | در CSV فعلی upload-map ردیفی ندارد."
"کتاب درسی","کتاب‌های درسی","g9-soc-p25.pdf","Bucket/Pdf-files/G09/g9-soc/g9-soc-p25.pdf","https://c539776.parspack.net/Bucket/Pdf-files/G09/g9-soc/g9-soc-p25.pdf","pdf","server-map.json ; books-menu.json:tabs","yes","بدون ردیف CSV","","","","","PDF: StudyPdfCache؛ ETag/اندازه/مقایسهٔ بایت‌ها","2","منو: مطالعات اجتماعی نهم / فصل دوازدهم: بهره‌وری / فصل دوازدهم درس ۲۴: اقتصاد و بهره‌وری | در CSV فعلی upload-map ردیفی ندارد."
"کاربرگه‌های فعّالیت","کتاب‌های درسی","g9-soc-ws01.pdf","Bucket/Pdf-files/G09/g9-soc/g9-soc-ws01.pdf","https://c539776.parspack.net/Bucket/Pdf-files/G09/g9-soc/g9-soc-ws01.pdf","pdf","server-map.json ; books-menu.json:key","yes","بدون ردیف CSV","","","","","PDF: StudyPdfCache؛ ETag/اندازه/مقایسهٔ بایت‌ها","2","منو: مطالعات اجتماعی نهم / کاربرگه‌های فعّالیت | در CSV فعلی upload-map ردیفی ندارد."
"صوت — درسِ اول: این جهان راه است و ما راهی و مَرکَب، خوی ماست (۱۴)","کتاب‌های درسی · صوت","C901_L01","Bucket/Media-files/C901_L01_AUDIO.mp3","https://c539776.parspack.net/Bucket/Media-files/C901_L01_AUDIO.mp3","mp3","StudyMedia + BookToc","yes","بدون ردیف CSV","","","","","صوت/ویدیو: MediaVault؛ تازه‌سازی مشروط در شاخهٔ اصلاحی","1","شناسهٔ رسانه: C901_L01_AUDIO.mp3؛ مسیر قراردادی جدید؛ پیش از آپلود انبوه روی باکت واقعی تأیید شود. | در CSV فعلی upload-map ردیفی ندارد."
"صوت — درسِ دوم: بود روشنگر راه سعادت، جو خورشید فروزان قرآن است (۲۴)","کتاب‌های درسی · صوت","C901_L02","Bucket/Media-files/C901_L02_AUDIO.mp3","https://c539776.parspack.net/Bucket/Media-files/C901_L02_AUDIO.mp3","mp3","StudyMedia + BookToc","yes","بدون ردیف CSV","","","","","صوت/ویدیو: MediaVault؛ تازه‌سازی مشروط در شاخهٔ اصلاحی","1","شناسهٔ رسانه: C901_L02_AUDIO.mp3؛ مسیر قراردادی جدید؛ پیش از آپلود انبوه روی باکت واقعی تأیید شود. | در CSV فعلی upload-map ردیفی ندارد."
"صوت — درسِ سوم: در صراط مستقیم ای دل کسی گمراه نیست (۳۳)","کتاب‌های درسی · صوت","C901_L03","Bucket/Media-files/C901_L03_AUDIO.mp3","https://c539776.parspack.net/Bucket/Media-files/C901_L03_AUDIO.mp3","mp3","StudyMedia + BookToc","yes","بدون ردیف CSV","","","","","صوت/ویدیو: MediaVault؛ تازه‌سازی مشروط در شاخهٔ اصلاحی","1","شناسهٔ رسانه: C901_L03_AUDIO.mp3؛ مسیر قراردادی جدید؛ پیش از آپلود انبوه روی باکت واقعی تأیید شود. | در CSV فعلی upload-map ردیفی ندارد."
"صوت — درسِ چهارم: یک میوه از درخت غرور، آن تمسخر است (۴۳)","کتاب‌های درسی · صوت","C901_L04","Bucket/Media-files/C901_L04_AUDIO.mp3","https://c539776.parspack.net/Bucket/Media-files/C901_L04_AUDIO.mp3","mp3","StudyMedia + BookToc","yes","بدون ردیف CSV","","","","","صوت/ویدیو: MediaVault؛ تازه‌سازی مشروط در شاخهٔ اصلاحی","1","شناسهٔ رسانه: C901_L04_AUDIO.mp3؛ مسیر قراردادی جدید؛ پیش از آپلود انبوه روی باکت واقعی تأیید شود. | در CSV فعلی upload-map ردیفی ندارد."
"صوت — درسِ پنجم: بهشت حق، جزای متّقین است (۵۲)","کتاب‌های درسی · صوت","C901_L05","Bucket/Media-files/C901_L05_AUDIO.mp3","https://c539776.parspack.net/Bucket/Media-files/C901_L05_AUDIO.mp3","mp3","StudyMedia + BookToc","yes","بدون ردیف CSV","","","","","صوت/ویدیو: MediaVault؛ تازه‌سازی مشروط در شاخهٔ اصلاحی","1","شناسهٔ رسانه: C901_L05_AUDIO.mp3؛ مسیر قراردادی جدید؛ پیش از آپلود انبوه روی باکت واقعی تأیید شود. | در CSV فعلی upload-map ردیفی ندارد."
"صوت — درسِ ششم: عدالت‌خواه و عادل چون خدا باش (۶۰)","کتاب‌های درسی · صوت","C901_L06","Bucket/Media-files/C901_L06_AUDIO.mp3","https://c539776.parspack.net/Bucket/Media-files/C901_L06_AUDIO.mp3","mp3","StudyMedia + BookToc","yes","بدون ردیف CSV","","","","","صوت/ویدیو: MediaVault؛ تازه‌سازی مشروط در شاخهٔ اصلاحی","1","شناسهٔ رسانه: C901_L06_AUDIO.mp3؛ مسیر قراردادی جدید؛ پیش از آپلود انبوه روی باکت واقعی تأیید شود. | در CSV فعلی upload-map ردیفی ندارد."
"صوت — درسِ هفتم: خدا با حکمت و میزان، رسولان را دهد یاری (۶۹)","کتاب‌های درسی · صوت","C901_L07","Bucket/Media-files/C901_L07_AUDIO.mp3","https://c539776.parspack.net/Bucket/Media-files/C901_L07_AUDIO.mp3","mp3","StudyMedia + BookToc","yes","بدون ردیف CSV","","","","","صوت/ویدیو: MediaVault؛ تازه‌سازی مشروط در شاخهٔ اصلاحی","1","شناسهٔ رسانه: C901_L07_AUDIO.mp3؛ مسیر قراردادی جدید؛ پیش از آپلود انبوه روی باکت واقعی تأیید شود. | در CSV فعلی upload-map ردیفی ندارد."
"صوت — درسِ هشتم: تجارت با خدا، کسبی است پرسود (۷۹)","کتاب‌های درسی · صوت","C901_L08","Bucket/Media-files/C901_L08_AUDIO.mp3","https://c539776.parspack.net/Bucket/Media-files/C901_L08_AUDIO.mp3","mp3","StudyMedia + BookToc","yes","بدون ردیف CSV","","","","","صوت/ویدیو: MediaVault؛ تازه‌سازی مشروط در شاخهٔ اصلاحی","1","شناسهٔ رسانه: C901_L08_AUDIO.mp3؛ مسیر قراردادی جدید؛ پیش از آپلود انبوه روی باکت واقعی تأیید شود. | در CSV فعلی upload-map ردیفی ندارد."
"صوت — درسِ نهم: سفر زندگی ما ز خدا تا به خداست (۸۸)","کتاب‌های درسی · صوت","C901_L09","Bucket/Media-files/C901_L09_AUDIO.mp3","https://c539776.parspack.net/Bucket/Media-files/C901_L09_AUDIO.mp3","mp3","StudyMedia + BookToc","yes","بدون ردیف CSV","","","","","صوت/ویدیو: MediaVault؛ تازه‌سازی مشروط در شاخهٔ اصلاحی","1","شناسهٔ رسانه: C901_L09_AUDIO.mp3؛ مسیر قراردادی جدید؛ پیش از آپلود انبوه روی باکت واقعی تأیید شود. | در CSV فعلی upload-map ردیفی ندارد."
"صوت — درسِ دهم: رتّل القرآن ترتیلاً، ندای رحمت است (۹۸)","کتاب‌های درسی · صوت","C901_L10","Bucket/Media-files/C901_L10_AUDIO.mp3","https://c539776.parspack.net/Bucket/Media-files/C901_L10_AUDIO.mp3","mp3","StudyMedia + BookToc","yes","بدون ردیف CSV","","","","","صوت/ویدیو: MediaVault؛ تازه‌سازی مشروط در شاخهٔ اصلاحی","1","شناسهٔ رسانه: C901_L10_AUDIO.mp3؛ مسیر قراردادی جدید؛ پیش از آپلود انبوه روی باکت واقعی تأیید شود. | در CSV فعلی upload-map ردیفی ندارد."
"صوت — درسِ یازدهم: به آسمان و کوه‌ها چرا نظر نمی‌کنی؟! (۱۰۷)","کتاب‌های درسی · صوت","C901_L11","Bucket/Media-files/C901_L11_AUDIO.mp3","https://c539776.parspack.net/Bucket/Media-files/C901_L11_AUDIO.mp3","mp3","StudyMedia + BookToc","yes","بدون ردیف CSV","","","","","صوت/ویدیو: MediaVault؛ تازه‌سازی مشروط در شاخهٔ اصلاحی","1","شناسهٔ رسانه: C901_L11_AUDIO.mp3؛ مسیر قراردادی جدید؛ پیش از آپلود انبوه روی باکت واقعی تأیید شود. | در CSV فعلی upload-map ردیفی ندارد."
"صوت — درس ۱ - تو را چگونه بشناسم؟ (۱۱)","کتاب‌های درسی · صوت","C902_E01-L01","Bucket/Media-files/C902_E01-L01_AUDIO.mp3","https://c539776.parspack.net/Bucket/Media-files/C902_E01-L01_AUDIO.mp3","mp3","StudyMedia + BookToc","yes","بدون ردیف CSV","","","","","صوت/ویدیو: MediaVault؛ تازه‌سازی مشروط در شاخهٔ اصلاحی","1","شناسهٔ رسانه: C902_E01-L01_AUDIO.mp3؛ مسیر قراردادی جدید؛ پیش از آپلود انبوه روی باکت واقعی تأیید شود. | در CSV فعلی upload-map ردیفی ندارد."
"صوت — درس ۲ - در پناه ایمان (۲۱)","کتاب‌های درسی · صوت","C902_E01-L02","Bucket/Media-files/C902_E01-L02_AUDIO.mp3","https://c539776.parspack.net/Bucket/Media-files/C902_E01-L02_AUDIO.mp3","mp3","StudyMedia + BookToc","yes","بدون ردیف CSV","","","","","صوت/ویدیو: MediaVault؛ تازه‌سازی مشروط در شاخهٔ اصلاحی","1","شناسهٔ رسانه: C902_E01-L02_AUDIO.mp3؛ مسیر قراردادی جدید؛ پیش از آپلود انبوه روی باکت واقعی تأیید شود. | در CSV فعلی upload-map ردیفی ندارد."
"صوت — درس ۳ - راهنمایان الهی (۳۳)","کتاب‌های درسی · صوت","C902_E02-L01","Bucket/Media-files/C902_E02-L01_AUDIO.mp3","https://c539776.parspack.net/Bucket/Media-files/C902_E02-L01_AUDIO.mp3","mp3","StudyMedia + BookToc","yes","بدون ردیف CSV","","","","","صوت/ویدیو: MediaVault؛ تازه‌سازی مشروط در شاخهٔ اصلاحی","1","شناسهٔ رسانه: C902_E02-L01_AUDIO.mp3؛ مسیر قراردادی جدید؛ پیش از آپلود انبوه روی باکت واقعی تأیید شود. | در CSV فعلی upload-map ردیفی ندارد."
"صوت — درس ۴ - خورشید پنهان (۴۵)","کتاب‌های درسی · صوت","C902_E02-L02","Bucket/Media-files/C902_E02-L02_AUDIO.mp3","https://c539776.parspack.net/Bucket/Media-files/C902_E02-L02_AUDIO.mp3","mp3","StudyMedia + BookToc","yes","بدون ردیف CSV","","","","","صوت/ویدیو: MediaVault؛ تازه‌سازی مشروط در شاخهٔ اصلاحی","1","شناسهٔ رسانه: C902_E02-L02_AUDIO.mp3؛ مسیر قراردادی جدید؛ پیش از آپلود انبوه روی باکت واقعی تأیید شود. | در CSV فعلی upload-map ردیفی ندارد."
"صوت — درس ۵ - رهبری در دوران غیبت (۵۵)","کتاب‌های درسی · صوت","C902_E02-L03","Bucket/Media-files/C902_E02-L03_AUDIO.mp3","https://c539776.parspack.net/Bucket/Media-files/C902_E02-L03_AUDIO.mp3","mp3","StudyMedia + BookToc","yes","بدون ردیف CSV","","","","","صوت/ویدیو: MediaVault؛ تازه‌سازی مشروط در شاخهٔ اصلاحی","1","شناسهٔ رسانه: C902_E02-L03_AUDIO.mp3؛ مسیر قراردادی جدید؛ پیش از آپلود انبوه روی باکت واقعی تأیید شود. | در CSV فعلی upload-map ردیفی ندارد."
"صوت — درس ۶ - وضو، غسل و تیمم","کتاب‌های درسی · صوت","C902_E03-L01","Bucket/Media-files/C902_E03-L01_AUDIO.mp3","https://c539776.parspack.net/Bucket/Media-files/C902_E03-L01_AUDIO.mp3","mp3","StudyMedia + BookToc","yes","بدون ردیف CSV","","","","","صوت/ویدیو: MediaVault؛ تازه‌سازی مشروط در شاخهٔ اصلاحی","1","شناسهٔ رسانه: C902_E03-L01_AUDIO.mp3؛ مسیر قراردادی جدید؛ پیش از آپلود انبوه روی باکت واقعی تأیید شود. | در CSV فعلی upload-map ردیفی ندارد."
"صوت — درس ۷ - احکام نماز","کتاب‌های درسی · صوت","C902_E03-L02","Bucket/Media-files/C902_E03-L02_AUDIO.mp3","https://c539776.parspack.net/Bucket/Media-files/C902_E03-L02_AUDIO.mp3","mp3","StudyMedia + BookToc","yes","بدون ردیف CSV","","","","","صوت/ویدیو: MediaVault؛ تازه‌سازی مشروط در شاخهٔ اصلاحی","1","شناسهٔ رسانه: C902_E03-L02_AUDIO.mp3؛ مسیر قراردادی جدید؛ پیش از آپلود انبوه روی باکت واقعی تأیید شود. | در CSV فعلی upload-map ردیفی ندارد."
"صوت — درس ۸ - همدلی و همراهی","کتاب‌های درسی · صوت","C902_E04-L01","Bucket/Media-files/C902_E04-L01_AUDIO.mp3","https://c539776.parspack.net/Bucket/Media-files/C902_E04-L01_AUDIO.mp3","mp3","StudyMedia + BookToc","yes","بدون ردیف CSV","","","","","صوت/ویدیو: MediaVault؛ تازه‌سازی مشروط در شاخهٔ اصلاحی","1","شناسهٔ رسانه: C902_E04-L01_AUDIO.mp3؛ مسیر قراردادی جدید؛ پیش از آپلود انبوه روی باکت واقعی تأیید شود. | در CSV فعلی upload-map ردیفی ندارد."
"صوت — درس ۹ - انقلاب اسلامی ایران","کتاب‌های درسی · صوت","C902_E05-L01","Bucket/Media-files/C902_E05-L01_AUDIO.mp3","https://c539776.parspack.net/Bucket/Media-files/C902_E05-L01_AUDIO.mp3","mp3","StudyMedia + BookToc","yes","بدون ردیف CSV","","","","","صوت/ویدیو: MediaVault؛ تازه‌سازی مشروط در شاخهٔ اصلاحی","1","شناسهٔ رسانه: C902_E05-L01_AUDIO.mp3؛ مسیر قراردادی جدید؛ پیش از آپلود انبوه روی باکت واقعی تأیید شود. | در CSV فعلی upload-map ردیفی ندارد."
"صوت — درس ۱۰ - مسئولیت همگانی","کتاب‌های درسی · صوت","C902_E05-L02","Bucket/Media-files/C902_E05-L02_AUDIO.mp3","https://c539776.parspack.net/Bucket/Media-files/C902_E05-L02_AUDIO.mp3","mp3","StudyMedia + BookToc","yes","بدون ردیف CSV","","","","","صوت/ویدیو: MediaVault؛ تازه‌سازی مشروط در شاخهٔ اصلاحی","1","شناسهٔ رسانه: C902_E05-L02_AUDIO.mp3؛ مسیر قراردادی جدید؛ پیش از آپلود انبوه روی باکت واقعی تأیید شود. | در CSV فعلی upload-map ردیفی ندارد."
"صوت — درس ۱۱ - انفاق","کتاب‌های درسی · صوت","C902_E05-L03","Bucket/Media-files/C902_E05-L03_AUDIO.mp3","https://c539776.parspack.net/Bucket/Media-files/C902_E05-L03_AUDIO.mp3","mp3","StudyMedia + BookToc","yes","بدون ردیف CSV","","","","","صوت/ویدیو: MediaVault؛ تازه‌سازی مشروط در شاخهٔ اصلاحی","1","شناسهٔ رسانه: C902_E05-L03_AUDIO.mp3؛ مسیر قراردادی جدید؛ پیش از آپلود انبوه روی باکت واقعی تأیید شود. | در CSV فعلی upload-map ردیفی ندارد."
"صوت — درس ۱۲ - جهاد","کتاب‌های درسی · صوت","C902_E05-L04","Bucket/Media-files/C902_E05-L04_AUDIO.mp3","https://c539776.parspack.net/Bucket/Media-files/C902_E05-L04_AUDIO.mp3","mp3","StudyMedia + BookToc","yes","بدون ردیف CSV","","","","","صوت/ویدیو: MediaVault؛ تازه‌سازی مشروط در شاخهٔ اصلاحی","1","شناسهٔ رسانه: C902_E05-L04_AUDIO.mp3؛ مسیر قراردادی جدید؛ پیش از آپلود انبوه روی باکت واقعی تأیید شود. | در CSV فعلی upload-map ردیفی ندارد."
"صوت — اعلام؛ اشخاص و آثار","کتاب‌های درسی · صوت","C903_AALAM","Bucket/Media-files/C903_AALAM_AUDIO.mp3","https://c539776.parspack.net/Bucket/Media-files/C903_AALAM_AUDIO.mp3","mp3","StudyMedia + BookToc","yes","بدون ردیف CSV","","","","","صوت/ویدیو: MediaVault؛ تازه‌سازی مشروط در شاخهٔ اصلاحی","1","شناسهٔ رسانه: C903_AALAM_AUDIO.mp3؛ مسیر قراردادی جدید؛ پیش از آپلود انبوه روی باکت واقعی تأیید شود. | در CSV فعلی upload-map ردیفی ندارد."
"صوت — درس ۱ - آفرینش همه تنبیه خداوند دل است (۱۲)","کتاب‌های درسی · صوت","C903_E01-L01","Bucket/Media-files/C903_E01-L01-1_AUDIO.mp3","https://c539776.parspack.net/Bucket/Media-files/C903_E01-L01-1_AUDIO.mp3","mp3","StudyMedia + BookToc","yes","بدون ردیف CSV","","","","","صوت/ویدیو: MediaVault؛ تازه‌سازی مشروط در شاخهٔ اصلاحی","1","شناسهٔ رسانه: C903_E01-L01-1_AUDIO.mp3؛ مسیر قراردادی جدید؛ پیش از آپلود انبوه روی باکت واقعی تأیید شود. | در CSV فعلی upload-map ردیفی ندارد."
"صوت درس C903_E01-L02","کتاب‌های درسی · صوت","C903_E01-L02","Bucket/Media-files/C903_E01-L01-2_AUDIO.mp3","https://c539776.parspack.net/Bucket/Media-files/C903_E01-L01-2_AUDIO.mp3","mp3","ExtraLessons.audioOverride","yes","بدون ردیف CSV","","","","","صوت/ویدیو: MediaVault؛ تازه‌سازی مشروط در شاخهٔ اصلاحی","1","نام صوت override صریح در منطق اپ | در CSV فعلی upload-map ردیفی ندارد."
"صوت — حکایت: سفر (۱۶)","کتاب‌های درسی · صوت","C903_E01-L02","Bucket/Media-files/C903_E01-L02_AUDIO.mp3","https://c539776.parspack.net/Bucket/Media-files/C903_E01-L02_AUDIO.mp3","mp3","StudyMedia + BookToc","yes","بدون ردیف CSV","","","","","صوت/ویدیو: MediaVault؛ تازه‌سازی مشروط در شاخهٔ اصلاحی","1","شناسهٔ رسانه: C903_E01-L02_AUDIO.mp3؛ مسیر قراردادی جدید؛ پیش از آپلود انبوه روی باکت واقعی تأیید شود. | در CSV فعلی upload-map ردیفی ندارد."
"صوت — درس ۲ - عجایب صنعِ حق تعالی (۱۷)","کتاب‌های درسی · صوت","C903_E01-L03","Bucket/Media-files/C903_E01-L03_AUDIO.mp3","https://c539776.parspack.net/Bucket/Media-files/C903_E01-L03_AUDIO.mp3","mp3","StudyMedia + BookToc","yes","بدون ردیف CSV","","","","","صوت/ویدیو: MediaVault؛ تازه‌سازی مشروط در شاخهٔ اصلاحی","1","شناسهٔ رسانه: C903_E01-L03_AUDIO.mp3؛ مسیر قراردادی جدید؛ پیش از آپلود انبوه روی باکت واقعی تأیید شود. | در CSV فعلی upload-map ردیفی ندارد."
"صوت — شعرخوانی: پرواز (۲۲)","کتاب‌های درسی · صوت","C903_E01-L04","Bucket/Media-files/C903_E01-L04_AUDIO.mp3","https://c539776.parspack.net/Bucket/Media-files/C903_E01-L04_AUDIO.mp3","mp3","StudyMedia + BookToc","yes","بدون ردیف CSV","","","","","صوت/ویدیو: MediaVault؛ تازه‌سازی مشروط در شاخهٔ اصلاحی","1","شناسهٔ رسانه: C903_E01-L04_AUDIO.mp3؛ مسیر قراردادی جدید؛ پیش از آپلود انبوه روی باکت واقعی تأیید شود. | در CSV فعلی upload-map ردیفی ندارد."
"صوت — درس ۳ - مثل آیینه، کار و شایستگی (۲۴)","کتاب‌های درسی · صوت","C903_E02-L01","Bucket/Media-files/C903_E02-L01_AUDIO.mp3","https://c539776.parspack.net/Bucket/Media-files/C903_E02-L01_AUDIO.mp3","mp3","StudyMedia + BookToc","yes","بدون ردیف CSV","","","","","صوت/ویدیو: MediaVault؛ تازه‌سازی مشروط در شاخهٔ اصلاحی","1","شناسهٔ رسانه: C903_E02-L01_AUDIO.mp3؛ مسیر قراردادی جدید؛ پیش از آپلود انبوه روی باکت واقعی تأیید شود. | در CSV فعلی upload-map ردیفی ندارد."
"صوت — حکایت: باغبان نیک‌اندیش (۲۹)","کتاب‌های درسی · صوت","C903_E02-L02","Bucket/Media-files/C903_E02-L02_AUDIO.mp3","https://c539776.parspack.net/Bucket/Media-files/C903_E02-L02_AUDIO.mp3","mp3","StudyMedia + BookToc","yes","بدون ردیف CSV","","","","","صوت/ویدیو: MediaVault؛ تازه‌سازی مشروط در شاخهٔ اصلاحی","1","شناسهٔ رسانه: C903_E02-L02_AUDIO.mp3؛ مسیر قراردادی جدید؛ پیش از آپلود انبوه روی باکت واقعی تأیید شود. | در CSV فعلی upload-map ردیفی ندارد."
"صوت — درس ۴ - هم‌نشین (۳۰)","کتاب‌های درسی · صوت","C903_E02-L03","Bucket/Media-files/C903_E02-L03_AUDIO.mp3","https://c539776.parspack.net/Bucket/Media-files/C903_E02-L03_AUDIO.mp3","mp3","StudyMedia + BookToc","yes","بدون ردیف CSV","","","","","صوت/ویدیو: MediaVault؛ تازه‌سازی مشروط در شاخهٔ اصلاحی","1","شناسهٔ رسانه: C903_E02-L03_AUDIO.mp3؛ مسیر قراردادی جدید؛ پیش از آپلود انبوه روی باکت واقعی تأیید شود. | در CSV فعلی upload-map ردیفی ندارد."
"صوت — روان‌خوانی: دریچه‌های شکوفایی (۳۶)","کتاب‌های درسی · صوت","C903_E02-L04","Bucket/Media-files/C903_E02-L04_AUDIO.mp3","https://c539776.parspack.net/Bucket/Media-files/C903_E02-L04_AUDIO.mp3","mp3","StudyMedia + BookToc","yes","بدون ردیف CSV","","","","","صوت/ویدیو: MediaVault؛ تازه‌سازی مشروط در شاخهٔ اصلاحی","1","شناسهٔ رسانه: C903_E02-L04_AUDIO.mp3؛ مسیر قراردادی جدید؛ پیش از آپلود انبوه روی باکت واقعی تأیید شود. | در CSV فعلی upload-map ردیفی ندارد."
"صوت — درس ۵ - درس آزاد (۴۲)","کتاب‌های درسی · صوت","C903_E03-L01","Bucket/Media-files/C903_E03-L01_AUDIO.mp3","https://c539776.parspack.net/Bucket/Media-files/C903_E03-L01_AUDIO.mp3","mp3","StudyMedia + BookToc","yes","بدون ردیف CSV","","","","","صوت/ویدیو: MediaVault؛ تازه‌سازی مشروط در شاخهٔ اصلاحی","1","شناسهٔ رسانه: C903_E03-L01_AUDIO.mp3؛ مسیر قراردادی جدید؛ پیش از آپلود انبوه روی باکت واقعی تأیید شود. | در CSV فعلی upload-map ردیفی ندارد."
"صوت — حکایت (۴۵)","کتاب‌های درسی · صوت","C903_E03-L02","Bucket/Media-files/C903_E03-L02_AUDIO.mp3","https://c539776.parspack.net/Bucket/Media-files/C903_E03-L02_AUDIO.mp3","mp3","StudyMedia + BookToc","yes","بدون ردیف CSV","","","","","صوت/ویدیو: MediaVault؛ تازه‌سازی مشروط در شاخهٔ اصلاحی","1","شناسهٔ رسانه: C903_E03-L02_AUDIO.mp3؛ مسیر قراردادی جدید؛ پیش از آپلود انبوه روی باکت واقعی تأیید شود. | در CSV فعلی upload-map ردیفی ندارد."
"صوت — شعرخوانی (۴۶)","کتاب‌های درسی · صوت","C903_E03-L03","Bucket/Media-files/C903_E03-L03_AUDIO.mp3","https://c539776.parspack.net/Bucket/Media-files/C903_E03-L03_AUDIO.mp3","mp3","StudyMedia + BookToc","yes","بدون ردیف CSV","","","","","صوت/ویدیو: MediaVault؛ تازه‌سازی مشروط در شاخهٔ اصلاحی","1","شناسهٔ رسانه: C903_E03-L03_AUDIO.mp3؛ مسیر قراردادی جدید؛ پیش از آپلود انبوه روی باکت واقعی تأیید شود. | در CSV فعلی upload-map ردیفی ندارد."
"صوت — درس ۶ - آداب زندگانی (۴۸)","کتاب‌های درسی · صوت","C903_E04-L01","Bucket/Media-files/C903_E04-L01_AUDIO.mp3","https://c539776.parspack.net/Bucket/Media-files/C903_E04-L01_AUDIO.mp3","mp3","StudyMedia + BookToc","yes","بدون ردیف CSV","","","","","صوت/ویدیو: MediaVault؛ تازه‌سازی مشروط در شاخهٔ اصلاحی","1","شناسهٔ رسانه: C903_E04-L01_AUDIO.mp3؛ مسیر قراردادی جدید؛ پیش از آپلود انبوه روی باکت واقعی تأیید شود. | در CSV فعلی upload-map ردیفی ندارد."
"صوت — حکایت: شو، خطرکن! (۵۳)","کتاب‌های درسی · صوت","C903_E04-L02","Bucket/Media-files/C903_E04-L02_AUDIO.mp3","https://c539776.parspack.net/Bucket/Media-files/C903_E04-L02_AUDIO.mp3","mp3","StudyMedia + BookToc","yes","بدون ردیف CSV","","","","","صوت/ویدیو: MediaVault؛ تازه‌سازی مشروط در شاخهٔ اصلاحی","1","شناسهٔ رسانه: C903_E04-L02_AUDIO.mp3؛ مسیر قراردادی جدید؛ پیش از آپلود انبوه روی باکت واقعی تأیید شود. | در CSV فعلی upload-map ردیفی ندارد."
"صوت — درس ۷ - پرتو امید (۵۴)","کتاب‌های درسی · صوت","C903_E04-L03","Bucket/Media-files/C903_E04-L03_AUDIO.mp3","https://c539776.parspack.net/Bucket/Media-files/C903_E04-L03_AUDIO.mp3","mp3","StudyMedia + BookToc","yes","بدون ردیف CSV","","","","","صوت/ویدیو: MediaVault؛ تازه‌سازی مشروط در شاخهٔ اصلاحی","1","شناسهٔ رسانه: C903_E04-L03_AUDIO.mp3؛ مسیر قراردادی جدید؛ پیش از آپلود انبوه روی باکت واقعی تأیید شود. | در CSV فعلی upload-map ردیفی ندارد."
"صوت — درس ۸ - همزیستی با مام میهن (۵۸)","کتاب‌های درسی · صوت","C903_E04-L04","Bucket/Media-files/C903_E04-L04_AUDIO.mp3","https://c539776.parspack.net/Bucket/Media-files/C903_E04-L04_AUDIO.mp3","mp3","StudyMedia + BookToc","yes","بدون ردیف CSV","","","","","صوت/ویدیو: MediaVault؛ تازه‌سازی مشروط در شاخهٔ اصلاحی","1","شناسهٔ رسانه: C903_E04-L04_AUDIO.mp3؛ مسیر قراردادی جدید؛ پیش از آپلود انبوه روی باکت واقعی تأیید شود. | در CSV فعلی upload-map ردیفی ندارد."
"صوت — شعرخوانی: دوراندیشی (۶۴)","کتاب‌های درسی · صوت","C903_E04-L05","Bucket/Media-files/C903_E04-L05_AUDIO.mp3","https://c539776.parspack.net/Bucket/Media-files/C903_E04-L05_AUDIO.mp3","mp3","StudyMedia + BookToc","yes","بدون ردیف CSV","","","","","صوت/ویدیو: MediaVault؛ تازه‌سازی مشروط در شاخهٔ اصلاحی","1","شناسهٔ رسانه: C903_E04-L05_AUDIO.mp3؛ مسیر قراردادی جدید؛ پیش از آپلود انبوه روی باکت واقعی تأیید شود. | در CSV فعلی upload-map ردیفی ندارد."
"صوت — درس ۹ - راز موفقیت","کتاب‌های درسی · صوت","C903_E05-L01","Bucket/Media-files/C903_E05-L01_AUDIO.mp3","https://c539776.parspack.net/Bucket/Media-files/C903_E05-L01_AUDIO.mp3","mp3","StudyMedia + BookToc","yes","بدون ردیف CSV","","","","","صوت/ویدیو: MediaVault؛ تازه‌سازی مشروط در شاخهٔ اصلاحی","1","شناسهٔ رسانه: C903_E05-L01_AUDIO.mp3؛ مسیر قراردادی جدید؛ پیش از آپلود انبوه روی باکت واقعی تأیید شود. | در CSV فعلی upload-map ردیفی ندارد."
"صوت — درس ۱۰ - آرشی دیگر","کتاب‌های درسی · صوت","C903_E05-L02","Bucket/Media-files/C903_E05-L02_AUDIO.mp3","https://c539776.parspack.net/Bucket/Media-files/C903_E05-L02_AUDIO.mp3","mp3","StudyMedia + BookToc","yes","بدون ردیف CSV","","","","","صوت/ویدیو: MediaVault؛ تازه‌سازی مشروط در شاخهٔ اصلاحی","1","شناسهٔ رسانه: C903_E05-L02_AUDIO.mp3؛ مسیر قراردادی جدید؛ پیش از آپلود انبوه روی باکت واقعی تأیید شود. | در CSV فعلی upload-map ردیفی ندارد."
"صوت — حکایت: نیک‌رایان","کتاب‌های درسی · صوت","C903_E05-L03","Bucket/Media-files/C903_E05-L03_AUDIO.mp3","https://c539776.parspack.net/Bucket/Media-files/C903_E05-L03_AUDIO.mp3","mp3","StudyMedia + BookToc","yes","بدون ردیف CSV","","","","","صوت/ویدیو: MediaVault؛ تازه‌سازی مشروط در شاخهٔ اصلاحی","1","شناسهٔ رسانه: C903_E05-L03_AUDIO.mp3؛ مسیر قراردادی جدید؛ پیش از آپلود انبوه روی باکت واقعی تأیید شود. | در CSV فعلی upload-map ردیفی ندارد."
"صوت — درس ۱۱ - زن پارسا","کتاب‌های درسی · صوت","C903_E05-L04","Bucket/Media-files/C903_E05-L04_AUDIO.mp3","https://c539776.parspack.net/Bucket/Media-files/C903_E05-L04_AUDIO.mp3","mp3","StudyMedia + BookToc","yes","بدون ردیف CSV","","","","","صوت/ویدیو: MediaVault؛ تازه‌سازی مشروط در شاخهٔ اصلاحی","1","شناسهٔ رسانه: C903_E05-L04_AUDIO.mp3؛ مسیر قراردادی جدید؛ پیش از آپلود انبوه روی باکت واقعی تأیید شود. | در CSV فعلی upload-map ردیفی ندارد."
"صوت — روان‌خوانی: دروازه‌ای به آسمان","کتاب‌های درسی · صوت","C903_E05-L05","Bucket/Media-files/C903_E05-L05_AUDIO.mp3","https://c539776.parspack.net/Bucket/Media-files/C903_E05-L05_AUDIO.mp3","mp3","StudyMedia + BookToc","yes","بدون ردیف CSV","","","","","صوت/ویدیو: MediaVault؛ تازه‌سازی مشروط در شاخهٔ اصلاحی","1","شناسهٔ رسانه: C903_E05-L05_AUDIO.mp3؛ مسیر قراردادی جدید؛ پیش از آپلود انبوه روی باکت واقعی تأیید شود. | در CSV فعلی upload-map ردیفی ندارد."
"صوت — درس ۱۲ - پیام‌آور رحمت","کتاب‌های درسی · صوت","C903_E06-L01","Bucket/Media-files/C903_E06-L01_AUDIO.mp3","https://c539776.parspack.net/Bucket/Media-files/C903_E06-L01_AUDIO.mp3","mp3","StudyMedia + BookToc","yes","بدون ردیف CSV","","","","","صوت/ویدیو: MediaVault؛ تازه‌سازی مشروط در شاخهٔ اصلاحی","1","شناسهٔ رسانه: C903_E06-L01_AUDIO.mp3؛ مسیر قراردادی جدید؛ پیش از آپلود انبوه روی باکت واقعی تأیید شود. | در CSV فعلی upload-map ردیفی ندارد."
"صوت — حکایت: سیرت سلمان","کتاب‌های درسی · صوت","C903_E06-L02","Bucket/Media-files/C903_E06-L02_AUDIO.mp3","https://c539776.parspack.net/Bucket/Media-files/C903_E06-L02_AUDIO.mp3","mp3","StudyMedia + BookToc","yes","بدون ردیف CSV","","","","","صوت/ویدیو: MediaVault؛ تازه‌سازی مشروط در شاخهٔ اصلاحی","1","شناسهٔ رسانه: C903_E06-L02_AUDIO.mp3؛ مسیر قراردادی جدید؛ پیش از آپلود انبوه روی باکت واقعی تأیید شود. | در CSV فعلی upload-map ردیفی ندارد."
"صوت — درس ۱۳ - آشنای غریبان","کتاب‌های درسی · صوت","C903_E06-L03","Bucket/Media-files/C903_E06-L03_AUDIO.mp3","https://c539776.parspack.net/Bucket/Media-files/C903_E06-L03_AUDIO.mp3","mp3","StudyMedia + BookToc","yes","بدون ردیف CSV","","","","","صوت/ویدیو: MediaVault؛ تازه‌سازی مشروط در شاخهٔ اصلاحی","1","شناسهٔ رسانه: C903_E06-L03_AUDIO.mp3؛ مسیر قراردادی جدید؛ پیش از آپلود انبوه روی باکت واقعی تأیید شود. | در CSV فعلی upload-map ردیفی ندارد."
"صوت — درس ۱۴ - پیدای پنهان","کتاب‌های درسی · صوت","C903_E06-L04","Bucket/Media-files/C903_E06-L04_AUDIO.mp3","https://c539776.parspack.net/Bucket/Media-files/C903_E06-L04_AUDIO.mp3","mp3","StudyMedia + BookToc","yes","بدون ردیف CSV","","","","","صوت/ویدیو: MediaVault؛ تازه‌سازی مشروط در شاخهٔ اصلاحی","1","شناسهٔ رسانه: C903_E06-L04_AUDIO.mp3؛ مسیر قراردادی جدید؛ پیش از آپلود انبوه روی باکت واقعی تأیید شود. | در CSV فعلی upload-map ردیفی ندارد."
"صوت — شعرخوانی: بُوَد قدر تو افزون از مالیک","کتاب‌های درسی · صوت","C903_E06-L05","Bucket/Media-files/C903_E06-L05_AUDIO.mp3","https://c539776.parspack.net/Bucket/Media-files/C903_E06-L05_AUDIO.mp3","mp3","StudyMedia + BookToc","yes","بدون ردیف CSV","","","","","صوت/ویدیو: MediaVault؛ تازه‌سازی مشروط در شاخهٔ اصلاحی","1","شناسهٔ رسانه: C903_E06-L05_AUDIO.mp3؛ مسیر قراردادی جدید؛ پیش از آپلود انبوه روی باکت واقعی تأیید شود. | در CSV فعلی upload-map ردیفی ندارد."
"صوت — درس ۱۵ - درس آزاد","کتاب‌های درسی · صوت","C903_E07-L01","Bucket/Media-files/C903_E07-L01_AUDIO.mp3","https://c539776.parspack.net/Bucket/Media-files/C903_E07-L01_AUDIO.mp3","mp3","StudyMedia + BookToc","yes","بدون ردیف CSV","","","","","صوت/ویدیو: MediaVault؛ تازه‌سازی مشروط در شاخهٔ اصلاحی","1","شناسهٔ رسانه: C903_E07-L01_AUDIO.mp3؛ مسیر قراردادی جدید؛ پیش از آپلود انبوه روی باکت واقعی تأیید شود. | در CSV فعلی upload-map ردیفی ندارد."
"صوت — روان‌خوانی","کتاب‌های درسی · صوت","C903_E07-L02","Bucket/Media-files/C903_E07-L02_AUDIO.mp3","https://c539776.parspack.net/Bucket/Media-files/C903_E07-L02_AUDIO.mp3","mp3","StudyMedia + BookToc","yes","بدون ردیف CSV","","","","","صوت/ویدیو: MediaVault؛ تازه‌سازی مشروط در شاخهٔ اصلاحی","1","شناسهٔ رسانه: C903_E07-L02_AUDIO.mp3؛ مسیر قراردادی جدید؛ پیش از آپلود انبوه روی باکت واقعی تأیید شود. | در CSV فعلی upload-map ردیفی ندارد."
"صوت — درس ۱۶ - آرزو","کتاب‌های درسی · صوت","C903_E08-L01","Bucket/Media-files/C903_E08-L01_AUDIO.mp3","https://c539776.parspack.net/Bucket/Media-files/C903_E08-L01_AUDIO.mp3","mp3","StudyMedia + BookToc","yes","بدون ردیف CSV","","","","","صوت/ویدیو: MediaVault؛ تازه‌سازی مشروط در شاخهٔ اصلاحی","1","شناسهٔ رسانه: C903_E08-L01_AUDIO.mp3؛ مسیر قراردادی جدید؛ پیش از آپلود انبوه روی باکت واقعی تأیید شود. | در CSV فعلی upload-map ردیفی ندارد."
"صوت — درس ۱۷ - شازده کوچولو","کتاب‌های درسی · صوت","C903_E08-L02","Bucket/Media-files/C903_E08-L02_AUDIO.mp3","https://c539776.parspack.net/Bucket/Media-files/C903_E08-L02_AUDIO.mp3","mp3","StudyMedia + BookToc","yes","بدون ردیف CSV","","","","","صوت/ویدیو: MediaVault؛ تازه‌سازی مشروط در شاخهٔ اصلاحی","1","شناسهٔ رسانه: C903_E08-L02_AUDIO.mp3؛ مسیر قراردادی جدید؛ پیش از آپلود انبوه روی باکت واقعی تأیید شود. | در CSV فعلی upload-map ردیفی ندارد."
"صوت — روان‌خوانی: دو نقاش","کتاب‌های درسی · صوت","C903_E08-L03","Bucket/Media-files/C903_E08-L03_AUDIO.mp3","https://c539776.parspack.net/Bucket/Media-files/C903_E08-L03_AUDIO.mp3","mp3","StudyMedia + BookToc","yes","بدون ردیف CSV","","","","","صوت/ویدیو: MediaVault؛ تازه‌سازی مشروط در شاخهٔ اصلاحی","1","شناسهٔ رسانه: C903_E08-L03_AUDIO.mp3؛ مسیر قراردادی جدید؛ پیش از آپلود انبوه روی باکت واقعی تأیید شود. | در CSV فعلی upload-map ردیفی ندارد."
"صوت — کتاب‌نامه","کتاب‌های درسی · صوت","C903_KETABNAMEH","Bucket/Media-files/C903_KETABNAMEH_AUDIO.mp3","https://c539776.parspack.net/Bucket/Media-files/C903_KETABNAMEH_AUDIO.mp3","mp3","StudyMedia + BookToc","yes","بدون ردیف CSV","","","","","صوت/ویدیو: MediaVault؛ تازه‌سازی مشروط در شاخهٔ اصلاحی","1","شناسهٔ رسانه: C903_KETABNAMEH_AUDIO.mp3؛ مسیر قراردادی جدید؛ پیش از آپلود انبوه روی باکت واقعی تأیید شود. | در CSV فعلی upload-map ردیفی ندارد."
"صوت — نیایش: بیا تا برآریم دستی ز دل","کتاب‌های درسی · صوت","C903_NIYAYESH","Bucket/Media-files/C903_NIYAYESH_AUDIO.mp3","https://c539776.parspack.net/Bucket/Media-files/C903_NIYAYESH_AUDIO.mp3","mp3","StudyMedia + BookToc","yes","بدون ردیف CSV","","","","","صوت/ویدیو: MediaVault؛ تازه‌سازی مشروط در شاخهٔ اصلاحی","1","شناسهٔ رسانه: C903_NIYAYESH_AUDIO.mp3؛ مسیر قراردادی جدید؛ پیش از آپلود انبوه روی باکت واقعی تأیید شود. | در CSV فعلی upload-map ردیفی ندارد."
"صوت — ستایش: به نام خداوند جان و خرد (۹)","کتاب‌های درسی · صوت","C903_SETAYESH","Bucket/Media-files/C903_SETAYESH_AUDIO.mp3","https://c539776.parspack.net/Bucket/Media-files/C903_SETAYESH_AUDIO.mp3","mp3","StudyMedia + BookToc","yes","بدون ردیف CSV","","","","","صوت/ویدیو: MediaVault؛ تازه‌سازی مشروط در شاخهٔ اصلاحی","1","شناسهٔ رسانه: C903_SETAYESH_AUDIO.mp3؛ مسیر قراردادی جدید؛ پیش از آپلود انبوه روی باکت واقعی تأیید شود. | در CSV فعلی upload-map ردیفی ندارد."
"صوت — واژه‌نامه","کتاب‌های درسی · صوت","C903_VAJEH","Bucket/Media-files/C903_VAJEH_AUDIO.mp3","https://c539776.parspack.net/Bucket/Media-files/C903_VAJEH_AUDIO.mp3","mp3","StudyMedia + BookToc","yes","بدون ردیف CSV","","","","","صوت/ویدیو: MediaVault؛ تازه‌سازی مشروط در شاخهٔ اصلاحی","1","شناسهٔ رسانه: C903_VAJEH_AUDIO.mp3؛ مسیر قراردادی جدید؛ پیش از آپلود انبوه روی باکت واقعی تأیید شود. | در CSV فعلی upload-map ردیفی ندارد."
"صوت — درس اول - نظام ذهنی «پرورده» و «بند» بنویسیم","کتاب‌های درسی · صوت","C904_L01","Bucket/Media-files/C904_L01_AUDIO.mp3","https://c539776.parspack.net/Bucket/Media-files/C904_L01_AUDIO.mp3","mp3","StudyMedia + BookToc","yes","بدون ردیف CSV","","","","","صوت/ویدیو: MediaVault؛ تازه‌سازی مشروط در شاخهٔ اصلاحی","1","شناسهٔ رسانه: C904_L01_AUDIO.mp3؛ مسیر قراردادی جدید؛ پیش از آپلود انبوه روی باکت واقعی تأیید شود. | در CSV فعلی upload-map ردیفی ندارد."
"صوت — درس دوم - واژه‌ها را بشناسیم، گزینش کنیم و به کار بگیریم","کتاب‌های درسی · صوت","C904_L02","Bucket/Media-files/C904_L02_AUDIO.mp3","https://c539776.parspack.net/Bucket/Media-files/C904_L02_AUDIO.mp3","mp3","StudyMedia + BookToc","yes","بدون ردیف CSV","","","","","صوت/ویدیو: MediaVault؛ تازه‌سازی مشروط در شاخهٔ اصلاحی","1","شناسهٔ رسانه: C904_L02_AUDIO.mp3؛ مسیر قراردادی جدید؛ پیش از آپلود انبوه روی باکت واقعی تأیید شود. | در CSV فعلی upload-map ردیفی ندارد."
"صوت — درس سوم - نوع زبان نوشته را انتخاب کنیم","کتاب‌های درسی · صوت","C904_L03","Bucket/Media-files/C904_L03_AUDIO.mp3","https://c539776.parspack.net/Bucket/Media-files/C904_L03_AUDIO.mp3","mp3","StudyMedia + BookToc","yes","بدون ردیف CSV","","","","","صوت/ویدیو: MediaVault؛ تازه‌سازی مشروط در شاخهٔ اصلاحی","1","شناسهٔ رسانه: C904_L03_AUDIO.mp3؛ مسیر قراردادی جدید؛ پیش از آپلود انبوه روی باکت واقعی تأیید شود. | در CSV فعلی upload-map ردیفی ندارد."
"صوت — درس چهارم - فضا و رنگ نوشته را تغییر دهیم","کتاب‌های درسی · صوت","C904_L04","Bucket/Media-files/C904_L04_AUDIO.mp3","https://c539776.parspack.net/Bucket/Media-files/C904_L04_AUDIO.mp3","mp3","StudyMedia + BookToc","yes","بدون ردیف CSV","","","","","صوت/ویدیو: MediaVault؛ تازه‌سازی مشروط در شاخهٔ اصلاحی","1","شناسهٔ رسانه: C904_L04_AUDIO.mp3؛ مسیر قراردادی جدید؛ پیش از آپلود انبوه روی باکت واقعی تأیید شود. | در CSV فعلی upload-map ردیفی ندارد."
"صوت — درس پنجم - نوشته را به خوش آغاز کنیم؛ زیبا به پایان ببریم و نیکو نام‌گذاری کنیم","کتاب‌های درسی · صوت","C904_L05","Bucket/Media-files/C904_L05_AUDIO.mp3","https://c539776.parspack.net/Bucket/Media-files/C904_L05_AUDIO.mp3","mp3","StudyMedia + BookToc","yes","بدون ردیف CSV","","","","","صوت/ویدیو: MediaVault؛ تازه‌سازی مشروط در شاخهٔ اصلاحی","1","شناسهٔ رسانه: C904_L05_AUDIO.mp3؛ مسیر قراردادی جدید؛ پیش از آپلود انبوه روی باکت واقعی تأیید شود. | در CSV فعلی upload-map ردیفی ندارد."
"صوت — درس ششم - قالبی برای نوشتن برگزینیم","کتاب‌های درسی · صوت","C904_L06","Bucket/Media-files/C904_L06_AUDIO.mp3","https://c539776.parspack.net/Bucket/Media-files/C904_L06_AUDIO.mp3","mp3","StudyMedia + BookToc","yes","بدون ردیف CSV","","","","","صوت/ویدیو: MediaVault؛ تازه‌سازی مشروط در شاخهٔ اصلاحی","1","شناسهٔ رسانه: C904_L06_AUDIO.mp3؛ مسیر قراردادی جدید؛ پیش از آپلود انبوه روی باکت واقعی تأیید شود. | در CSV فعلی upload-map ردیفی ندارد."
"صوت — درس هفتم - وسعت و عمق نوشته را بیشتر کنیم","کتاب‌های درسی · صوت","C904_L07","Bucket/Media-files/C904_L07_AUDIO.mp3","https://c539776.parspack.net/Bucket/Media-files/C904_L07_AUDIO.mp3","mp3","StudyMedia + BookToc","yes","بدون ردیف CSV","","","","","صوت/ویدیو: MediaVault؛ تازه‌سازی مشروط در شاخهٔ اصلاحی","1","شناسهٔ رسانه: C904_L07_AUDIO.mp3؛ مسیر قراردادی جدید؛ پیش از آپلود انبوه روی باکت واقعی تأیید شود. | در CSV فعلی upload-map ردیفی ندارد."
"صوت — درس هشتم - نوشته را ویرایش کنیم","کتاب‌های درسی · صوت","C904_L08","Bucket/Media-files/C904_L08_AUDIO.mp3","https://c539776.parspack.net/Bucket/Media-files/C904_L08_AUDIO.mp3","mp3","StudyMedia + BookToc","yes","بدون ردیف CSV","","","","","صوت/ویدیو: MediaVault؛ تازه‌سازی مشروط در شاخهٔ اصلاحی","1","شناسهٔ رسانه: C904_L08_AUDIO.mp3؛ مسیر قراردادی جدید؛ پیش از آپلود انبوه روی باکت واقعی تأیید شود. | در CSV فعلی upload-map ردیفی ندارد."
"صوت — جمع‌بندی فصل ۱","کتاب‌های درسی · صوت","C905_E01-SUM","Bucket/Media-files/C905_E01-SUM_AUDIO.mp3","https://c539776.parspack.net/Bucket/Media-files/C905_E01-SUM_AUDIO.mp3","mp3","StudyMedia + BookToc","yes","بدون ردیف CSV","","","","","صوت/ویدیو: MediaVault؛ تازه‌سازی مشروط در شاخهٔ اصلاحی","1","شناسهٔ رسانه: C905_E01-SUM_AUDIO.mp3؛ مسیر قراردادی جدید؛ پیش از آپلود انبوه روی باکت واقعی تأیید شود. | در CSV فعلی upload-map ردیفی ندارد."
"صوت — جمع‌بندی فصل ۲","کتاب‌های درسی · صوت","C905_E02-SUM","Bucket/Media-files/C905_E02-SUM_AUDIO.mp3","https://c539776.parspack.net/Bucket/Media-files/C905_E02-SUM_AUDIO.mp3","mp3","StudyMedia + BookToc","yes","بدون ردیف CSV","","","","","صوت/ویدیو: MediaVault؛ تازه‌سازی مشروط در شاخهٔ اصلاحی","1","شناسهٔ رسانه: C905_E02-SUM_AUDIO.mp3؛ مسیر قراردادی جدید؛ پیش از آپلود انبوه روی باکت واقعی تأیید شود. | در CSV فعلی upload-map ردیفی ندارد."
"صوت — جمع‌بندی فصل ۳","کتاب‌های درسی · صوت","C905_E03-SUM","Bucket/Media-files/C905_E03-SUM_AUDIO.mp3","https://c539776.parspack.net/Bucket/Media-files/C905_E03-SUM_AUDIO.mp3","mp3","StudyMedia + BookToc","yes","بدون ردیف CSV","","","","","صوت/ویدیو: MediaVault؛ تازه‌سازی مشروط در شاخهٔ اصلاحی","1","شناسهٔ رسانه: C905_E03-SUM_AUDIO.mp3؛ مسیر قراردادی جدید؛ پیش از آپلود انبوه روی باکت واقعی تأیید شود. | در CSV فعلی upload-map ردیفی ندارد."
"صوت — جمع‌بندی فصل ۴","کتاب‌های درسی · صوت","C905_E04-SUM","Bucket/Media-files/C905_E04-SUM_AUDIO.mp3","https://c539776.parspack.net/Bucket/Media-files/C905_E04-SUM_AUDIO.mp3","mp3","StudyMedia + BookToc","yes","بدون ردیف CSV","","","","","صوت/ویدیو: MediaVault؛ تازه‌سازی مشروط در شاخهٔ اصلاحی","1","شناسهٔ رسانه: C905_E04-SUM_AUDIO.mp3؛ مسیر قراردادی جدید؛ پیش از آپلود انبوه روی باکت واقعی تأیید شود. | در CSV فعلی upload-map ردیفی ندارد."
"صوت — جمع‌بندی فصل ۵","کتاب‌های درسی · صوت","C905_E05-SUM","Bucket/Media-files/C905_E05-SUM_AUDIO.mp3","https://c539776.parspack.net/Bucket/Media-files/C905_E05-SUM_AUDIO.mp3","mp3","StudyMedia + BookToc","yes","بدون ردیف CSV","","","","","صوت/ویدیو: MediaVault؛ تازه‌سازی مشروط در شاخهٔ اصلاحی","1","شناسهٔ رسانه: C905_E05-SUM_AUDIO.mp3؛ مسیر قراردادی جدید؛ پیش از آپلود انبوه روی باکت واقعی تأیید شود. | در CSV فعلی upload-map ردیفی ندارد."
"صوت — جمع‌بندی فصل ۶","کتاب‌های درسی · صوت","C905_E06-SUM","Bucket/Media-files/C905_E06-SUM_AUDIO.mp3","https://c539776.parspack.net/Bucket/Media-files/C905_E06-SUM_AUDIO.mp3","mp3","StudyMedia + BookToc","yes","بدون ردیف CSV","","","","","صوت/ویدیو: MediaVault؛ تازه‌سازی مشروط در شاخهٔ اصلاحی","1","شناسهٔ رسانه: C905_E06-SUM_AUDIO.mp3؛ مسیر قراردادی جدید؛ پیش از آپلود انبوه روی باکت واقعی تأیید شود. | در CSV فعلی upload-map ردیفی ندارد."
"صوت — جمع‌بندی فصل ۷","کتاب‌های درسی · صوت","C905_E07-SUM","Bucket/Media-files/C905_E07-SUM_AUDIO.mp3","https://c539776.parspack.net/Bucket/Media-files/C905_E07-SUM_AUDIO.mp3","mp3","StudyMedia + BookToc","yes","بدون ردیف CSV","","","","","صوت/ویدیو: MediaVault؛ تازه‌سازی مشروط در شاخهٔ اصلاحی","1","شناسهٔ رسانه: C905_E07-SUM_AUDIO.mp3؛ مسیر قراردادی جدید؛ پیش از آپلود انبوه روی باکت واقعی تأیید شود. | در CSV فعلی upload-map ردیفی ندارد."
"صوت — جمع‌بندی فصل ۸","کتاب‌های درسی · صوت","C905_E08-SUM","Bucket/Media-files/C905_E08-SUM_AUDIO.mp3","https://c539776.parspack.net/Bucket/Media-files/C905_E08-SUM_AUDIO.mp3","mp3","StudyMedia + BookToc","yes","بدون ردیف CSV","","","","","صوت/ویدیو: MediaVault؛ تازه‌سازی مشروط در شاخهٔ اصلاحی","1","شناسهٔ رسانه: C905_E08-SUM_AUDIO.mp3؛ مسیر قراردادی جدید؛ پیش از آپلود انبوه روی باکت واقعی تأیید شود. | در CSV فعلی upload-map ردیفی ندارد."
"صوت — فصل اول: مواد و نقش آن‌ها در زندگی (۱)","کتاب‌های درسی · صوت","C906_E01-L01","Bucket/Media-files/C906_E01-L01_AUDIO.mp3","https://c539776.parspack.net/Bucket/Media-files/C906_E01-L01_AUDIO.mp3","mp3","StudyMedia + BookToc","yes","بدون ردیف CSV","","","","","صوت/ویدیو: MediaVault؛ تازه‌سازی مشروط در شاخهٔ اصلاحی","1","شناسهٔ رسانه: C906_E01-L01_AUDIO.mp3؛ مسیر قراردادی جدید؛ پیش از آپلود انبوه روی باکت واقعی تأیید شود. | در CSV فعلی upload-map ردیفی ندارد."
"صوت — فصل دوم: رفتار اتم‌ها با یکدیگر (۱۳)","کتاب‌های درسی · صوت","C906_E02-L01","Bucket/Media-files/C906_E02-L01_AUDIO.mp3","https://c539776.parspack.net/Bucket/Media-files/C906_E02-L01_AUDIO.mp3","mp3","StudyMedia + BookToc","yes","بدون ردیف CSV","","","","","صوت/ویدیو: MediaVault؛ تازه‌سازی مشروط در شاخهٔ اصلاحی","1","شناسهٔ رسانه: C906_E02-L01_AUDIO.mp3؛ مسیر قراردادی جدید؛ پیش از آپلود انبوه روی باکت واقعی تأیید شود. | در CSV فعلی upload-map ردیفی ندارد."
"صوت — فصل سوم: به‌دنبال محیطی بهتر برای زندگی (۲۵)","کتاب‌های درسی · صوت","C906_E03-L01","Bucket/Media-files/C906_E03-L01_AUDIO.mp3","https://c539776.parspack.net/Bucket/Media-files/C906_E03-L01_AUDIO.mp3","mp3","StudyMedia + BookToc","yes","بدون ردیف CSV","","","","","صوت/ویدیو: MediaVault؛ تازه‌سازی مشروط در شاخهٔ اصلاحی","1","شناسهٔ رسانه: C906_E03-L01_AUDIO.mp3؛ مسیر قراردادی جدید؛ پیش از آپلود انبوه روی باکت واقعی تأیید شود. | در CSV فعلی upload-map ردیفی ندارد."
"صوت — فصل چهارم: حرکت چیست؟ (۳۹)","کتاب‌های درسی · صوت","C906_E04-L01","Bucket/Media-files/C906_E04-L01_AUDIO.mp3","https://c539776.parspack.net/Bucket/Media-files/C906_E04-L01_AUDIO.mp3","mp3","StudyMedia + BookToc","yes","بدون ردیف CSV","","","","","صوت/ویدیو: MediaVault؛ تازه‌سازی مشروط در شاخهٔ اصلاحی","1","شناسهٔ رسانه: C906_E04-L01_AUDIO.mp3؛ مسیر قراردادی جدید؛ پیش از آپلود انبوه روی باکت واقعی تأیید شود. | در CSV فعلی upload-map ردیفی ندارد."
"صوت — فصل پنجم: نیرو (۵۱)","کتاب‌های درسی · صوت","C906_E05-L01","Bucket/Media-files/C906_E05-L01_AUDIO.mp3","https://c539776.parspack.net/Bucket/Media-files/C906_E05-L01_AUDIO.mp3","mp3","StudyMedia + BookToc","yes","بدون ردیف CSV","","","","","صوت/ویدیو: MediaVault؛ تازه‌سازی مشروط در شاخهٔ اصلاحی","1","شناسهٔ رسانه: C906_E05-L01_AUDIO.mp3؛ مسیر قراردادی جدید؛ پیش از آپلود انبوه روی باکت واقعی تأیید شود. | در CSV فعلی upload-map ردیفی ندارد."
"صوت — فصل ششم: زمین ساخت ورقه‌ای (۶۳)","کتاب‌های درسی · صوت","C906_E06-L01","Bucket/Media-files/C906_E06-L01_AUDIO.mp3","https://c539776.parspack.net/Bucket/Media-files/C906_E06-L01_AUDIO.mp3","mp3","StudyMedia + BookToc","yes","بدون ردیف CSV","","","","","صوت/ویدیو: MediaVault؛ تازه‌سازی مشروط در شاخهٔ اصلاحی","1","شناسهٔ رسانه: C906_E06-L01_AUDIO.mp3؛ مسیر قراردادی جدید؛ پیش از آپلود انبوه روی باکت واقعی تأیید شود. | در CSV فعلی upload-map ردیفی ندارد."
"صوت — فصل هفتم: آثاری از گذشته زمین (۷۳)","کتاب‌های درسی · صوت","C906_E07-L01","Bucket/Media-files/C906_E07-L01_AUDIO.mp3","https://c539776.parspack.net/Bucket/Media-files/C906_E07-L01_AUDIO.mp3","mp3","StudyMedia + BookToc","yes","بدون ردیف CSV","","","","","صوت/ویدیو: MediaVault؛ تازه‌سازی مشروط در شاخهٔ اصلاحی","1","شناسهٔ رسانه: C906_E07-L01_AUDIO.mp3؛ مسیر قراردادی جدید؛ پیش از آپلود انبوه روی باکت واقعی تأیید شود. | در CSV فعلی upload-map ردیفی ندارد."
"صوت — فصل هشتم: فشار و آثار آن (۸۳)","کتاب‌های درسی · صوت","C906_E08-L01","Bucket/Media-files/C906_E08-L01_AUDIO.mp3","https://c539776.parspack.net/Bucket/Media-files/C906_E08-L01_AUDIO.mp3","mp3","StudyMedia + BookToc","yes","بدون ردیف CSV","","","","","صوت/ویدیو: MediaVault؛ تازه‌سازی مشروط در شاخهٔ اصلاحی","1","شناسهٔ رسانه: C906_E08-L01_AUDIO.mp3؛ مسیر قراردادی جدید؛ پیش از آپلود انبوه روی باکت واقعی تأیید شود. | در CSV فعلی upload-map ردیفی ندارد."
"صوت — فصل نهم: ماشین‌ها (۹۵)","کتاب‌های درسی · صوت","C906_E09-L01","Bucket/Media-files/C906_E09-L01_AUDIO.mp3","https://c539776.parspack.net/Bucket/Media-files/C906_E09-L01_AUDIO.mp3","mp3","StudyMedia + BookToc","yes","بدون ردیف CSV","","","","","صوت/ویدیو: MediaVault؛ تازه‌سازی مشروط در شاخهٔ اصلاحی","1","شناسهٔ رسانه: C906_E09-L01_AUDIO.mp3؛ مسیر قراردادی جدید؛ پیش از آپلود انبوه روی باکت واقعی تأیید شود. | در CSV فعلی upload-map ردیفی ندارد."
"صوت — فصل دهم: نگاهی به فضا (۱۰۷)","کتاب‌های درسی · صوت","C906_E10-L01","Bucket/Media-files/C906_E10-L01_AUDIO.mp3","https://c539776.parspack.net/Bucket/Media-files/C906_E10-L01_AUDIO.mp3","mp3","StudyMedia + BookToc","yes","بدون ردیف CSV","","","","","صوت/ویدیو: MediaVault؛ تازه‌سازی مشروط در شاخهٔ اصلاحی","1","شناسهٔ رسانه: C906_E10-L01_AUDIO.mp3؛ مسیر قراردادی جدید؛ پیش از آپلود انبوه روی باکت واقعی تأیید شود. | در CSV فعلی upload-map ردیفی ندارد."
"صوت — فصل یازدهم: گوناگونی جانداران (۱۲۱)","کتاب‌های درسی · صوت","C906_E11-L01","Bucket/Media-files/C906_E11-L01_AUDIO.mp3","https://c539776.parspack.net/Bucket/Media-files/C906_E11-L01_AUDIO.mp3","mp3","StudyMedia + BookToc","yes","بدون ردیف CSV","","","","","صوت/ویدیو: MediaVault؛ تازه‌سازی مشروط در شاخهٔ اصلاحی","1","شناسهٔ رسانه: C906_E11-L01_AUDIO.mp3؛ مسیر قراردادی جدید؛ پیش از آپلود انبوه روی باکت واقعی تأیید شود. | در CSV فعلی upload-map ردیفی ندارد."
"صوت — فصل دوازدهم: دنیای گیاهان (۱۳۱)","کتاب‌های درسی · صوت","C906_E12-L01","Bucket/Media-files/C906_E12-L01_AUDIO.mp3","https://c539776.parspack.net/Bucket/Media-files/C906_E12-L01_AUDIO.mp3","mp3","StudyMedia + BookToc","yes","بدون ردیف CSV","","","","","صوت/ویدیو: MediaVault؛ تازه‌سازی مشروط در شاخهٔ اصلاحی","1","شناسهٔ رسانه: C906_E12-L01_AUDIO.mp3؛ مسیر قراردادی جدید؛ پیش از آپلود انبوه روی باکت واقعی تأیید شود. | در CSV فعلی upload-map ردیفی ندارد."
"صوت — فصل سیزدهم: جانوران بی‌مهره (۱۴۱)","کتاب‌های درسی · صوت","C906_E13-L01","Bucket/Media-files/C906_E13-L01_AUDIO.mp3","https://c539776.parspack.net/Bucket/Media-files/C906_E13-L01_AUDIO.mp3","mp3","StudyMedia + BookToc","yes","بدون ردیف CSV","","","","","صوت/ویدیو: MediaVault؛ تازه‌سازی مشروط در شاخهٔ اصلاحی","1","شناسهٔ رسانه: C906_E13-L01_AUDIO.mp3؛ مسیر قراردادی جدید؛ پیش از آپلود انبوه روی باکت واقعی تأیید شود. | در CSV فعلی upload-map ردیفی ندارد."
"صوت — فصل چهاردهم: جانوران مهره‌دار (۱۵۱)","کتاب‌های درسی · صوت","C906_E14-L01","Bucket/Media-files/C906_E14-L01_AUDIO.mp3","https://c539776.parspack.net/Bucket/Media-files/C906_E14-L01_AUDIO.mp3","mp3","StudyMedia + BookToc","yes","بدون ردیف CSV","","","","","صوت/ویدیو: MediaVault؛ تازه‌سازی مشروط در شاخهٔ اصلاحی","1","شناسهٔ رسانه: C906_E14-L01_AUDIO.mp3؛ مسیر قراردادی جدید؛ پیش از آپلود انبوه روی باکت واقعی تأیید شود. | در CSV فعلی upload-map ردیفی ندارد."
"صوت — فصل پانزدهم: باهم‌زیستن (۱۶۳)","کتاب‌های درسی · صوت","C906_E15-L01","Bucket/Media-files/C906_E15-L01_AUDIO.mp3","https://c539776.parspack.net/Bucket/Media-files/C906_E15-L01_AUDIO.mp3","mp3","StudyMedia + BookToc","yes","بدون ردیف CSV","","","","","صوت/ویدیو: MediaVault؛ تازه‌سازی مشروط در شاخهٔ اصلاحی","1","شناسهٔ رسانه: C906_E15-L01_AUDIO.mp3؛ مسیر قراردادی جدید؛ پیش از آپلود انبوه روی باکت واقعی تأیید شود. | در CSV فعلی upload-map ردیفی ندارد."
"صوت — درس ۱ - زمین، مهد زیبای انسان‌ها (۲)","کتاب‌های درسی · صوت","C907_E01-L01","Bucket/Media-files/C907_E01-L01_AUDIO.mp3","https://c539776.parspack.net/Bucket/Media-files/C907_E01-L01_AUDIO.mp3","mp3","StudyMedia + BookToc","yes","بدون ردیف CSV","","","","","صوت/ویدیو: MediaVault؛ تازه‌سازی مشروط در شاخهٔ اصلاحی","1","شناسهٔ رسانه: C907_E01-L01_AUDIO.mp3؛ مسیر قراردادی جدید؛ پیش از آپلود انبوه روی باکت واقعی تأیید شود. | در CSV فعلی upload-map ردیفی ندارد."
"صوت — درس ۲ - حرکات زمین (۹)","کتاب‌های درسی · صوت","C907_E01-L02","Bucket/Media-files/C907_E01-L02_AUDIO.mp3","https://c539776.parspack.net/Bucket/Media-files/C907_E01-L02_AUDIO.mp3","mp3","StudyMedia + BookToc","yes","بدون ردیف CSV","","","","","صوت/ویدیو: MediaVault؛ تازه‌سازی مشروط در شاخهٔ اصلاحی","1","شناسهٔ رسانه: C907_E01-L02_AUDIO.mp3؛ مسیر قراردادی جدید؛ پیش از آپلود انبوه روی باکت واقعی تأیید شود. | در CSV فعلی upload-map ردیفی ندارد."
"صوت — درس ۳ - چهرۀ زمین (۱۶)","کتاب‌های درسی · صوت","C907_E02-L01","Bucket/Media-files/C907_E02-L01_AUDIO.mp3","https://c539776.parspack.net/Bucket/Media-files/C907_E02-L01_AUDIO.mp3","mp3","StudyMedia + BookToc","yes","بدون ردیف CSV","","","","","صوت/ویدیو: MediaVault؛ تازه‌سازی مشروط در شاخهٔ اصلاحی","1","شناسهٔ رسانه: C907_E02-L01_AUDIO.mp3؛ مسیر قراردادی جدید؛ پیش از آپلود انبوه روی باکت واقعی تأیید شود. | در CSV فعلی upload-map ردیفی ندارد."
"صوت — درس ۴ - آب فراوان، هوای پاک (۲۱)","کتاب‌های درسی · صوت","C907_E02-L02","Bucket/Media-files/C907_E02-L02_AUDIO.mp3","https://c539776.parspack.net/Bucket/Media-files/C907_E02-L02_AUDIO.mp3","mp3","StudyMedia + BookToc","yes","بدون ردیف CSV","","","","","صوت/ویدیو: MediaVault؛ تازه‌سازی مشروط در شاخهٔ اصلاحی","1","شناسهٔ رسانه: C907_E02-L02_AUDIO.mp3؛ مسیر قراردادی جدید؛ پیش از آپلود انبوه روی باکت واقعی تأیید شود. | در CSV فعلی upload-map ردیفی ندارد."
"صوت — درس ۵ - پراکندگی زیست‌بوم‌های جهان (۳۰)","کتاب‌های درسی · صوت","C907_E03-L01","Bucket/Media-files/C907_E03-L01_AUDIO.mp3","https://c539776.parspack.net/Bucket/Media-files/C907_E03-L01_AUDIO.mp3","mp3","StudyMedia + BookToc","yes","بدون ردیف CSV","","","","","صوت/ویدیو: MediaVault؛ تازه‌سازی مشروط در شاخهٔ اصلاحی","1","شناسهٔ رسانه: C907_E03-L01_AUDIO.mp3؛ مسیر قراردادی جدید؛ پیش از آپلود انبوه روی باکت واقعی تأیید شود. | در CSV فعلی upload-map ردیفی ندارد."
"صوت — درس ۶ - زیست‌بوم‌ها در خطرند (۳۶)","کتاب‌های درسی · صوت","C907_E03-L02","Bucket/Media-files/C907_E03-L02_AUDIO.mp3","https://c539776.parspack.net/Bucket/Media-files/C907_E03-L02_AUDIO.mp3","mp3","StudyMedia + BookToc","yes","بدون ردیف CSV","","","","","صوت/ویدیو: MediaVault؛ تازه‌سازی مشروط در شاخهٔ اصلاحی","1","شناسهٔ رسانه: C907_E03-L02_AUDIO.mp3؛ مسیر قراردادی جدید؛ پیش از آپلود انبوه روی باکت واقعی تأیید شود. | در CSV فعلی upload-map ردیفی ندارد."
"صوت — درس ۷ - جمعیت جهان (۴۲)","کتاب‌های درسی · صوت","C907_E04-L01","Bucket/Media-files/C907_E04-L01_AUDIO.mp3","https://c539776.parspack.net/Bucket/Media-files/C907_E04-L01_AUDIO.mp3","mp3","StudyMedia + BookToc","yes","بدون ردیف CSV","","","","","صوت/ویدیو: MediaVault؛ تازه‌سازی مشروط در شاخهٔ اصلاحی","1","شناسهٔ رسانه: C907_E04-L01_AUDIO.mp3؛ مسیر قراردادی جدید؛ پیش از آپلود انبوه روی باکت واقعی تأیید شود. | در CSV فعلی upload-map ردیفی ندارد."
"صوت — درس ۸ - بی‌عدالتی و نابرابری در جهان (۴۷)","کتاب‌های درسی · صوت","C907_E04-L02","Bucket/Media-files/C907_E04-L02_AUDIO.mp3","https://c539776.parspack.net/Bucket/Media-files/C907_E04-L02_AUDIO.mp3","mp3","StudyMedia + BookToc","yes","بدون ردیف CSV","","","","","صوت/ویدیو: MediaVault؛ تازه‌سازی مشروط در شاخهٔ اصلاحی","1","شناسهٔ رسانه: C907_E04-L02_AUDIO.mp3؛ مسیر قراردادی جدید؛ پیش از آپلود انبوه روی باکت واقعی تأیید شود. | در CSV فعلی upload-map ردیفی ندارد."
"صوت — درس ۹ - ایرانی متحد و یکپارچه (۵۴)","کتاب‌های درسی · صوت","C907_E05-L01","Bucket/Media-files/C907_E05-L01_AUDIO.mp3","https://c539776.parspack.net/Bucket/Media-files/C907_E05-L01_AUDIO.mp3","mp3","StudyMedia + BookToc","yes","بدون ردیف CSV","","","","","صوت/ویدیو: MediaVault؛ تازه‌سازی مشروط در شاخهٔ اصلاحی","1","شناسهٔ رسانه: C907_E05-L01_AUDIO.mp3؛ مسیر قراردادی جدید؛ پیش از آپلود انبوه روی باکت واقعی تأیید شود. | در CSV فعلی upload-map ردیفی ندارد."
"صوت — درس ۱۰ - اوضاع اجتماعی، اقتصادی، علمی و فرهنگی ایران در عصر صفوی (۶۰)","کتاب‌های درسی · صوت","C907_E05-L02","Bucket/Media-files/C907_E05-L02_AUDIO.mp3","https://c539776.parspack.net/Bucket/Media-files/C907_E05-L02_AUDIO.mp3","mp3","StudyMedia + BookToc","yes","بدون ردیف CSV","","","","","صوت/ویدیو: MediaVault؛ تازه‌سازی مشروط در شاخهٔ اصلاحی","1","شناسهٔ رسانه: C907_E05-L02_AUDIO.mp3؛ مسیر قراردادی جدید؛ پیش از آپلود انبوه روی باکت واقعی تأیید شود. | در CSV فعلی upload-map ردیفی ندارد."
"صوت — درس ۱۱ - تلاش برای حفظ استقلال و اتحاد سیاسی ایران (۶۸)","کتاب‌های درسی · صوت","C907_E06-L01","Bucket/Media-files/C907_E06-L01_AUDIO.mp3","https://c539776.parspack.net/Bucket/Media-files/C907_E06-L01_AUDIO.mp3","mp3","StudyMedia + BookToc","yes","بدون ردیف CSV","","","","","صوت/ویدیو: MediaVault؛ تازه‌سازی مشروط در شاخهٔ اصلاحی","1","شناسهٔ رسانه: C907_E06-L01_AUDIO.mp3؛ مسیر قراردادی جدید؛ پیش از آپلود انبوه روی باکت واقعی تأیید شود. | در CSV فعلی upload-map ردیفی ندارد."
"صوت — درس ۱۲ - در جست‌وجوی پیشرفت و رهایی از سلطۀ خارجی (۷۴)","کتاب‌های درسی · صوت","C907_E06-L02","Bucket/Media-files/C907_E06-L02_AUDIO.mp3","https://c539776.parspack.net/Bucket/Media-files/C907_E06-L02_AUDIO.mp3","mp3","StudyMedia + BookToc","yes","بدون ردیف CSV","","","","","صوت/ویدیو: MediaVault؛ تازه‌سازی مشروط در شاخهٔ اصلاحی","1","شناسهٔ رسانه: C907_E06-L02_AUDIO.mp3؛ مسیر قراردادی جدید؛ پیش از آپلود انبوه روی باکت واقعی تأیید شود. | در CSV فعلی upload-map ردیفی ندارد."
"صوت — درس ۱۳ - نهضت مشروطه (۸۲)","کتاب‌های درسی · صوت","C907_E07-L01","Bucket/Media-files/C907_E07-L01_AUDIO.mp3","https://c539776.parspack.net/Bucket/Media-files/C907_E07-L01_AUDIO.mp3","mp3","StudyMedia + BookToc","yes","بدون ردیف CSV","","","","","صوت/ویدیو: MediaVault؛ تازه‌سازی مشروط در شاخهٔ اصلاحی","1","شناسهٔ رسانه: C907_E07-L01_AUDIO.mp3؛ مسیر قراردادی جدید؛ پیش از آپلود انبوه روی باکت واقعی تأیید شود. | در CSV فعلی upload-map ردیفی ندارد."
"صوت — درس ۱۴ - ایران در دوران حکومت پهلوی (۸۸)","کتاب‌های درسی · صوت","C907_E07-L02","Bucket/Media-files/C907_E07-L02_AUDIO.mp3","https://c539776.parspack.net/Bucket/Media-files/C907_E07-L02_AUDIO.mp3","mp3","StudyMedia + BookToc","yes","بدون ردیف CSV","","","","","صوت/ویدیو: MediaVault؛ تازه‌سازی مشروط در شاخهٔ اصلاحی","1","شناسهٔ رسانه: C907_E07-L02_AUDIO.mp3؛ مسیر قراردادی جدید؛ پیش از آپلود انبوه روی باکت واقعی تأیید شود. | در CSV فعلی upload-map ردیفی ندارد."
"صوت — درس ۱۵ - انقلاب اسلامی ایران (۹۶)","کتاب‌های درسی · صوت","C907_E08-L01","Bucket/Media-files/C907_E08-L01_AUDIO.mp3","https://c539776.parspack.net/Bucket/Media-files/C907_E08-L01_AUDIO.mp3","mp3","StudyMedia + BookToc","yes","بدون ردیف CSV","","","","","صوت/ویدیو: MediaVault؛ تازه‌سازی مشروط در شاخهٔ اصلاحی","1","شناسهٔ رسانه: C907_E08-L01_AUDIO.mp3؛ مسیر قراردادی جدید؛ پیش از آپلود انبوه روی باکت واقعی تأیید شود. | در CSV فعلی upload-map ردیفی ندارد."
"صوت — درس ۱۶ - ایران در دوران پس از پیروزی انقلاب اسلامی (۱۰۵)","کتاب‌های درسی · صوت","C907_E08-L02","Bucket/Media-files/C907_E08-L02_AUDIO.mp3","https://c539776.parspack.net/Bucket/Media-files/C907_E08-L02_AUDIO.mp3","mp3","StudyMedia + BookToc","yes","بدون ردیف CSV","","","","","صوت/ویدیو: MediaVault؛ تازه‌سازی مشروط در شاخهٔ اصلاحی","1","شناسهٔ رسانه: C907_E08-L02_AUDIO.mp3؛ مسیر قراردادی جدید؛ پیش از آپلود انبوه روی باکت واقعی تأیید شود. | در CSV فعلی upload-map ردیفی ندارد."
"صوت — درس ۱۷ - فرهنگ (۱۱۸)","کتاب‌های درسی · صوت","C907_E09-L01","Bucket/Media-files/C907_E09-L01_AUDIO.mp3","https://c539776.parspack.net/Bucket/Media-files/C907_E09-L01_AUDIO.mp3","mp3","StudyMedia + BookToc","yes","بدون ردیف CSV","","","","","صوت/ویدیو: MediaVault؛ تازه‌سازی مشروط در شاخهٔ اصلاحی","1","شناسهٔ رسانه: C907_E09-L01_AUDIO.mp3؛ مسیر قراردادی جدید؛ پیش از آپلود انبوه روی باکت واقعی تأیید شود. | در CSV فعلی upload-map ردیفی ندارد."
"صوت — درس ۱۸ - هویت (۱۲۴)","کتاب‌های درسی · صوت","C907_E09-L02","Bucket/Media-files/C907_E09-L02_AUDIO.mp3","https://c539776.parspack.net/Bucket/Media-files/C907_E09-L02_AUDIO.mp3","mp3","StudyMedia + BookToc","yes","بدون ردیف CSV","","","","","صوت/ویدیو: MediaVault؛ تازه‌سازی مشروط در شاخهٔ اصلاحی","1","شناسهٔ رسانه: C907_E09-L02_AUDIO.mp3؛ مسیر قراردادی جدید؛ پیش از آپلود انبوه روی باکت واقعی تأیید شود. | در CSV فعلی upload-map ردیفی ندارد."
"صوت — درس ۱۹ - ارزش‌ها و کارکردهای خانواده (۱۳۲)","کتاب‌های درسی · صوت","C907_E10-L01","Bucket/Media-files/C907_E10-L01_AUDIO.mp3","https://c539776.parspack.net/Bucket/Media-files/C907_E10-L01_AUDIO.mp3","mp3","StudyMedia + BookToc","yes","بدون ردیف CSV","","","","","صوت/ویدیو: MediaVault؛ تازه‌سازی مشروط در شاخهٔ اصلاحی","1","شناسهٔ رسانه: C907_E10-L01_AUDIO.mp3؛ مسیر قراردادی جدید؛ پیش از آپلود انبوه روی باکت واقعی تأیید شود. | در CSV فعلی upload-map ردیفی ندارد."
"صوت — درس ۲۰ - آرامش در خانواده (۱۳۶)","کتاب‌های درسی · صوت","C907_E10-L02","Bucket/Media-files/C907_E10-L02_AUDIO.mp3","https://c539776.parspack.net/Bucket/Media-files/C907_E10-L02_AUDIO.mp3","mp3","StudyMedia + BookToc","yes","بدون ردیف CSV","","","","","صوت/ویدیو: MediaVault؛ تازه‌سازی مشروط در شاخهٔ اصلاحی","1","شناسهٔ رسانه: C907_E10-L02_AUDIO.mp3؛ مسیر قراردادی جدید؛ پیش از آپلود انبوه روی باکت واقعی تأیید شود. | در CSV فعلی upload-map ردیفی ندارد."
"صوت — درس ۲۱ - نهاد حکومت (۱۴۴)","کتاب‌های درسی · صوت","C907_E11-L01","Bucket/Media-files/C907_E11-L01_AUDIO.mp3","https://c539776.parspack.net/Bucket/Media-files/C907_E11-L01_AUDIO.mp3","mp3","StudyMedia + BookToc","yes","بدون ردیف CSV","","","","","صوت/ویدیو: MediaVault؛ تازه‌سازی مشروط در شاخهٔ اصلاحی","1","شناسهٔ رسانه: C907_E11-L01_AUDIO.mp3؛ مسیر قراردادی جدید؛ پیش از آپلود انبوه روی باکت واقعی تأیید شود. | در CSV فعلی upload-map ردیفی ندارد."
"صوت — درس ۲۲ - حقوق و تکالیف شهروندی (۱۵۰)","کتاب‌های درسی · صوت","C907_E11-L02","Bucket/Media-files/C907_E11-L02_AUDIO.mp3","https://c539776.parspack.net/Bucket/Media-files/C907_E11-L02_AUDIO.mp3","mp3","StudyMedia + BookToc","yes","بدون ردیف CSV","","","","","صوت/ویدیو: MediaVault؛ تازه‌سازی مشروط در شاخهٔ اصلاحی","1","شناسهٔ رسانه: C907_E11-L02_AUDIO.mp3؛ مسیر قراردادی جدید؛ پیش از آپلود انبوه روی باکت واقعی تأیید شود. | در CSV فعلی upload-map ردیفی ندارد."
"صوت — درس ۲۳ - بهره‌وری چیست؟ (۱۵۸)","کتاب‌های درسی · صوت","C907_E12-L01","Bucket/Media-files/C907_E12-L01_AUDIO.mp3","https://c539776.parspack.net/Bucket/Media-files/C907_E12-L01_AUDIO.mp3","mp3","StudyMedia + BookToc","yes","بدون ردیف CSV","","","","","صوت/ویدیو: MediaVault؛ تازه‌سازی مشروط در شاخهٔ اصلاحی","1","شناسهٔ رسانه: C907_E12-L01_AUDIO.mp3؛ مسیر قراردادی جدید؛ پیش از آپلود انبوه روی باکت واقعی تأیید شود. | در CSV فعلی upload-map ردیفی ندارد."
"صوت — درس ۲۴ - اقتصاد و بهره‌وری (۱۶۴)","کتاب‌های درسی · صوت","C907_E12-L02","Bucket/Media-files/C907_E12-L02_AUDIO.mp3","https://c539776.parspack.net/Bucket/Media-files/C907_E12-L02_AUDIO.mp3","mp3","StudyMedia + BookToc","yes","بدون ردیف CSV","","","","","صوت/ویدیو: MediaVault؛ تازه‌سازی مشروط در شاخهٔ اصلاحی","1","شناسهٔ رسانه: C907_E12-L02_AUDIO.mp3؛ مسیر قراردادی جدید؛ پیش از آپلود انبوه روی باکت واقعی تأیید شود. | در CSV فعلی upload-map ردیفی ندارد."
"صوت — درس اول: فضا و عمق (۳)","کتاب‌های درسی · صوت","C908_E01-L01","Bucket/Media-files/C908_E01-L01_AUDIO.mp3","https://c539776.parspack.net/Bucket/Media-files/C908_E01-L01_AUDIO.mp3","mp3","StudyMedia + BookToc","yes","بدون ردیف CSV","","","","","صوت/ویدیو: MediaVault؛ تازه‌سازی مشروط در شاخهٔ اصلاحی","1","شناسهٔ رسانه: C908_E01-L01_AUDIO.mp3؛ مسیر قراردادی جدید؛ پیش از آپلود انبوه روی باکت واقعی تأیید شود. | در CSV فعلی upload-map ردیفی ندارد."
"صوت — درس دوم: نور و حجم (۱۰)","کتاب‌های درسی · صوت","C908_E01-L02","Bucket/Media-files/C908_E01-L02_AUDIO.mp3","https://c539776.parspack.net/Bucket/Media-files/C908_E01-L02_AUDIO.mp3","mp3","StudyMedia + BookToc","yes","بدون ردیف CSV","","","","","صوت/ویدیو: MediaVault؛ تازه‌سازی مشروط در شاخهٔ اصلاحی","1","شناسهٔ رسانه: C908_E01-L02_AUDIO.mp3؛ مسیر قراردادی جدید؛ پیش از آپلود انبوه روی باکت واقعی تأیید شود. | در CSV فعلی upload-map ردیفی ندارد."
"صوت — درس سوم: ابزارهای ترسیم (۲۰)","کتاب‌های درسی · صوت","C908_E01-L03","Bucket/Media-files/C908_E01-L03_AUDIO.mp3","https://c539776.parspack.net/Bucket/Media-files/C908_E01-L03_AUDIO.mp3","mp3","StudyMedia + BookToc","yes","بدون ردیف CSV","","","","","صوت/ویدیو: MediaVault؛ تازه‌سازی مشروط در شاخهٔ اصلاحی","1","شناسهٔ رسانه: C908_E01-L03_AUDIO.mp3؛ مسیر قراردادی جدید؛ پیش از آپلود انبوه روی باکت واقعی تأیید شود. | در CSV فعلی upload-map ردیفی ندارد."
"صوت — درس چهارم: تعریف و کاربردهای طراحی (۳۰)","کتاب‌های درسی · صوت","C908_E01-L04","Bucket/Media-files/C908_E01-L04_AUDIO.mp3","https://c539776.parspack.net/Bucket/Media-files/C908_E01-L04_AUDIO.mp3","mp3","StudyMedia + BookToc","yes","بدون ردیف CSV","","","","","صوت/ویدیو: MediaVault؛ تازه‌سازی مشروط در شاخهٔ اصلاحی","1","شناسهٔ رسانه: C908_E01-L04_AUDIO.mp3؛ مسیر قراردادی جدید؛ پیش از آپلود انبوه روی باکت واقعی تأیید شود. | در CSV فعلی upload-map ردیفی ندارد."
"صوت — درس اول: نگاشتار (گرافیک) و تبلیغات (۳۹)","کتاب‌های درسی · صوت","C908_E02-L01","Bucket/Media-files/C908_E02-L01_AUDIO.mp3","https://c539776.parspack.net/Bucket/Media-files/C908_E02-L01_AUDIO.mp3","mp3","StudyMedia + BookToc","yes","بدون ردیف CSV","","","","","صوت/ویدیو: MediaVault؛ تازه‌سازی مشروط در شاخهٔ اصلاحی","1","شناسهٔ رسانه: C908_E02-L01_AUDIO.mp3؛ مسیر قراردادی جدید؛ پیش از آپلود انبوه روی باکت واقعی تأیید شود. | در CSV فعلی upload-map ردیفی ندارد."
"صوت — درس دوم: اعلان و صفحه‌آرایی (۴۴)","کتاب‌های درسی · صوت","C908_E02-L02","Bucket/Media-files/C908_E02-L02_AUDIO.mp3","https://c539776.parspack.net/Bucket/Media-files/C908_E02-L02_AUDIO.mp3","mp3","StudyMedia + BookToc","yes","بدون ردیف CSV","","","","","صوت/ویدیو: MediaVault؛ تازه‌سازی مشروط در شاخهٔ اصلاحی","1","شناسهٔ رسانه: C908_E02-L02_AUDIO.mp3؛ مسیر قراردادی جدید؛ پیش از آپلود انبوه روی باکت واقعی تأیید شود. | در CSV فعلی upload-map ردیفی ندارد."
"صوت — درس سوم: نگاشتار (گرافیک) محیطی (۵۱)","کتاب‌های درسی · صوت","C908_E02-L03","Bucket/Media-files/C908_E02-L03_AUDIO.mp3","https://c539776.parspack.net/Bucket/Media-files/C908_E02-L03_AUDIO.mp3","mp3","StudyMedia + BookToc","yes","بدون ردیف CSV","","","","","صوت/ویدیو: MediaVault؛ تازه‌سازی مشروط در شاخهٔ اصلاحی","1","شناسهٔ رسانه: C908_E02-L03_AUDIO.mp3؛ مسیر قراردادی جدید؛ پیش از آپلود انبوه روی باکت واقعی تأیید شود. | در CSV فعلی upload-map ردیفی ندارد."
"صوت — درس اول: عکس‌های ترکیبی (۵۷)","کتاب‌های درسی · صوت","C908_E03-L01","Bucket/Media-files/C908_E03-L01_AUDIO.mp3","https://c539776.parspack.net/Bucket/Media-files/C908_E03-L01_AUDIO.mp3","mp3","StudyMedia + BookToc","yes","بدون ردیف CSV","","","","","صوت/ویدیو: MediaVault؛ تازه‌سازی مشروط در شاخهٔ اصلاحی","1","شناسهٔ رسانه: C908_E03-L01_AUDIO.mp3؛ مسیر قراردادی جدید؛ پیش از آپلود انبوه روی باکت واقعی تأیید شود. | در CSV فعلی upload-map ردیفی ندارد."
"صوت — درس دوم: عکاسی روایی (۶۱)","کتاب‌های درسی · صوت","C908_E03-L02","Bucket/Media-files/C908_E03-L02_AUDIO.mp3","https://c539776.parspack.net/Bucket/Media-files/C908_E03-L02_AUDIO.mp3","mp3","StudyMedia + BookToc","yes","بدون ردیف CSV","","","","","صوت/ویدیو: MediaVault؛ تازه‌سازی مشروط در شاخهٔ اصلاحی","1","شناسهٔ رسانه: C908_E03-L02_AUDIO.mp3؛ مسیر قراردادی جدید؛ پیش از آپلود انبوه روی باکت واقعی تأیید شود. | در CSV فعلی upload-map ردیفی ندارد."
"صوت — درس سوم: گرایش‌های عکاسی (۶۷)","کتاب‌های درسی · صوت","C908_E03-L03","Bucket/Media-files/C908_E03-L03_AUDIO.mp3","https://c539776.parspack.net/Bucket/Media-files/C908_E03-L03_AUDIO.mp3","mp3","StudyMedia + BookToc","yes","بدون ردیف CSV","","","","","صوت/ویدیو: MediaVault؛ تازه‌سازی مشروط در شاخهٔ اصلاحی","1","شناسهٔ رسانه: C908_E03-L03_AUDIO.mp3؛ مسیر قراردادی جدید؛ پیش از آپلود انبوه روی باکت واقعی تأیید شود. | در CSV فعلی upload-map ردیفی ندارد."
"صوت — درس اول: نحوهٔ تراشیدن قلم و قالب‌های اجرایی خوشنویسی (۷۴)","کتاب‌های درسی · صوت","C908_E04-L01","Bucket/Media-files/C908_E04-L01_AUDIO.mp3","https://c539776.parspack.net/Bucket/Media-files/C908_E04-L01_AUDIO.mp3","mp3","StudyMedia + BookToc","yes","بدون ردیف CSV","","","","","صوت/ویدیو: MediaVault؛ تازه‌سازی مشروط در شاخهٔ اصلاحی","1","شناسهٔ رسانه: C908_E04-L01_AUDIO.mp3؛ مسیر قراردادی جدید؛ پیش از آپلود انبوه روی باکت واقعی تأیید شود. | در CSV فعلی upload-map ردیفی ندارد."
"صوت — درس دوم: معرفی خط نستعلیق و مشق سطرنویسی (۸۳)","کتاب‌های درسی · صوت","C908_E04-L02","Bucket/Media-files/C908_E04-L02_AUDIO.mp3","https://c539776.parspack.net/Bucket/Media-files/C908_E04-L02_AUDIO.mp3","mp3","StudyMedia + BookToc","yes","بدون ردیف CSV","","","","","صوت/ویدیو: MediaVault؛ تازه‌سازی مشروط در شاخهٔ اصلاحی","1","شناسهٔ رسانه: C908_E04-L02_AUDIO.mp3؛ مسیر قراردادی جدید؛ پیش از آپلود انبوه روی باکت واقعی تأیید شود. | در CSV فعلی upload-map ردیفی ندارد."
"صوت — درس سوم: معرفی خط شکسته نستعلیق و مشق دوسطری‌نویسی (۹۱)","کتاب‌های درسی · صوت","C908_E04-L03","Bucket/Media-files/C908_E04-L03_AUDIO.mp3","https://c539776.parspack.net/Bucket/Media-files/C908_E04-L03_AUDIO.mp3","mp3","StudyMedia + BookToc","yes","بدون ردیف CSV","","","","","صوت/ویدیو: MediaVault؛ تازه‌سازی مشروط در شاخهٔ اصلاحی","1","شناسهٔ رسانه: C908_E04-L03_AUDIO.mp3؛ مسیر قراردادی جدید؛ پیش از آپلود انبوه روی باکت واقعی تأیید شود. | در CSV فعلی upload-map ردیفی ندارد."
"صوت — درس چهارم: گرایش‌های هنری با بیان خوشنویسی و مشق دفتری‌نویسی (۹۹)","کتاب‌های درسی · صوت","C908_E04-L04","Bucket/Media-files/C908_E04-L04_AUDIO.mp3","https://c539776.parspack.net/Bucket/Media-files/C908_E04-L04_AUDIO.mp3","mp3","StudyMedia + BookToc","yes","بدون ردیف CSV","","","","","صوت/ویدیو: MediaVault؛ تازه‌سازی مشروط در شاخهٔ اصلاحی","1","شناسهٔ رسانه: C908_E04-L04_AUDIO.mp3؛ مسیر قراردادی جدید؛ پیش از آپلود انبوه روی باکت واقعی تأیید شود. | در CSV فعلی upload-map ردیفی ندارد."
"صوت — درس اول: چهارلنگه (۱۰۸)","کتاب‌های درسی · صوت","C908_E05-L01","Bucket/Media-files/C908_E05-L01_AUDIO.mp3","https://c539776.parspack.net/Bucket/Media-files/C908_E05-L01_AUDIO.mp3","mp3","StudyMedia + BookToc","yes","بدون ردیف CSV","","","","","صوت/ویدیو: MediaVault؛ تازه‌سازی مشروط در شاخهٔ اصلاحی","1","شناسهٔ رسانه: C908_E05-L01_AUDIO.mp3؛ مسیر قراردادی جدید؛ پیش از آپلود انبوه روی باکت واقعی تأیید شود. | در CSV فعلی upload-map ردیفی ندارد."
"صوت — درس دوم: گره هشت و چهارلنگه (۱۱۲)","کتاب‌های درسی · صوت","C908_E05-L02","Bucket/Media-files/C908_E05-L02_AUDIO.mp3","https://c539776.parspack.net/Bucket/Media-files/C908_E05-L02_AUDIO.mp3","mp3","StudyMedia + BookToc","yes","بدون ردیف CSV","","","","","صوت/ویدیو: MediaVault؛ تازه‌سازی مشروط در شاخهٔ اصلاحی","1","شناسهٔ رسانه: C908_E05-L02_AUDIO.mp3؛ مسیر قراردادی جدید؛ پیش از آپلود انبوه روی باکت واقعی تأیید شود. | در CSV فعلی upload-map ردیفی ندارد."
"صوت — درس سوم: بته (بته‌جقه) (۱۱۵)","کتاب‌های درسی · صوت","C908_E05-L03","Bucket/Media-files/C908_E05-L03_AUDIO.mp3","https://c539776.parspack.net/Bucket/Media-files/C908_E05-L03_AUDIO.mp3","mp3","StudyMedia + BookToc","yes","بدون ردیف CSV","","","","","صوت/ویدیو: MediaVault؛ تازه‌سازی مشروط در شاخهٔ اصلاحی","1","شناسهٔ رسانه: C908_E05-L03_AUDIO.mp3؛ مسیر قراردادی جدید؛ پیش از آپلود انبوه روی باکت واقعی تأیید شود. | در CSV فعلی upload-map ردیفی ندارد."
"صوت — درس اول: جلدسازی سنتی (زیرالکی با روش لایه‌های کاغذ) (۱۲۱)","کتاب‌های درسی · صوت","C908_E06-L01","Bucket/Media-files/C908_E06-L01_AUDIO.mp3","https://c539776.parspack.net/Bucket/Media-files/C908_E06-L01_AUDIO.mp3","mp3","StudyMedia + BookToc","yes","بدون ردیف CSV","","","","","صوت/ویدیو: MediaVault؛ تازه‌سازی مشروط در شاخهٔ اصلاحی","1","شناسهٔ رسانه: C908_E06-L01_AUDIO.mp3؛ مسیر قراردادی جدید؛ پیش از آپلود انبوه روی باکت واقعی تأیید شود. | در CSV فعلی upload-map ردیفی ندارد."
"صوت — درس دوم: جعبه‌سازی روغنی (زیرالکی با روش نوار کاغذ) (۱۲۶)","کتاب‌های درسی · صوت","C908_E06-L02","Bucket/Media-files/C908_E06-L02_AUDIO.mp3","https://c539776.parspack.net/Bucket/Media-files/C908_E06-L02_AUDIO.mp3","mp3","StudyMedia + BookToc","yes","بدون ردیف CSV","","","","","صوت/ویدیو: MediaVault؛ تازه‌سازی مشروط در شاخهٔ اصلاحی","1","شناسهٔ رسانه: C908_E06-L02_AUDIO.mp3؛ مسیر قراردادی جدید؛ پیش از آپلود انبوه روی باکت واقعی تأیید شود. | در CSV فعلی upload-map ردیفی ندارد."
"صوت — درس سوم: اشیای روغنی (زیرالکی روی چوب) (۱۳۰)","کتاب‌های درسی · صوت","C908_E06-L03","Bucket/Media-files/C908_E06-L03_AUDIO.mp3","https://c539776.parspack.net/Bucket/Media-files/C908_E06-L03_AUDIO.mp3","mp3","StudyMedia + BookToc","yes","بدون ردیف CSV","","","","","صوت/ویدیو: MediaVault؛ تازه‌سازی مشروط در شاخهٔ اصلاحی","1","شناسهٔ رسانه: C908_E06-L03_AUDIO.mp3؛ مسیر قراردادی جدید؛ پیش از آپلود انبوه روی باکت واقعی تأیید شود. | در CSV فعلی upload-map ردیفی ندارد."
"صوت — درس اول: درویش‌دوزی (۱۳۶)","کتاب‌های درسی · صوت","C908_E07-L01","Bucket/Media-files/C908_E07-L01_AUDIO.mp3","https://c539776.parspack.net/Bucket/Media-files/C908_E07-L01_AUDIO.mp3","mp3","StudyMedia + BookToc","yes","بدون ردیف CSV","","","","","صوت/ویدیو: MediaVault؛ تازه‌سازی مشروط در شاخهٔ اصلاحی","1","شناسهٔ رسانه: C908_E07-L01_AUDIO.mp3؛ مسیر قراردادی جدید؛ پیش از آپلود انبوه روی باکت واقعی تأیید شود. | در CSV فعلی upload-map ردیفی ندارد."
"صوت — درس دوم: زرتشتی‌دوزی (۱۴۰)","کتاب‌های درسی · صوت","C908_E07-L02","Bucket/Media-files/C908_E07-L02_AUDIO.mp3","https://c539776.parspack.net/Bucket/Media-files/C908_E07-L02_AUDIO.mp3","mp3","StudyMedia + BookToc","yes","بدون ردیف CSV","","","","","صوت/ویدیو: MediaVault؛ تازه‌سازی مشروط در شاخهٔ اصلاحی","1","شناسهٔ رسانه: C908_E07-L02_AUDIO.mp3؛ مسیر قراردادی جدید؛ پیش از آپلود انبوه روی باکت واقعی تأیید شود. | در CSV فعلی upload-map ردیفی ندارد."
"صوت — درس سوم: پته‌دوزی (۱۴۴)","کتاب‌های درسی · صوت","C908_E07-L03","Bucket/Media-files/C908_E07-L03_AUDIO.mp3","https://c539776.parspack.net/Bucket/Media-files/C908_E07-L03_AUDIO.mp3","mp3","StudyMedia + BookToc","yes","بدون ردیف CSV","","","","","صوت/ویدیو: MediaVault؛ تازه‌سازی مشروط در شاخهٔ اصلاحی","1","شناسهٔ رسانه: C908_E07-L03_AUDIO.mp3؛ مسیر قراردادی جدید؛ پیش از آپلود انبوه روی باکت واقعی تأیید شود. | در CSV فعلی upload-map ردیفی ندارد."
"صوت — درس اول: آواهای قومی (مردمی) (۱۵۱)","کتاب‌های درسی · صوت","C908_E08-L01","Bucket/Media-files/C908_E08-L01_AUDIO.mp3","https://c539776.parspack.net/Bucket/Media-files/C908_E08-L01_AUDIO.mp3","mp3","StudyMedia + BookToc","yes","بدون ردیف CSV","","","","","صوت/ویدیو: MediaVault؛ تازه‌سازی مشروط در شاخهٔ اصلاحی","1","شناسهٔ رسانه: C908_E08-L01_AUDIO.mp3؛ مسیر قراردادی جدید؛ پیش از آپلود انبوه روی باکت واقعی تأیید شود. | در CSV فعلی upload-map ردیفی ندارد."
"صوت — درس دوم: ردیف دستگاهی ایران (۱۵۶)","کتاب‌های درسی · صوت","C908_E08-L02","Bucket/Media-files/C908_E08-L02_AUDIO.mp3","https://c539776.parspack.net/Bucket/Media-files/C908_E08-L02_AUDIO.mp3","mp3","StudyMedia + BookToc","yes","بدون ردیف CSV","","","","","صوت/ویدیو: MediaVault؛ تازه‌سازی مشروط در شاخهٔ اصلاحی","1","شناسهٔ رسانه: C908_E08-L02_AUDIO.mp3؛ مسیر قراردادی جدید؛ پیش از آپلود انبوه روی باکت واقعی تأیید شود. | در CSV فعلی upload-map ردیفی ندارد."
"صوت — درس سوم: آواهای دینی ایران (۱۶۱)","کتاب‌های درسی · صوت","C908_E08-L03","Bucket/Media-files/C908_E08-L03_AUDIO.mp3","https://c539776.parspack.net/Bucket/Media-files/C908_E08-L03_AUDIO.mp3","mp3","StudyMedia + BookToc","yes","بدون ردیف CSV","","","","","صوت/ویدیو: MediaVault؛ تازه‌سازی مشروط در شاخهٔ اصلاحی","1","شناسهٔ رسانه: C908_E08-L03_AUDIO.mp3؛ مسیر قراردادی جدید؛ پیش از آپلود انبوه روی باکت واقعی تأیید شود. | در CSV فعلی upload-map ردیفی ندارد."
"صوت — درس چهارم: وزن و ریتم در آواهای ایرانی (۱۶۸)","کتاب‌های درسی · صوت","C908_E08-L04","Bucket/Media-files/C908_E08-L04_AUDIO.mp3","https://c539776.parspack.net/Bucket/Media-files/C908_E08-L04_AUDIO.mp3","mp3","StudyMedia + BookToc","yes","بدون ردیف CSV","","","","","صوت/ویدیو: MediaVault؛ تازه‌سازی مشروط در شاخهٔ اصلاحی","1","شناسهٔ رسانه: C908_E08-L04_AUDIO.mp3؛ مسیر قراردادی جدید؛ پیش از آپلود انبوه روی باکت واقعی تأیید شود. | در CSV فعلی upload-map ردیفی ندارد."
"صوت — درس پنجم: شکل (فرم) و گونه (ژانر)های آوایی (۱۷۳)","کتاب‌های درسی · صوت","C908_E08-L05","Bucket/Media-files/C908_E08-L05_AUDIO.mp3","https://c539776.parspack.net/Bucket/Media-files/C908_E08-L05_AUDIO.mp3","mp3","StudyMedia + BookToc","yes","بدون ردیف CSV","","","","","صوت/ویدیو: MediaVault؛ تازه‌سازی مشروط در شاخهٔ اصلاحی","1","شناسهٔ رسانه: C908_E08-L05_AUDIO.mp3؛ مسیر قراردادی جدید؛ پیش از آپلود انبوه روی باکت واقعی تأیید شود. | در CSV فعلی upload-map ردیفی ندارد."
"صوت — درس اول: کارگردانی و انتخاب نمایشنامه (۱۷۸)","کتاب‌های درسی · صوت","C908_E09-L01","Bucket/Media-files/C908_E09-L01_AUDIO.mp3","https://c539776.parspack.net/Bucket/Media-files/C908_E09-L01_AUDIO.mp3","mp3","StudyMedia + BookToc","yes","بدون ردیف CSV","","","","","صوت/ویدیو: MediaVault؛ تازه‌سازی مشروط در شاخهٔ اصلاحی","1","شناسهٔ رسانه: C908_E09-L01_AUDIO.mp3؛ مسیر قراردادی جدید؛ پیش از آپلود انبوه روی باکت واقعی تأیید شود. | در CSV فعلی upload-map ردیفی ندارد."
"صوت — درس دوم: انتخاب بازیگر و خواندن متن (۱۸۰)","کتاب‌های درسی · صوت","C908_E09-L02","Bucket/Media-files/C908_E09-L02_AUDIO.mp3","https://c539776.parspack.net/Bucket/Media-files/C908_E09-L02_AUDIO.mp3","mp3","StudyMedia + BookToc","yes","بدون ردیف CSV","","","","","صوت/ویدیو: MediaVault؛ تازه‌سازی مشروط در شاخهٔ اصلاحی","1","شناسهٔ رسانه: C908_E09-L02_AUDIO.mp3؛ مسیر قراردادی جدید؛ پیش از آپلود انبوه روی باکت واقعی تأیید شود. | در CSV فعلی upload-map ردیفی ندارد."
"صوت — درس سوم: حرکت و چیدمان روی صحنه (۱۸۲)","کتاب‌های درسی · صوت","C908_E09-L03","Bucket/Media-files/C908_E09-L03_AUDIO.mp3","https://c539776.parspack.net/Bucket/Media-files/C908_E09-L03_AUDIO.mp3","mp3","StudyMedia + BookToc","yes","بدون ردیف CSV","","","","","صوت/ویدیو: MediaVault؛ تازه‌سازی مشروط در شاخهٔ اصلاحی","1","شناسهٔ رسانه: C908_E09-L03_AUDIO.mp3؛ مسیر قراردادی جدید؛ پیش از آپلود انبوه روی باکت واقعی تأیید شود. | در CSV فعلی upload-map ردیفی ندارد."
"صوت — اَلدَّرْسُ الْأَوَّلُ: مُراجَعَةُ دُروسِ الصَّفِّ السّابِعِ وَ الثّامِنِ (١١)","کتاب‌های درسی · صوت","C909_L01","Bucket/Media-files/C909_L01_AUDIO.mp3","https://c539776.parspack.net/Bucket/Media-files/C909_L01_AUDIO.mp3","mp3","StudyMedia + BookToc","yes","بدون ردیف CSV","","","","","صوت/ویدیو: MediaVault؛ تازه‌سازی مشروط در شاخهٔ اصلاحی","1","شناسهٔ رسانه: C909_L01_AUDIO.mp3؛ مسیر قراردادی جدید؛ پیش از آپلود انبوه روی باکت واقعی تأیید شود. | در CSV فعلی upload-map ردیفی ندارد."
"صوت — اَلدَّرْسُ الثّانی: اَلْعُبورُ الْآمِنُ (٢١)","کتاب‌های درسی · صوت","C909_L02","Bucket/Media-files/C909_L02_AUDIO.mp3","https://c539776.parspack.net/Bucket/Media-files/C909_L02_AUDIO.mp3","mp3","StudyMedia + BookToc","yes","بدون ردیف CSV","","","","","صوت/ویدیو: MediaVault؛ تازه‌سازی مشروط در شاخهٔ اصلاحی","1","شناسهٔ رسانه: C909_L02_AUDIO.mp3؛ مسیر قراردادی جدید؛ پیش از آپلود انبوه روی باکت واقعی تأیید شود. | در CSV فعلی upload-map ردیفی ندارد."
"صوت — اَلدَّرْسُ الثّالِثُ: جِسْرُ الصَّداقَةِ (٣٧)","کتاب‌های درسی · صوت","C909_L03","Bucket/Media-files/C909_L03_AUDIO.mp3","https://c539776.parspack.net/Bucket/Media-files/C909_L03_AUDIO.mp3","mp3","StudyMedia + BookToc","yes","بدون ردیف CSV","","","","","صوت/ویدیو: MediaVault؛ تازه‌سازی مشروط در شاخهٔ اصلاحی","1","شناسهٔ رسانه: C909_L03_AUDIO.mp3؛ مسیر قراردادی جدید؛ پیش از آپلود انبوه روی باکت واقعی تأیید شود. | در CSV فعلی upload-map ردیفی ندارد."
"صوت — اَلدَّرْسُ الرّابِعُ: اَلصَّبْرُ مِفْتاحُ الْفَرَجِ (٤٩)","کتاب‌های درسی · صوت","C909_L04","Bucket/Media-files/C909_L04_AUDIO.mp3","https://c539776.parspack.net/Bucket/Media-files/C909_L04_AUDIO.mp3","mp3","StudyMedia + BookToc","yes","بدون ردیف CSV","","","","","صوت/ویدیو: MediaVault؛ تازه‌سازی مشروط در شاخهٔ اصلاحی","1","شناسهٔ رسانه: C909_L04_AUDIO.mp3؛ مسیر قراردادی جدید؛ پیش از آپلود انبوه روی باکت واقعی تأیید شود. | در CSV فعلی upload-map ردیفی ندارد."
"صوت — اَلدَّرْسُ الْخامِسُ: اَلرَّجاءُ (٦١)","کتاب‌های درسی · صوت","C909_L05","Bucket/Media-files/C909_L05_AUDIO.mp3","https://c539776.parspack.net/Bucket/Media-files/C909_L05_AUDIO.mp3","mp3","StudyMedia + BookToc","yes","بدون ردیف CSV","","","","","صوت/ویدیو: MediaVault؛ تازه‌سازی مشروط در شاخهٔ اصلاحی","1","شناسهٔ رسانه: C909_L05_AUDIO.mp3؛ مسیر قراردادی جدید؛ پیش از آپلود انبوه روی باکت واقعی تأیید شود. | در CSV فعلی upload-map ردیفی ندارد."
"صوت — اَلدَّرْسُ السّادِسُ: تَغْییرُ الْحَیاةِ (٧٥)","کتاب‌های درسی · صوت","C909_L06","Bucket/Media-files/C909_L06_AUDIO.mp3","https://c539776.parspack.net/Bucket/Media-files/C909_L06_AUDIO.mp3","mp3","StudyMedia + BookToc","yes","بدون ردیف CSV","","","","","صوت/ویدیو: MediaVault؛ تازه‌سازی مشروط در شاخهٔ اصلاحی","1","شناسهٔ رسانه: C909_L06_AUDIO.mp3؛ مسیر قراردادی جدید؛ پیش از آپلود انبوه روی باکت واقعی تأیید شود. | در CSV فعلی upload-map ردیفی ندارد."
"صوت — اَلدَّرْسُ السّابِعُ: ثَمَرَةُ الْجِدِّ (٨٧)","کتاب‌های درسی · صوت","C909_L07","Bucket/Media-files/C909_L07_AUDIO.mp3","https://c539776.parspack.net/Bucket/Media-files/C909_L07_AUDIO.mp3","mp3","StudyMedia + BookToc","yes","بدون ردیف CSV","","","","","صوت/ویدیو: MediaVault؛ تازه‌سازی مشروط در شاخهٔ اصلاحی","1","شناسهٔ رسانه: C909_L07_AUDIO.mp3؛ مسیر قراردادی جدید؛ پیش از آپلود انبوه روی باکت واقعی تأیید شود. | در CSV فعلی upload-map ردیفی ندارد."
"صوت — اَلدَّرْسُ الثّامِنُ: حِوارٌ بَیْنَ الزّائِرِ وَ سائِقِ سَیّارَةِ الْأُجْرَةِ (٩٩)","کتاب‌های درسی · صوت","C909_L08","Bucket/Media-files/C909_L08_AUDIO.mp3","https://c539776.parspack.net/Bucket/Media-files/C909_L08_AUDIO.mp3","mp3","StudyMedia + BookToc","yes","بدون ردیف CSV","","","","","صوت/ویدیو: MediaVault؛ تازه‌سازی مشروط در شاخهٔ اصلاحی","1","شناسهٔ رسانه: C909_L08_AUDIO.mp3؛ مسیر قراردادی جدید؛ پیش از آپلود انبوه روی باکت واقعی تأیید شود. | در CSV فعلی upload-map ردیفی ندارد."
"صوت — اَلدَّرْسُ التّاسِعُ: نُصوصٌ حَوْلَ الصِّحَّةِ (١١١)","کتاب‌های درسی · صوت","C909_L09","Bucket/Media-files/C909_L09_AUDIO.mp3","https://c539776.parspack.net/Bucket/Media-files/C909_L09_AUDIO.mp3","mp3","StudyMedia + BookToc","yes","بدون ردیف CSV","","","","","صوت/ویدیو: MediaVault؛ تازه‌سازی مشروط در شاخهٔ اصلاحی","1","شناسهٔ رسانه: C909_L09_AUDIO.mp3؛ مسیر قراردادی جدید؛ پیش از آپلود انبوه روی باکت واقعی تأیید شود. | در CSV فعلی upload-map ردیفی ندارد."
"صوت — اَلدَّرْسُ الْعاشِرُ: رِسالَةُ الشَّهیدِ سُلَیْمانی (١٢٥)","کتاب‌های درسی · صوت","C909_L10","Bucket/Media-files/C909_L10_AUDIO.mp3","https://c539776.parspack.net/Bucket/Media-files/C909_L10_AUDIO.mp3","mp3","StudyMedia + BookToc","yes","بدون ردیف CSV","","","","","صوت/ویدیو: MediaVault؛ تازه‌سازی مشروط در شاخهٔ اصلاحی","1","شناسهٔ رسانه: C909_L10_AUDIO.mp3؛ مسیر قراردادی جدید؛ پیش از آپلود انبوه روی باکت واقعی تأیید شود. | در CSV فعلی upload-map ردیفی ندارد."
"صوت — Lesson 1 - Personality","کتاب‌های درسی · صوت","C910_L01","Bucket/Media-files/C910_L01_AUDIO.mp3","https://c539776.parspack.net/Bucket/Media-files/C910_L01_AUDIO.mp3","mp3","StudyMedia + BookToc","yes","بدون ردیف CSV","","","","","صوت/ویدیو: MediaVault؛ تازه‌سازی مشروط در شاخهٔ اصلاحی","1","شناسهٔ رسانه: C910_L01_AUDIO.mp3؛ مسیر قراردادی جدید؛ پیش از آپلود انبوه روی باکت واقعی تأیید شود. | در CSV فعلی upload-map ردیفی ندارد."
"صوت — Lesson 2 - Travel","کتاب‌های درسی · صوت","C910_L02","Bucket/Media-files/C910_L02_AUDIO.mp3","https://c539776.parspack.net/Bucket/Media-files/C910_L02_AUDIO.mp3","mp3","StudyMedia + BookToc","yes","بدون ردیف CSV","","","","","صوت/ویدیو: MediaVault؛ تازه‌سازی مشروط در شاخهٔ اصلاحی","1","شناسهٔ رسانه: C910_L02_AUDIO.mp3؛ مسیر قراردادی جدید؛ پیش از آپلود انبوه روی باکت واقعی تأیید شود. | در CSV فعلی upload-map ردیفی ندارد."
"صوت — Review 1","کتاب‌های درسی · صوت","C910_L03","Bucket/Media-files/C910_L03_AUDIO.mp3","https://c539776.parspack.net/Bucket/Media-files/C910_L03_AUDIO.mp3","mp3","StudyMedia + BookToc","yes","بدون ردیف CSV","","","","","صوت/ویدیو: MediaVault؛ تازه‌سازی مشروط در شاخهٔ اصلاحی","1","شناسهٔ رسانه: C910_L03_AUDIO.mp3؛ مسیر قراردادی جدید؛ پیش از آپلود انبوه روی باکت واقعی تأیید شود. | در CSV فعلی upload-map ردیفی ندارد."
"صوت — Lesson 3 - Festivals and Ceremonies","کتاب‌های درسی · صوت","C910_L04","Bucket/Media-files/C910_L04_AUDIO.mp3","https://c539776.parspack.net/Bucket/Media-files/C910_L04_AUDIO.mp3","mp3","StudyMedia + BookToc","yes","بدون ردیف CSV","","","","","صوت/ویدیو: MediaVault؛ تازه‌سازی مشروط در شاخهٔ اصلاحی","1","شناسهٔ رسانه: C910_L04_AUDIO.mp3؛ مسیر قراردادی جدید؛ پیش از آپلود انبوه روی باکت واقعی تأیید شود. | در CSV فعلی upload-map ردیفی ندارد."
"صوت — Lesson 4 - Services","کتاب‌های درسی · صوت","C910_L05","Bucket/Media-files/C910_L05_AUDIO.mp3","https://c539776.parspack.net/Bucket/Media-files/C910_L05_AUDIO.mp3","mp3","StudyMedia + BookToc","yes","بدون ردیف CSV","","","","","صوت/ویدیو: MediaVault؛ تازه‌سازی مشروط در شاخهٔ اصلاحی","1","شناسهٔ رسانه: C910_L05_AUDIO.mp3؛ مسیر قراردادی جدید؛ پیش از آپلود انبوه روی باکت واقعی تأیید شود. | در CSV فعلی upload-map ردیفی ندارد."
"صوت — Review 2","کتاب‌های درسی · صوت","C910_L06","Bucket/Media-files/C910_L06_AUDIO.mp3","https://c539776.parspack.net/Bucket/Media-files/C910_L06_AUDIO.mp3","mp3","StudyMedia + BookToc","yes","بدون ردیف CSV","","","","","صوت/ویدیو: MediaVault؛ تازه‌سازی مشروط در شاخهٔ اصلاحی","1","شناسهٔ رسانه: C910_L06_AUDIO.mp3؛ مسیر قراردادی جدید؛ پیش از آپلود انبوه روی باکت واقعی تأیید شود. | در CSV فعلی upload-map ردیفی ندارد."
"صوت — Lesson 5 - Media","کتاب‌های درسی · صوت","C910_L07","Bucket/Media-files/C910_L07_AUDIO.mp3","https://c539776.parspack.net/Bucket/Media-files/C910_L07_AUDIO.mp3","mp3","StudyMedia + BookToc","yes","بدون ردیف CSV","","","","","صوت/ویدیو: MediaVault؛ تازه‌سازی مشروط در شاخهٔ اصلاحی","1","شناسهٔ رسانه: C910_L07_AUDIO.mp3؛ مسیر قراردادی جدید؛ پیش از آپلود انبوه روی باکت واقعی تأیید شود. | در CSV فعلی upload-map ردیفی ندارد."
"صوت — Lesson 6 - Health and Injuries","کتاب‌های درسی · صوت","C910_L08","Bucket/Media-files/C910_L08_AUDIO.mp3","https://c539776.parspack.net/Bucket/Media-files/C910_L08_AUDIO.mp3","mp3","StudyMedia + BookToc","yes","بدون ردیف CSV","","","","","صوت/ویدیو: MediaVault؛ تازه‌سازی مشروط در شاخهٔ اصلاحی","1","شناسهٔ رسانه: C910_L08_AUDIO.mp3؛ مسیر قراردادی جدید؛ پیش از آپلود انبوه روی باکت واقعی تأیید شود. | در CSV فعلی upload-map ردیفی ندارد."
"صوت — Review 3","کتاب‌های درسی · صوت","C910_L09","Bucket/Media-files/C910_L09_AUDIO.mp3","https://c539776.parspack.net/Bucket/Media-files/C910_L09_AUDIO.mp3","mp3","StudyMedia + BookToc","yes","بدون ردیف CSV","","","","","صوت/ویدیو: MediaVault؛ تازه‌سازی مشروط در شاخهٔ اصلاحی","1","شناسهٔ رسانه: C910_L09_AUDIO.mp3؛ مسیر قراردادی جدید؛ پیش از آپلود انبوه روی باکت واقعی تأیید شود. | در CSV فعلی upload-map ردیفی ندارد."
"صوت — Lesson 1 - Personality (شخصیت)","کتاب‌های درسی · صوت","C911_L01","Bucket/Media-files/C911_L01_AUDIO.mp3","https://c539776.parspack.net/Bucket/Media-files/C911_L01_AUDIO.mp3","mp3","StudyMedia + BookToc","yes","بدون ردیف CSV","","","","","صوت/ویدیو: MediaVault؛ تازه‌سازی مشروط در شاخهٔ اصلاحی","1","شناسهٔ رسانه: C911_L01_AUDIO.mp3؛ مسیر قراردادی جدید؛ پیش از آپلود انبوه روی باکت واقعی تأیید شود. | در CSV فعلی upload-map ردیفی ندارد."
"صوت — Lesson 2 - Travel (سفر)","کتاب‌های درسی · صوت","C911_L02","Bucket/Media-files/C911_L02_AUDIO.mp3","https://c539776.parspack.net/Bucket/Media-files/C911_L02_AUDIO.mp3","mp3","StudyMedia + BookToc","yes","بدون ردیف CSV","","","","","صوت/ویدیو: MediaVault؛ تازه‌سازی مشروط در شاخهٔ اصلاحی","1","شناسهٔ رسانه: C911_L02_AUDIO.mp3؛ مسیر قراردادی جدید؛ پیش از آپلود انبوه روی باکت واقعی تأیید شود. | در CSV فعلی upload-map ردیفی ندارد."
"صوت — Lesson 3 - Festivals and Ceremonies (جشن‌ها و مراسم)","کتاب‌های درسی · صوت","C911_L03","Bucket/Media-files/C911_L03_AUDIO.mp3","https://c539776.parspack.net/Bucket/Media-files/C911_L03_AUDIO.mp3","mp3","StudyMedia + BookToc","yes","بدون ردیف CSV","","","","","صوت/ویدیو: MediaVault؛ تازه‌سازی مشروط در شاخهٔ اصلاحی","1","شناسهٔ رسانه: C911_L03_AUDIO.mp3؛ مسیر قراردادی جدید؛ پیش از آپلود انبوه روی باکت واقعی تأیید شود. | در CSV فعلی upload-map ردیفی ندارد."
"صوت — Lesson 4 - Services (خدمات)","کتاب‌های درسی · صوت","C911_L04","Bucket/Media-files/C911_L04_AUDIO.mp3","https://c539776.parspack.net/Bucket/Media-files/C911_L04_AUDIO.mp3","mp3","StudyMedia + BookToc","yes","بدون ردیف CSV","","","","","صوت/ویدیو: MediaVault؛ تازه‌سازی مشروط در شاخهٔ اصلاحی","1","شناسهٔ رسانه: C911_L04_AUDIO.mp3؛ مسیر قراردادی جدید؛ پیش از آپلود انبوه روی باکت واقعی تأیید شود. | در CSV فعلی upload-map ردیفی ندارد."
"صوت — Lesson 5 - Media (رسانه)","کتاب‌های درسی · صوت","C911_L05","Bucket/Media-files/C911_L05_AUDIO.mp3","https://c539776.parspack.net/Bucket/Media-files/C911_L05_AUDIO.mp3","mp3","StudyMedia + BookToc","yes","بدون ردیف CSV","","","","","صوت/ویدیو: MediaVault؛ تازه‌سازی مشروط در شاخهٔ اصلاحی","1","شناسهٔ رسانه: C911_L05_AUDIO.mp3؛ مسیر قراردادی جدید؛ پیش از آپلود انبوه روی باکت واقعی تأیید شود. | در CSV فعلی upload-map ردیفی ندارد."
"صوت — Lesson 6 - Health and Injuries (سلامت و آسیب‌ها)","کتاب‌های درسی · صوت","C911_L06","Bucket/Media-files/C911_L06_AUDIO.mp3","https://c539776.parspack.net/Bucket/Media-files/C911_L06_AUDIO.mp3","mp3","StudyMedia + BookToc","yes","بدون ردیف CSV","","","","","صوت/ویدیو: MediaVault؛ تازه‌سازی مشروط در شاخهٔ اصلاحی","1","شناسهٔ رسانه: C911_L06_AUDIO.mp3؛ مسیر قراردادی جدید؛ پیش از آپلود انبوه روی باکت واقعی تأیید شود. | در CSV فعلی upload-map ردیفی ندارد."
"صوت — درس ۱ — امنیت","کتاب‌های درسی · صوت","C915_E01-L01","Bucket/Media-files/C915_E01-L01_AUDIO.mp3","https://c539776.parspack.net/Bucket/Media-files/C915_E01-L01_AUDIO.mp3","mp3","StudyMedia + BookToc","yes","بدون ردیف CSV","","","","","صوت/ویدیو: MediaVault؛ تازه‌سازی مشروط در شاخهٔ اصلاحی","1","شناسهٔ رسانه: C915_E01-L01_AUDIO.mp3؛ مسیر قراردادی جدید؛ پیش از آپلود انبوه روی باکت واقعی تأیید شود. | در CSV فعلی upload-map ردیفی ندارد."
"صوت — درس ۲ — دفاع و تهاجم","کتاب‌های درسی · صوت","C915_E01-L02","Bucket/Media-files/C915_E01-L02_AUDIO.mp3","https://c539776.parspack.net/Bucket/Media-files/C915_E01-L02_AUDIO.mp3","mp3","StudyMedia + BookToc","yes","بدون ردیف CSV","","","","","صوت/ویدیو: MediaVault؛ تازه‌سازی مشروط در شاخهٔ اصلاحی","1","شناسهٔ رسانه: C915_E01-L02_AUDIO.mp3؛ مسیر قراردادی جدید؛ پیش از آپلود انبوه روی باکت واقعی تأیید شود. | در CSV فعلی upload-map ردیفی ندارد."
"صوت — درس ۳ — انقلاب اسلامی","کتاب‌های درسی · صوت","C915_E02-L01","Bucket/Media-files/C915_E02-L01_AUDIO.mp3","https://c539776.parspack.net/Bucket/Media-files/C915_E02-L01_AUDIO.mp3","mp3","StudyMedia + BookToc","yes","بدون ردیف CSV","","","","","صوت/ویدیو: MediaVault؛ تازه‌سازی مشروط در شاخهٔ اصلاحی","1","شناسهٔ رسانه: C915_E02-L01_AUDIO.mp3؛ مسیر قراردادی جدید؛ پیش از آپلود انبوه روی باکت واقعی تأیید شود. | در CSV فعلی upload-map ردیفی ندارد."
"صوت — درس ۴ — بسیج، مدرسه‌ی عشق","کتاب‌های درسی · صوت","C915_E02-L02","Bucket/Media-files/C915_E02-L02_AUDIO.mp3","https://c539776.parspack.net/Bucket/Media-files/C915_E02-L02_AUDIO.mp3","mp3","StudyMedia + BookToc","yes","بدون ردیف CSV","","","","","صوت/ویدیو: MediaVault؛ تازه‌سازی مشروط در شاخهٔ اصلاحی","1","شناسهٔ رسانه: C915_E02-L02_AUDIO.mp3؛ مسیر قراردادی جدید؛ پیش از آپلود انبوه روی باکت واقعی تأیید شود. | در CSV فعلی upload-map ردیفی ندارد."
"صوت — درس ۵ — آشنایی با حماسه‌ی دفاع مقدس","کتاب‌های درسی · صوت","C915_E02-L03","Bucket/Media-files/C915_E02-L03_AUDIO.mp3","https://c539776.parspack.net/Bucket/Media-files/C915_E02-L03_AUDIO.mp3","mp3","StudyMedia + BookToc","yes","بدون ردیف CSV","","","","","صوت/ویدیو: MediaVault؛ تازه‌سازی مشروط در شاخهٔ اصلاحی","1","شناسهٔ رسانه: C915_E02-L03_AUDIO.mp3؛ مسیر قراردادی جدید؛ پیش از آپلود انبوه روی باکت واقعی تأیید شود. | در CSV فعلی upload-map ردیفی ندارد."
"صوت — درس ۶ — مردان مبارز و زنان قهرمان","کتاب‌های درسی · صوت","C915_E02-L04","Bucket/Media-files/C915_E02-L04_AUDIO.mp3","https://c539776.parspack.net/Bucket/Media-files/C915_E02-L04_AUDIO.mp3","mp3","StudyMedia + BookToc","yes","بدون ردیف CSV","","","","","صوت/ویدیو: MediaVault؛ تازه‌سازی مشروط در شاخهٔ اصلاحی","1","شناسهٔ رسانه: C915_E02-L04_AUDIO.mp3؛ مسیر قراردادی جدید؛ پیش از آپلود انبوه روی باکت واقعی تأیید شود. | در CSV فعلی upload-map ردیفی ندارد."
"صوت — درس ۷ — سرباز اسلام، سردار دل‌ها","کتاب‌های درسی · صوت","C915_E02-L05","Bucket/Media-files/C915_E02-L05_AUDIO.mp3","https://c539776.parspack.net/Bucket/Media-files/C915_E02-L05_AUDIO.mp3","mp3","StudyMedia + BookToc","yes","بدون ردیف CSV","","","","","صوت/ویدیو: MediaVault؛ تازه‌سازی مشروط در شاخهٔ اصلاحی","1","شناسهٔ رسانه: C915_E02-L05_AUDIO.mp3؛ مسیر قراردادی جدید؛ پیش از آپلود انبوه روی باکت واقعی تأیید شود. | در CSV فعلی upload-map ردیفی ندارد."
"صوت — درس ۸ — نظام جمع و شیوه‌های رزم انفرادی","کتاب‌های درسی · صوت","C915_E03-L01","Bucket/Media-files/C915_E03-L01_AUDIO.mp3","https://c539776.parspack.net/Bucket/Media-files/C915_E03-L01_AUDIO.mp3","mp3","StudyMedia + BookToc","yes","بدون ردیف CSV","","","","","صوت/ویدیو: MediaVault؛ تازه‌سازی مشروط در شاخهٔ اصلاحی","1","شناسهٔ رسانه: C915_E03-L01_AUDIO.mp3؛ مسیر قراردادی جدید؛ پیش از آپلود انبوه روی باکت واقعی تأیید شود. | در CSV فعلی upload-map ردیفی ندارد."
"صوت — درس ۹ — شناخت و مقابله با جنگ نرم","کتاب‌های درسی · صوت","C915_E03-L02","Bucket/Media-files/C915_E03-L02_AUDIO.mp3","https://c539776.parspack.net/Bucket/Media-files/C915_E03-L02_AUDIO.mp3","mp3","StudyMedia + BookToc","yes","بدون ردیف CSV","","","","","صوت/ویدیو: MediaVault؛ تازه‌سازی مشروط در شاخهٔ اصلاحی","1","شناسهٔ رسانه: C915_E03-L02_AUDIO.mp3؛ مسیر قراردادی جدید؛ پیش از آپلود انبوه روی باکت واقعی تأیید شود. | در CSV فعلی upload-map ردیفی ندارد."
"صوت — درس ۱۰ — پدافند غیرعامل","کتاب‌های درسی · صوت","C915_E03-L03","Bucket/Media-files/C915_E03-L03_AUDIO.mp3","https://c539776.parspack.net/Bucket/Media-files/C915_E03-L03_AUDIO.mp3","mp3","StudyMedia + BookToc","yes","بدون ردیف CSV","","","","","صوت/ویدیو: MediaVault؛ تازه‌سازی مشروط در شاخهٔ اصلاحی","1","شناسهٔ رسانه: C915_E03-L03_AUDIO.mp3؛ مسیر قراردادی جدید؛ پیش از آپلود انبوه روی باکت واقعی تأیید شود. | در CSV فعلی upload-map ردیفی ندارد."
"صوت — درس ۱۱ — آمادگی و ایمنی در برابر زمین‌لرزه","کتاب‌های درسی · صوت","C915_E03-L04","Bucket/Media-files/C915_E03-L04_AUDIO.mp3","https://c539776.parspack.net/Bucket/Media-files/C915_E03-L04_AUDIO.mp3","mp3","StudyMedia + BookToc","yes","بدون ردیف CSV","","","","","صوت/ویدیو: MediaVault؛ تازه‌سازی مشروط در شاخهٔ اصلاحی","1","شناسهٔ رسانه: C915_E03-L04_AUDIO.mp3؛ مسیر قراردادی جدید؛ پیش از آپلود انبوه روی باکت واقعی تأیید شود. | در CSV فعلی upload-map ردیفی ندارد."
"صوت — پودمان ۱: الگوریتم (۳)","کتاب‌های درسی · صوت","C917_E01-L01","Bucket/Media-files/C917_E01-L01_AUDIO.mp3","https://c539776.parspack.net/Bucket/Media-files/C917_E01-L01_AUDIO.mp3","mp3","StudyMedia + BookToc","yes","بدون ردیف CSV","","","","","صوت/ویدیو: MediaVault؛ تازه‌سازی مشروط در شاخهٔ اصلاحی","1","شناسهٔ رسانه: C917_E01-L01_AUDIO.mp3؛ مسیر قراردادی جدید؛ پیش از آپلود انبوه روی باکت واقعی تأیید شود. | در CSV فعلی upload-map ردیفی ندارد."
"صوت — پودمان ۲: ترسیم با رایانه (۱۳)","کتاب‌های درسی · صوت","C917_E01-L02","Bucket/Media-files/C917_E01-L02_AUDIO.mp3","https://c539776.parspack.net/Bucket/Media-files/C917_E01-L02_AUDIO.mp3","mp3","StudyMedia + BookToc","yes","بدون ردیف CSV","","","","","صوت/ویدیو: MediaVault؛ تازه‌سازی مشروط در شاخهٔ اصلاحی","1","شناسهٔ رسانه: C917_E01-L02_AUDIO.mp3؛ مسیر قراردادی جدید؛ پیش از آپلود انبوه روی باکت واقعی تأیید شود. | در CSV فعلی upload-map ردیفی ندارد."
"صوت — پودمان ۳: ساز و کارهای حرکتی (۲۵)","کتاب‌های درسی · صوت","C917_E01-L03","Bucket/Media-files/C917_E01-L03_AUDIO.mp3","https://c539776.parspack.net/Bucket/Media-files/C917_E01-L03_AUDIO.mp3","mp3","StudyMedia + BookToc","yes","بدون ردیف CSV","","","","","صوت/ویدیو: MediaVault؛ تازه‌سازی مشروط در شاخهٔ اصلاحی","1","شناسهٔ رسانه: C917_E01-L03_AUDIO.mp3؛ مسیر قراردادی جدید؛ پیش از آپلود انبوه روی باکت واقعی تأیید شود. | در CSV فعلی upload-map ردیفی ندارد."
"صوت — پودمان ۴: برنامه‌نویسی پایتون (۳) (۳۹)","کتاب‌های درسی · صوت","C917_E01-L04","Bucket/Media-files/C917_E01-L04_AUDIO.mp3","https://c539776.parspack.net/Bucket/Media-files/C917_E01-L04_AUDIO.mp3","mp3","StudyMedia + BookToc","yes","بدون ردیف CSV","","","","","صوت/ویدیو: MediaVault؛ تازه‌سازی مشروط در شاخهٔ اصلاحی","1","شناسهٔ رسانه: C917_E01-L04_AUDIO.mp3؛ مسیر قراردادی جدید؛ پیش از آپلود انبوه روی باکت واقعی تأیید شود. | در CSV فعلی upload-map ردیفی ندارد."
"صوت — پودمان ۵: هدایت تحصیلی - حرفه‌ای (۵۷)","کتاب‌های درسی · صوت","C917_E01-L05","Bucket/Media-files/C917_E01-L05_AUDIO.mp3","https://c539776.parspack.net/Bucket/Media-files/C917_E01-L05_AUDIO.mp3","mp3","StudyMedia + BookToc","yes","بدون ردیف CSV","","","","","صوت/ویدیو: MediaVault؛ تازه‌سازی مشروط در شاخهٔ اصلاحی","1","شناسهٔ رسانه: C917_E01-L05_AUDIO.mp3؛ مسیر قراردادی جدید؛ پیش از آپلود انبوه روی باکت واقعی تأیید شود. | در CSV فعلی upload-map ردیفی ندارد."
"صوت — پودمان ۶: برق (۷۳)","کتاب‌های درسی · صوت","C917_E02-L01","Bucket/Media-files/C917_E02-L01_AUDIO.mp3","https://c539776.parspack.net/Bucket/Media-files/C917_E02-L01_AUDIO.mp3","mp3","StudyMedia + BookToc","yes","بدون ردیف CSV","","","","","صوت/ویدیو: MediaVault؛ تازه‌سازی مشروط در شاخهٔ اصلاحی","1","شناسهٔ رسانه: C917_E02-L01_AUDIO.mp3؛ مسیر قراردادی جدید؛ پیش از آپلود انبوه روی باکت واقعی تأیید شود. | در CSV فعلی upload-map ردیفی ندارد."
"صوت — پودمان ۷: تأسیسات مکانیکی (۸۷)","کتاب‌های درسی · صوت","C917_E02-L02","Bucket/Media-files/C917_E02-L02_AUDIO.mp3","https://c539776.parspack.net/Bucket/Media-files/C917_E02-L02_AUDIO.mp3","mp3","StudyMedia + BookToc","yes","بدون ردیف CSV","","","","","صوت/ویدیو: MediaVault؛ تازه‌سازی مشروط در شاخهٔ اصلاحی","1","شناسهٔ رسانه: C917_E02-L02_AUDIO.mp3؛ مسیر قراردادی جدید؛ پیش از آپلود انبوه روی باکت واقعی تأیید شود. | در CSV فعلی upload-map ردیفی ندارد."
"صوت — پودمان ۸: عمران (۱۰۱)","کتاب‌های درسی · صوت","C917_E02-L03","Bucket/Media-files/C917_E02-L03_AUDIO.mp3","https://c539776.parspack.net/Bucket/Media-files/C917_E02-L03_AUDIO.mp3","mp3","StudyMedia + BookToc","yes","بدون ردیف CSV","","","","","صوت/ویدیو: MediaVault؛ تازه‌سازی مشروط در شاخهٔ اصلاحی","1","شناسهٔ رسانه: C917_E02-L03_AUDIO.mp3؛ مسیر قراردادی جدید؛ پیش از آپلود انبوه روی باکت واقعی تأیید شود. | در CSV فعلی upload-map ردیفی ندارد."
"صوت — پودمان ۹: خودرو (۱۱۵)","کتاب‌های درسی · صوت","C917_E02-L04","Bucket/Media-files/C917_E02-L04_AUDIO.mp3","https://c539776.parspack.net/Bucket/Media-files/C917_E02-L04_AUDIO.mp3","mp3","StudyMedia + BookToc","yes","بدون ردیف CSV","","","","","صوت/ویدیو: MediaVault؛ تازه‌سازی مشروط در شاخهٔ اصلاحی","1","شناسهٔ رسانه: C917_E02-L04_AUDIO.mp3؛ مسیر قراردادی جدید؛ پیش از آپلود انبوه روی باکت واقعی تأیید شود. | در CSV فعلی upload-map ردیفی ندارد."
"صوت — پودمان ۱۰: پایش رشد و تکامل کودک (۱۲۹)","کتاب‌های درسی · صوت","C917_E02-L05","Bucket/Media-files/C917_E02-L05_AUDIO.mp3","https://c539776.parspack.net/Bucket/Media-files/C917_E02-L05_AUDIO.mp3","mp3","StudyMedia + BookToc","yes","بدون ردیف CSV","","","","","صوت/ویدیو: MediaVault؛ تازه‌سازی مشروط در شاخهٔ اصلاحی","1","شناسهٔ رسانه: C917_E02-L05_AUDIO.mp3؛ مسیر قراردادی جدید؛ پیش از آپلود انبوه روی باکت واقعی تأیید شود. | در CSV فعلی upload-map ردیفی ندارد."
"صوت — پودمان ۱۱: صنایع دستی (برجسته‌کاری روی فلز مس) (۱۴۱)","کتاب‌های درسی · صوت","C917_E02-L06","Bucket/Media-files/C917_E02-L06_AUDIO.mp3","https://c539776.parspack.net/Bucket/Media-files/C917_E02-L06_AUDIO.mp3","mp3","StudyMedia + BookToc","yes","بدون ردیف CSV","","","","","صوت/ویدیو: MediaVault؛ تازه‌سازی مشروط در شاخهٔ اصلاحی","1","شناسهٔ رسانه: C917_E02-L06_AUDIO.mp3؛ مسیر قراردادی جدید؛ پیش از آپلود انبوه روی باکت واقعی تأیید شود. | در CSV فعلی upload-map ردیفی ندارد."
"صوت — درس ۱ - شروع یک ماجرا (۱۵)","کتاب‌های درسی · صوت","C941_L01","Bucket/Media-files/C941_L01_AUDIO.mp3","https://c539776.parspack.net/Bucket/Media-files/C941_L01_AUDIO.mp3","mp3","StudyMedia + BookToc","yes","بدون ردیف CSV","","","","","صوت/ویدیو: MediaVault؛ تازه‌سازی مشروط در شاخهٔ اصلاحی","1","شناسهٔ رسانه: C941_L01_AUDIO.mp3؛ مسیر قراردادی جدید؛ پیش از آپلود انبوه روی باکت واقعی تأیید شود. | در CSV فعلی upload-map ردیفی ندارد."
"صوت — درس ۲ - توطئه‌ای به نام بازی (۲۹)","کتاب‌های درسی · صوت","C941_L02","Bucket/Media-files/C941_L02_AUDIO.mp3","https://c539776.parspack.net/Bucket/Media-files/C941_L02_AUDIO.mp3","mp3","StudyMedia + BookToc","yes","بدون ردیف CSV","","","","","صوت/ویدیو: MediaVault؛ تازه‌سازی مشروط در شاخهٔ اصلاحی","1","شناسهٔ رسانه: C941_L02_AUDIO.mp3؛ مسیر قراردادی جدید؛ پیش از آپلود انبوه روی باکت واقعی تأیید شود. | در CSV فعلی upload-map ردیفی ندارد."
"صوت — درس ۳ - کاروان سرنوشت (۴۳)","کتاب‌های درسی · صوت","C941_L03","Bucket/Media-files/C941_L03_AUDIO.mp3","https://c539776.parspack.net/Bucket/Media-files/C941_L03_AUDIO.mp3","mp3","StudyMedia + BookToc","yes","بدون ردیف CSV","","","","","صوت/ویدیو: MediaVault؛ تازه‌سازی مشروط در شاخهٔ اصلاحی","1","شناسهٔ رسانه: C941_L03_AUDIO.mp3؛ مسیر قراردادی جدید؛ پیش از آپلود انبوه روی باکت واقعی تأیید شود. | در CSV فعلی upload-map ردیفی ندارد."
"صوت — درس ۴ - فرار به سوی خدا (۵۵)","کتاب‌های درسی · صوت","C941_L04","Bucket/Media-files/C941_L04_AUDIO.mp3","https://c539776.parspack.net/Bucket/Media-files/C941_L04_AUDIO.mp3","mp3","StudyMedia + BookToc","yes","بدون ردیف CSV","","","","","صوت/ویدیو: MediaVault؛ تازه‌سازی مشروط در شاخهٔ اصلاحی","1","شناسهٔ رسانه: C941_L04_AUDIO.mp3؛ مسیر قراردادی جدید؛ پیش از آپلود انبوه روی باکت واقعی تأیید شود. | در CSV فعلی upload-map ردیفی ندارد."
"صوت — درس ۵ - مهمانی رسوایی (۶۸)","کتاب‌های درسی · صوت","C941_L05","Bucket/Media-files/C941_L05_AUDIO.mp3","https://c539776.parspack.net/Bucket/Media-files/C941_L05_AUDIO.mp3","mp3","StudyMedia + BookToc","yes","بدون ردیف CSV","","","","","صوت/ویدیو: MediaVault؛ تازه‌سازی مشروط در شاخهٔ اصلاحی","1","شناسهٔ رسانه: C941_L05_AUDIO.mp3؛ مسیر قراردادی جدید؛ پیش از آپلود انبوه روی باکت واقعی تأیید شود. | در CSV فعلی upload-map ردیفی ندارد."
"صوت — درس ۶ - پیروزی تأمل‌برانگیز (۸۱)","کتاب‌های درسی · صوت","C941_L06","Bucket/Media-files/C941_L06_AUDIO.mp3","https://c539776.parspack.net/Bucket/Media-files/C941_L06_AUDIO.mp3","mp3","StudyMedia + BookToc","yes","بدون ردیف CSV","","","","","صوت/ویدیو: MediaVault؛ تازه‌سازی مشروط در شاخهٔ اصلاحی","1","شناسهٔ رسانه: C941_L06_AUDIO.mp3؛ مسیر قراردادی جدید؛ پیش از آپلود انبوه روی باکت واقعی تأیید شود. | در CSV فعلی upload-map ردیفی ندارد."
"صوت — درس ۷ - کلاس توحید در زندان (۹۵)","کتاب‌های درسی · صوت","C941_L07","Bucket/Media-files/C941_L07_AUDIO.mp3","https://c539776.parspack.net/Bucket/Media-files/C941_L07_AUDIO.mp3","mp3","StudyMedia + BookToc","yes","بدون ردیف CSV","","","","","صوت/ویدیو: MediaVault؛ تازه‌سازی مشروط در شاخهٔ اصلاحی","1","شناسهٔ رسانه: C941_L07_AUDIO.mp3؛ مسیر قراردادی جدید؛ پیش از آپلود انبوه روی باکت واقعی تأیید شود. | در CSV فعلی upload-map ردیفی ندارد."
"صوت — درس ۸ - رؤیای سرنوشت‌ساز (۱۰۹)","کتاب‌های درسی · صوت","C941_L08","Bucket/Media-files/C941_L08_AUDIO.mp3","https://c539776.parspack.net/Bucket/Media-files/C941_L08_AUDIO.mp3","mp3","StudyMedia + BookToc","yes","بدون ردیف CSV","","","","","صوت/ویدیو: MediaVault؛ تازه‌سازی مشروط در شاخهٔ اصلاحی","1","شناسهٔ رسانه: C941_L08_AUDIO.mp3؛ مسیر قراردادی جدید؛ پیش از آپلود انبوه روی باکت واقعی تأیید شود. | در CSV فعلی upload-map ردیفی ندارد."
"صوت — درس ۹ - اسیری که امیر شد (۱۲۱)","کتاب‌های درسی · صوت","C941_L09","Bucket/Media-files/C941_L09_AUDIO.mp3","https://c539776.parspack.net/Bucket/Media-files/C941_L09_AUDIO.mp3","mp3","StudyMedia + BookToc","yes","بدون ردیف CSV","","","","","صوت/ویدیو: MediaVault؛ تازه‌سازی مشروط در شاخهٔ اصلاحی","1","شناسهٔ رسانه: C941_L09_AUDIO.mp3؛ مسیر قراردادی جدید؛ پیش از آپلود انبوه روی باکت واقعی تأیید شود. | در CSV فعلی upload-map ردیفی ندارد."
"صوت — درس ۱۰ - دیدارها تازه می‌شود (۱۳۷)","کتاب‌های درسی · صوت","C941_L10","Bucket/Media-files/C941_L10_AUDIO.mp3","https://c539776.parspack.net/Bucket/Media-files/C941_L10_AUDIO.mp3","mp3","StudyMedia + BookToc","yes","بدون ردیف CSV","","","","","صوت/ویدیو: MediaVault؛ تازه‌سازی مشروط در شاخهٔ اصلاحی","1","شناسهٔ رسانه: C941_L10_AUDIO.mp3؛ مسیر قراردادی جدید؛ پیش از آپلود انبوه روی باکت واقعی تأیید شود. | در CSV فعلی upload-map ردیفی ندارد."
"صوت — درس ۱۱ - ماجرای ظرف قیمتی (۱۵۳)","کتاب‌های درسی · صوت","C941_L11","Bucket/Media-files/C941_L11_AUDIO.mp3","https://c539776.parspack.net/Bucket/Media-files/C941_L11_AUDIO.mp3","mp3","StudyMedia + BookToc","yes","بدون ردیف CSV","","","","","صوت/ویدیو: MediaVault؛ تازه‌سازی مشروط در شاخهٔ اصلاحی","1","شناسهٔ رسانه: C941_L11_AUDIO.mp3؛ مسیر قراردادی جدید؛ پیش از آپلود انبوه روی باکت واقعی تأیید شود. | در CSV فعلی upload-map ردیفی ندارد."
"صوت — درس ۱۲ - پایان یک ماجرا (۱۶۹)","کتاب‌های درسی · صوت","C941_L12","Bucket/Media-files/C941_L12_AUDIO.mp3","https://c539776.parspack.net/Bucket/Media-files/C941_L12_AUDIO.mp3","mp3","StudyMedia + BookToc","yes","بدون ردیف CSV","","","","","صوت/ویدیو: MediaVault؛ تازه‌سازی مشروط در شاخهٔ اصلاحی","1","شناسهٔ رسانه: C941_L12_AUDIO.mp3؛ مسیر قراردادی جدید؛ پیش از آپلود انبوه روی باکت واقعی تأیید شود. | در CSV فعلی upload-map ردیفی ندارد."
"صوت — درس اول: معرفی مجموعه (۲)","کتاب‌های درسی · صوت","C905_E01-L01","Bucket/Media-files/ryazif01d01.mp3","https://c539776.parspack.net/Bucket/Media-files/ryazif01d01.mp3","mp3","StudyMedia + BookToc","yes","بدون ردیف CSV","","","","","صوت/ویدیو: MediaVault؛ تازه‌سازی مشروط در شاخهٔ اصلاحی","1","شناسهٔ رسانه: ryazif01d01.mp3؛ مسیر قراردادی جدید؛ پیش از آپلود انبوه روی باکت واقعی تأیید شود. | در CSV فعلی upload-map ردیفی ندارد."
"صوت — درس دوم: مجموعه‌های برابر و نمایش مجموعه‌ها (۶)","کتاب‌های درسی · صوت","C905_E01-L02","Bucket/Media-files/ryazif01d02.mp3","https://c539776.parspack.net/Bucket/Media-files/ryazif01d02.mp3","mp3","StudyMedia + BookToc","yes","بدون ردیف CSV","","","","","صوت/ویدیو: MediaVault؛ تازه‌سازی مشروط در شاخهٔ اصلاحی","1","شناسهٔ رسانه: ryazif01d02.mp3؛ مسیر قراردادی جدید؛ پیش از آپلود انبوه روی باکت واقعی تأیید شود. | در CSV فعلی upload-map ردیفی ندارد."
"صوت — درس سوم: اجتماع، اشتراک و تفاضلِ مجموعه‌ها (۱۱)","کتاب‌های درسی · صوت","C905_E01-L03","Bucket/Media-files/ryazif01d03.mp3","https://c539776.parspack.net/Bucket/Media-files/ryazif01d03.mp3","mp3","StudyMedia + BookToc","yes","بدون ردیف CSV","","","","","صوت/ویدیو: MediaVault؛ تازه‌سازی مشروط در شاخهٔ اصلاحی","1","شناسهٔ رسانه: ryazif01d03.mp3؛ مسیر قراردادی جدید؛ پیش از آپلود انبوه روی باکت واقعی تأیید شود. | در CSV فعلی upload-map ردیفی ندارد."
"صوت — درس چهارم: مجموعه‌ها و احتمال (۱۵)","کتاب‌های درسی · صوت","C905_E01-L04","Bucket/Media-files/ryazif01d04.mp3","https://c539776.parspack.net/Bucket/Media-files/ryazif01d04.mp3","mp3","StudyMedia + BookToc","yes","بدون ردیف CSV","","","","","صوت/ویدیو: MediaVault؛ تازه‌سازی مشروط در شاخهٔ اصلاحی","1","شناسهٔ رسانه: ryazif01d04.mp3؛ مسیر قراردادی جدید؛ پیش از آپلود انبوه روی باکت واقعی تأیید شود. | در CSV فعلی upload-map ردیفی ندارد."
"صوت — درس اول: عددهای گویا (۱۹)","کتاب‌های درسی · صوت","C905_E02-L01","Bucket/Media-files/ryazif02d01.mp3","https://c539776.parspack.net/Bucket/Media-files/ryazif02d01.mp3","mp3","StudyMedia + BookToc","yes","بدون ردیف CSV","","","","","صوت/ویدیو: MediaVault؛ تازه‌سازی مشروط در شاخهٔ اصلاحی","1","شناسهٔ رسانه: ryazif02d01.mp3؛ مسیر قراردادی جدید؛ پیش از آپلود انبوه روی باکت واقعی تأیید شود. | در CSV فعلی upload-map ردیفی ندارد."
"صوت — درس دوم: عددهای حقیقی (۲۳)","کتاب‌های درسی · صوت","C905_E02-L02","Bucket/Media-files/ryazif02d02.mp3","https://c539776.parspack.net/Bucket/Media-files/ryazif02d02.mp3","mp3","StudyMedia + BookToc","yes","بدون ردیف CSV","","","","","صوت/ویدیو: MediaVault؛ تازه‌سازی مشروط در شاخهٔ اصلاحی","1","شناسهٔ رسانه: ryazif02d02.mp3؛ مسیر قراردادی جدید؛ پیش از آپلود انبوه روی باکت واقعی تأیید شود. | در CSV فعلی upload-map ردیفی ندارد."
"صوت — درس سوم: قدر مطلق و محاسبهٔ تقریبی (۲۸)","کتاب‌های درسی · صوت","C905_E02-L03","Bucket/Media-files/ryazif02d03.mp3","https://c539776.parspack.net/Bucket/Media-files/ryazif02d03.mp3","mp3","StudyMedia + BookToc","yes","بدون ردیف CSV","","","","","صوت/ویدیو: MediaVault؛ تازه‌سازی مشروط در شاخهٔ اصلاحی","1","شناسهٔ رسانه: ryazif02d03.mp3؛ مسیر قراردادی جدید؛ پیش از آپلود انبوه روی باکت واقعی تأیید شود. | در CSV فعلی upload-map ردیفی ندارد."
"صوت — درس اول: استدلال (۳۳)","کتاب‌های درسی · صوت","C905_E03-L01","Bucket/Media-files/ryazif03d01.mp3","https://c539776.parspack.net/Bucket/Media-files/ryazif03d01.mp3","mp3","StudyMedia + BookToc","yes","بدون ردیف CSV","","","","","صوت/ویدیو: MediaVault؛ تازه‌سازی مشروط در شاخهٔ اصلاحی","1","شناسهٔ رسانه: ryazif03d01.mp3؛ مسیر قراردادی جدید؛ پیش از آپلود انبوه روی باکت واقعی تأیید شود. | در CSV فعلی upload-map ردیفی ندارد."
"صوت — درس دوم: آشنایی با اثبات در هندسه (۳۷)","کتاب‌های درسی · صوت","C905_E03-L02","Bucket/Media-files/ryazif03d02.mp3","https://c539776.parspack.net/Bucket/Media-files/ryazif03d02.mp3","mp3","StudyMedia + BookToc","yes","بدون ردیف CSV","","","","","صوت/ویدیو: MediaVault؛ تازه‌سازی مشروط در شاخهٔ اصلاحی","1","شناسهٔ رسانه: ryazif03d02.mp3؛ مسیر قراردادی جدید؛ پیش از آپلود انبوه روی باکت واقعی تأیید شود. | در CSV فعلی upload-map ردیفی ندارد."
"صوت — درس سوم: هم‌نهشتی مثلث‌ها (۴۴)","کتاب‌های درسی · صوت","C905_E03-L03","Bucket/Media-files/ryazif03d03.mp3","https://c539776.parspack.net/Bucket/Media-files/ryazif03d03.mp3","mp3","StudyMedia + BookToc","yes","بدون ردیف CSV","","","","","صوت/ویدیو: MediaVault؛ تازه‌سازی مشروط در شاخهٔ اصلاحی","1","شناسهٔ رسانه: ryazif03d03.mp3؛ مسیر قراردادی جدید؛ پیش از آپلود انبوه روی باکت واقعی تأیید شود. | در CSV فعلی upload-map ردیفی ندارد."
"صوت — درس چهارم: حل مسئله در هندسه (۴۹)","کتاب‌های درسی · صوت","C905_E03-L04","Bucket/Media-files/ryazif03d04.mp3","https://c539776.parspack.net/Bucket/Media-files/ryazif03d04.mp3","mp3","StudyMedia + BookToc","yes","بدون ردیف CSV","","","","","صوت/ویدیو: MediaVault؛ تازه‌سازی مشروط در شاخهٔ اصلاحی","1","شناسهٔ رسانه: ryazif03d04.mp3؛ مسیر قراردادی جدید؛ پیش از آپلود انبوه روی باکت واقعی تأیید شود. | در CSV فعلی upload-map ردیفی ندارد."
"صوت — درس پنجم: شکل‌های متشابه (۵۳)","کتاب‌های درسی · صوت","C905_E03-L05","Bucket/Media-files/ryazif03d05.mp3","https://c539776.parspack.net/Bucket/Media-files/ryazif03d05.mp3","mp3","StudyMedia + BookToc","yes","بدون ردیف CSV","","","","","صوت/ویدیو: MediaVault؛ تازه‌سازی مشروط در شاخهٔ اصلاحی","1","شناسهٔ رسانه: ryazif03d05.mp3؛ مسیر قراردادی جدید؛ پیش از آپلود انبوه روی باکت واقعی تأیید شود. | در CSV فعلی upload-map ردیفی ندارد."
"صوت — درس اول: توان صحیح (۶۰)","کتاب‌های درسی · صوت","C905_E04-L01","Bucket/Media-files/ryazif04d01.mp3","https://c539776.parspack.net/Bucket/Media-files/ryazif04d01.mp3","mp3","StudyMedia + BookToc","yes","بدون ردیف CSV","","","","","صوت/ویدیو: MediaVault؛ تازه‌سازی مشروط در شاخهٔ اصلاحی","1","شناسهٔ رسانه: ryazif04d01.mp3؛ مسیر قراردادی جدید؛ پیش از آپلود انبوه روی باکت واقعی تأیید شود. | در CSV فعلی upload-map ردیفی ندارد."
"صوت — درس دوم: نماد علمی (۶۵)","کتاب‌های درسی · صوت","C905_E04-L02","Bucket/Media-files/ryazif04d02.mp3","https://c539776.parspack.net/Bucket/Media-files/ryazif04d02.mp3","mp3","StudyMedia + BookToc","yes","بدون ردیف CSV","","","","","صوت/ویدیو: MediaVault؛ تازه‌سازی مشروط در شاخهٔ اصلاحی","1","شناسهٔ رسانه: ryazif04d02.mp3؛ مسیر قراردادی جدید؛ پیش از آپلود انبوه روی باکت واقعی تأیید شود. | در CSV فعلی upload-map ردیفی ندارد."
"صوت — درس سوم: ریشه‌گیری (۶۸)","کتاب‌های درسی · صوت","C905_E04-L03","Bucket/Media-files/ryazif04d03.mp3","https://c539776.parspack.net/Bucket/Media-files/ryazif04d03.mp3","mp3","StudyMedia + BookToc","yes","بدون ردیف CSV","","","","","صوت/ویدیو: MediaVault؛ تازه‌سازی مشروط در شاخهٔ اصلاحی","1","شناسهٔ رسانه: ryazif04d03.mp3؛ مسیر قراردادی جدید؛ پیش از آپلود انبوه روی باکت واقعی تأیید شود. | در CSV فعلی upload-map ردیفی ندارد."
"صوت — درس چهارم: جمع و تفریق رادیکال‌ها (۷۳)","کتاب‌های درسی · صوت","C905_E04-L04","Bucket/Media-files/ryazif04d04.mp3","https://c539776.parspack.net/Bucket/Media-files/ryazif04d04.mp3","mp3","StudyMedia + BookToc","yes","بدون ردیف CSV","","","","","صوت/ویدیو: MediaVault؛ تازه‌سازی مشروط در شاخهٔ اصلاحی","1","شناسهٔ رسانه: ryazif04d04.mp3؛ مسیر قراردادی جدید؛ پیش از آپلود انبوه روی باکت واقعی تأیید شود. | در CSV فعلی upload-map ردیفی ندارد."
"صوت — درس اول: عبارت‌های جبری و مفهوم اتحاد (۷۹)","کتاب‌های درسی · صوت","C905_E05-L01","Bucket/Media-files/ryazif05d01.mp3","https://c539776.parspack.net/Bucket/Media-files/ryazif05d01.mp3","mp3","StudyMedia + BookToc","yes","بدون ردیف CSV","","","","","صوت/ویدیو: MediaVault؛ تازه‌سازی مشروط در شاخهٔ اصلاحی","1","شناسهٔ رسانه: ryazif05d01.mp3؛ مسیر قراردادی جدید؛ پیش از آپلود انبوه روی باکت واقعی تأیید شود. | در CSV فعلی upload-map ردیفی ندارد."
"صوت — درس دوم: چند اتحاد دیگر، تجزیه و کاربردها (۸۶)","کتاب‌های درسی · صوت","C905_E05-L02","Bucket/Media-files/ryazif05d02.mp3","https://c539776.parspack.net/Bucket/Media-files/ryazif05d02.mp3","mp3","StudyMedia + BookToc","yes","بدون ردیف CSV","","","","","صوت/ویدیو: MediaVault؛ تازه‌سازی مشروط در شاخهٔ اصلاحی","1","شناسهٔ رسانه: ryazif05d02.mp3؛ مسیر قراردادی جدید؛ پیش از آپلود انبوه روی باکت واقعی تأیید شود. | در CSV فعلی upload-map ردیفی ندارد."
"صوت — درس سوم: نابرابری‌ها و نامعادله‌ها (۹۰)","کتاب‌های درسی · صوت","C905_E05-L03","Bucket/Media-files/ryazif05d03.mp3","https://c539776.parspack.net/Bucket/Media-files/ryazif05d03.mp3","mp3","StudyMedia + BookToc","yes","بدون ردیف CSV","","","","","صوت/ویدیو: MediaVault؛ تازه‌سازی مشروط در شاخهٔ اصلاحی","1","شناسهٔ رسانه: ryazif05d03.mp3؛ مسیر قراردادی جدید؛ پیش از آپلود انبوه روی باکت واقعی تأیید شود. | در CSV فعلی upload-map ردیفی ندارد."
"صوت — درس اول: معادلهٔ خط (۹۶)","کتاب‌های درسی · صوت","C905_E06-L01","Bucket/Media-files/ryazif06d01.mp3","https://c539776.parspack.net/Bucket/Media-files/ryazif06d01.mp3","mp3","StudyMedia + BookToc","yes","بدون ردیف CSV","","","","","صوت/ویدیو: MediaVault؛ تازه‌سازی مشروط در شاخهٔ اصلاحی","1","شناسهٔ رسانه: ryazif06d01.mp3؛ مسیر قراردادی جدید؛ پیش از آپلود انبوه روی باکت واقعی تأیید شود. | در CSV فعلی upload-map ردیفی ندارد."
"صوت — درس دوم: شیب خط و عرض از مبدأ (۱۰۲)","کتاب‌های درسی · صوت","C905_E06-L02","Bucket/Media-files/ryazif06d02.mp3","https://c539776.parspack.net/Bucket/Media-files/ryazif06d02.mp3","mp3","StudyMedia + BookToc","yes","بدون ردیف CSV","","","","","صوت/ویدیو: MediaVault؛ تازه‌سازی مشروط در شاخهٔ اصلاحی","1","شناسهٔ رسانه: ryazif06d02.mp3؛ مسیر قراردادی جدید؛ پیش از آپلود انبوه روی باکت واقعی تأیید شود. | در CSV فعلی upload-map ردیفی ندارد."
"صوت — درس سوم: دستگاه معادله‌های خطی (۱۰۸)","کتاب‌های درسی · صوت","C905_E06-L03","Bucket/Media-files/ryazif06d03.mp3","https://c539776.parspack.net/Bucket/Media-files/ryazif06d03.mp3","mp3","StudyMedia + BookToc","yes","بدون ردیف CSV","","","","","صوت/ویدیو: MediaVault؛ تازه‌سازی مشروط در شاخهٔ اصلاحی","1","شناسهٔ رسانه: ryazif06d03.mp3؛ مسیر قراردادی جدید؛ پیش از آپلود انبوه روی باکت واقعی تأیید شود. | در CSV فعلی upload-map ردیفی ندارد."
"صوت — درس اول: معرفی و ساده‌کردن عبارت‌های گویا (۱۱۴)","کتاب‌های درسی · صوت","C905_E07-L01","Bucket/Media-files/ryazif07d01.mp3","https://c539776.parspack.net/Bucket/Media-files/ryazif07d01.mp3","mp3","StudyMedia + BookToc","yes","بدون ردیف CSV","","","","","صوت/ویدیو: MediaVault؛ تازه‌سازی مشروط در شاخهٔ اصلاحی","1","شناسهٔ رسانه: ryazif07d01.mp3؛ مسیر قراردادی جدید؛ پیش از آپلود انبوه روی باکت واقعی تأیید شود. | در CSV فعلی upload-map ردیفی ندارد."
"صوت — درس دوم: محاسبات عبارت‌های گویا (۱۱۹)","کتاب‌های درسی · صوت","C905_E07-L02","Bucket/Media-files/ryazif07d02.mp3","https://c539776.parspack.net/Bucket/Media-files/ryazif07d02.mp3","mp3","StudyMedia + BookToc","yes","بدون ردیف CSV","","","","","صوت/ویدیو: MediaVault؛ تازه‌سازی مشروط در شاخهٔ اصلاحی","1","شناسهٔ رسانه: ryazif07d02.mp3؛ مسیر قراردادی جدید؛ پیش از آپلود انبوه روی باکت واقعی تأیید شود. | در CSV فعلی upload-map ردیفی ندارد."
"صوت — درس سوم: تقسیم چندجمله‌ای‌ها (۱۲۶)","کتاب‌های درسی · صوت","C905_E07-L03","Bucket/Media-files/ryazif07d03.mp3","https://c539776.parspack.net/Bucket/Media-files/ryazif07d03.mp3","mp3","StudyMedia + BookToc","yes","بدون ردیف CSV","","","","","صوت/ویدیو: MediaVault؛ تازه‌سازی مشروط در شاخهٔ اصلاحی","1","شناسهٔ رسانه: ryazif07d03.mp3؛ مسیر قراردادی جدید؛ پیش از آپلود انبوه روی باکت واقعی تأیید شود. | در CSV فعلی upload-map ردیفی ندارد."
"صوت — درس اول: حجم و مساحت کره (۱۳۱)","کتاب‌های درسی · صوت","C905_E08-L01","Bucket/Media-files/ryazif08d01.mp3","https://c539776.parspack.net/Bucket/Media-files/ryazif08d01.mp3","mp3","StudyMedia + BookToc","yes","بدون ردیف CSV","","","","","صوت/ویدیو: MediaVault؛ تازه‌سازی مشروط در شاخهٔ اصلاحی","1","شناسهٔ رسانه: ryazif08d01.mp3؛ مسیر قراردادی جدید؛ پیش از آپلود انبوه روی باکت واقعی تأیید شود. | در CSV فعلی upload-map ردیفی ندارد."
"صوت — درس دوم: حجم هرم و مخروط (۱۳۵)","کتاب‌های درسی · صوت","C905_E08-L02","Bucket/Media-files/ryazif08d02.mp3","https://c539776.parspack.net/Bucket/Media-files/ryazif08d02.mp3","mp3","StudyMedia + BookToc","yes","بدون ردیف CSV","","","","","صوت/ویدیو: MediaVault؛ تازه‌سازی مشروط در شاخهٔ اصلاحی","1","شناسهٔ رسانه: ryazif08d02.mp3؛ مسیر قراردادی جدید؛ پیش از آپلود انبوه روی باکت واقعی تأیید شود. | در CSV فعلی upload-map ردیفی ندارد."
"صوت — درس سوم: سطح و حجم (۱۴۰)","کتاب‌های درسی · صوت","C905_E08-L03","Bucket/Media-files/ryazif08d03.mp3","https://c539776.parspack.net/Bucket/Media-files/ryazif08d03.mp3","mp3","StudyMedia + BookToc","yes","بدون ردیف CSV","","","","","صوت/ویدیو: MediaVault؛ تازه‌سازی مشروط در شاخهٔ اصلاحی","1","شناسهٔ رسانه: ryazif08d03.mp3؛ مسیر قراردادی جدید؛ پیش از آپلود انبوه روی باکت واقعی تأیید شود. | در CSV فعلی upload-map ردیفی ندارد."
"ویدیوی تدریس — فهرست","کتاب‌های درسی · ویدیو","${bookCode}_TOC","Bucket/Media-files/${bookCode}-TOC-V01.mp4","https://c539776.parspack.net/Bucket/Media-files/%24%7BbookCode%7D-TOC-V01.mp4","mp4","StudyMedia.videoIds + BookToc","yes","بدون ردیف CSV","","","","","صوت/ویدیو: MediaVault؛ تازه‌سازی مشروط در شاخهٔ اصلاحی","1","شناسهٔ رسانه: ${bookCode}-TOC-V01.mp4؛ مسیر قراردادی جدید؛ پیش از آپلود انبوه روی باکت واقعی تأیید شود. | در CSV فعلی upload-map ردیفی ندارد."
"ویدیوی تدریس — درسِ اول: این جهان راه است و ما راهی و مَرکَب، خوی ماست (۱۴)","کتاب‌های درسی · ویدیو","C901_L01","Bucket/Media-files/C901-L01-V01.mp4","https://c539776.parspack.net/Bucket/Media-files/C901-L01-V01.mp4","mp4","StudyMedia.videoIds + BookToc","yes","بدون ردیف CSV","","","","","صوت/ویدیو: MediaVault؛ تازه‌سازی مشروط در شاخهٔ اصلاحی","1","شناسهٔ رسانه: C901-L01-V01.mp4؛ مسیر قراردادی جدید؛ پیش از آپلود انبوه روی باکت واقعی تأیید شود. | در CSV فعلی upload-map ردیفی ندارد."
"ویدیوی تدریس — درسِ دوم: بود روشنگر راه سعادت، جو خورشید فروزان قرآن است (۲۴)","کتاب‌های درسی · ویدیو","C901_L02","Bucket/Media-files/C901-L02-V01.mp4","https://c539776.parspack.net/Bucket/Media-files/C901-L02-V01.mp4","mp4","StudyMedia.videoIds + BookToc","yes","بدون ردیف CSV","","","","","صوت/ویدیو: MediaVault؛ تازه‌سازی مشروط در شاخهٔ اصلاحی","1","شناسهٔ رسانه: C901-L02-V01.mp4؛ مسیر قراردادی جدید؛ پیش از آپلود انبوه روی باکت واقعی تأیید شود. | در CSV فعلی upload-map ردیفی ندارد."
"ویدیوی تدریس — درسِ سوم: در صراط مستقیم ای دل کسی گمراه نیست (۳۳)","کتاب‌های درسی · ویدیو","C901_L03","Bucket/Media-files/C901-L03-V01.mp4","https://c539776.parspack.net/Bucket/Media-files/C901-L03-V01.mp4","mp4","StudyMedia.videoIds + BookToc","yes","بدون ردیف CSV","","","","","صوت/ویدیو: MediaVault؛ تازه‌سازی مشروط در شاخهٔ اصلاحی","1","شناسهٔ رسانه: C901-L03-V01.mp4؛ مسیر قراردادی جدید؛ پیش از آپلود انبوه روی باکت واقعی تأیید شود. | در CSV فعلی upload-map ردیفی ندارد."
"ویدیوی تدریس — درسِ چهارم: یک میوه از درخت غرور، آن تمسخر است (۴۳)","کتاب‌های درسی · ویدیو","C901_L04","Bucket/Media-files/C901-L04-V01.mp4","https://c539776.parspack.net/Bucket/Media-files/C901-L04-V01.mp4","mp4","StudyMedia.videoIds + BookToc","yes","بدون ردیف CSV","","","","","صوت/ویدیو: MediaVault؛ تازه‌سازی مشروط در شاخهٔ اصلاحی","1","شناسهٔ رسانه: C901-L04-V01.mp4؛ مسیر قراردادی جدید؛ پیش از آپلود انبوه روی باکت واقعی تأیید شود. | در CSV فعلی upload-map ردیفی ندارد."
"ویدیوی تدریس — درسِ پنجم: بهشت حق، جزای متّقین است (۵۲)","کتاب‌های درسی · ویدیو","C901_L05","Bucket/Media-files/C901-L05-V01.mp4","https://c539776.parspack.net/Bucket/Media-files/C901-L05-V01.mp4","mp4","StudyMedia.videoIds + BookToc","yes","بدون ردیف CSV","","","","","صوت/ویدیو: MediaVault؛ تازه‌سازی مشروط در شاخهٔ اصلاحی","1","شناسهٔ رسانه: C901-L05-V01.mp4؛ مسیر قراردادی جدید؛ پیش از آپلود انبوه روی باکت واقعی تأیید شود. | در CSV فعلی upload-map ردیفی ندارد."
"ویدیوی تدریس — درسِ ششم: عدالت‌خواه و عادل چون خدا باش (۶۰)","کتاب‌های درسی · ویدیو","C901_L06","Bucket/Media-files/C901-L06-V01.mp4","https://c539776.parspack.net/Bucket/Media-files/C901-L06-V01.mp4","mp4","StudyMedia.videoIds + BookToc","yes","بدون ردیف CSV","","","","","صوت/ویدیو: MediaVault؛ تازه‌سازی مشروط در شاخهٔ اصلاحی","1","شناسهٔ رسانه: C901-L06-V01.mp4؛ مسیر قراردادی جدید؛ پیش از آپلود انبوه روی باکت واقعی تأیید شود. | در CSV فعلی upload-map ردیفی ندارد."
"ویدیوی تدریس — درسِ هفتم: خدا با حکمت و میزان، رسولان را دهد یاری (۶۹)","کتاب‌های درسی · ویدیو","C901_L07","Bucket/Media-files/C901-L07-V01.mp4","https://c539776.parspack.net/Bucket/Media-files/C901-L07-V01.mp4","mp4","StudyMedia.videoIds + BookToc","yes","بدون ردیف CSV","","","","","صوت/ویدیو: MediaVault؛ تازه‌سازی مشروط در شاخهٔ اصلاحی","1","شناسهٔ رسانه: C901-L07-V01.mp4؛ مسیر قراردادی جدید؛ پیش از آپلود انبوه روی باکت واقعی تأیید شود. | در CSV فعلی upload-map ردیفی ندارد."
"ویدیوی تدریس — درسِ هشتم: تجارت با خدا، کسبی است پرسود (۷۹)","کتاب‌های درسی · ویدیو","C901_L08","Bucket/Media-files/C901-L08-V01.mp4","https://c539776.parspack.net/Bucket/Media-files/C901-L08-V01.mp4","mp4","StudyMedia.videoIds + BookToc","yes","بدون ردیف CSV","","","","","صوت/ویدیو: MediaVault؛ تازه‌سازی مشروط در شاخهٔ اصلاحی","1","شناسهٔ رسانه: C901-L08-V01.mp4؛ مسیر قراردادی جدید؛ پیش از آپلود انبوه روی باکت واقعی تأیید شود. | در CSV فعلی upload-map ردیفی ندارد."
"ویدیوی تدریس — درسِ نهم: سفر زندگی ما ز خدا تا به خداست (۸۸)","کتاب‌های درسی · ویدیو","C901_L09","Bucket/Media-files/C901-L09-V01.mp4","https://c539776.parspack.net/Bucket/Media-files/C901-L09-V01.mp4","mp4","StudyMedia.videoIds + BookToc","yes","بدون ردیف CSV","","","","","صوت/ویدیو: MediaVault؛ تازه‌سازی مشروط در شاخهٔ اصلاحی","1","شناسهٔ رسانه: C901-L09-V01.mp4؛ مسیر قراردادی جدید؛ پیش از آپلود انبوه روی باکت واقعی تأیید شود. | در CSV فعلی upload-map ردیفی ندارد."
"ویدیوی تدریس — درسِ دهم: رتّل القرآن ترتیلاً، ندای رحمت است (۹۸)","کتاب‌های درسی · ویدیو","C901_L10","Bucket/Media-files/C901-L10-V01.mp4","https://c539776.parspack.net/Bucket/Media-files/C901-L10-V01.mp4","mp4","StudyMedia.videoIds + BookToc","yes","بدون ردیف CSV","","","","","صوت/ویدیو: MediaVault؛ تازه‌سازی مشروط در شاخهٔ اصلاحی","1","شناسهٔ رسانه: C901-L10-V01.mp4؛ مسیر قراردادی جدید؛ پیش از آپلود انبوه روی باکت واقعی تأیید شود. | در CSV فعلی upload-map ردیفی ندارد."
"ویدیوی تدریس — درسِ یازدهم: به آسمان و کوه‌ها چرا نظر نمی‌کنی؟! (۱۰۷)","کتاب‌های درسی · ویدیو","C901_L11","Bucket/Media-files/C901-L11-V01.mp4","https://c539776.parspack.net/Bucket/Media-files/C901-L11-V01.mp4","mp4","StudyMedia.videoIds + BookToc","yes","بدون ردیف CSV","","","","","صوت/ویدیو: MediaVault؛ تازه‌سازی مشروط در شاخهٔ اصلاحی","1","شناسهٔ رسانه: C901-L11-V01.mp4؛ مسیر قراردادی جدید؛ پیش از آپلود انبوه روی باکت واقعی تأیید شود. | در CSV فعلی upload-map ردیفی ندارد."
"ویدیوی تدریس — درس ۱ - تو را چگونه بشناسم؟ (۱۱)","کتاب‌های درسی · ویدیو","C902_E01-L01","Bucket/Media-files/C902-E01-L01-V01.mp4","https://c539776.parspack.net/Bucket/Media-files/C902-E01-L01-V01.mp4","mp4","StudyMedia.videoIds + BookToc","yes","بدون ردیف CSV","","","","","صوت/ویدیو: MediaVault؛ تازه‌سازی مشروط در شاخهٔ اصلاحی","1","شناسهٔ رسانه: C902-E01-L01-V01.mp4؛ مسیر قراردادی جدید؛ پیش از آپلود انبوه روی باکت واقعی تأیید شود. | در CSV فعلی upload-map ردیفی ندارد."
"ویدیوی تدریس — درس ۲ - در پناه ایمان (۲۱)","کتاب‌های درسی · ویدیو","C902_E01-L02","Bucket/Media-files/C902-E01-L02-V01.mp4","https://c539776.parspack.net/Bucket/Media-files/C902-E01-L02-V01.mp4","mp4","StudyMedia.videoIds + BookToc","yes","بدون ردیف CSV","","","","","صوت/ویدیو: MediaVault؛ تازه‌سازی مشروط در شاخهٔ اصلاحی","1","شناسهٔ رسانه: C902-E01-L02-V01.mp4؛ مسیر قراردادی جدید؛ پیش از آپلود انبوه روی باکت واقعی تأیید شود. | در CSV فعلی upload-map ردیفی ندارد."
"ویدیوی تدریس — درس ۳ - راهنمایان الهی (۳۳)","کتاب‌های درسی · ویدیو","C902_E02-L01","Bucket/Media-files/C902-E02-L01-V01.mp4","https://c539776.parspack.net/Bucket/Media-files/C902-E02-L01-V01.mp4","mp4","StudyMedia.videoIds + BookToc","yes","بدون ردیف CSV","","","","","صوت/ویدیو: MediaVault؛ تازه‌سازی مشروط در شاخهٔ اصلاحی","1","شناسهٔ رسانه: C902-E02-L01-V01.mp4؛ مسیر قراردادی جدید؛ پیش از آپلود انبوه روی باکت واقعی تأیید شود. | در CSV فعلی upload-map ردیفی ندارد."
"ویدیوی تدریس — درس ۴ - خورشید پنهان (۴۵)","کتاب‌های درسی · ویدیو","C902_E02-L02","Bucket/Media-files/C902-E02-L02-V01.mp4","https://c539776.parspack.net/Bucket/Media-files/C902-E02-L02-V01.mp4","mp4","StudyMedia.videoIds + BookToc","yes","بدون ردیف CSV","","","","","صوت/ویدیو: MediaVault؛ تازه‌سازی مشروط در شاخهٔ اصلاحی","1","شناسهٔ رسانه: C902-E02-L02-V01.mp4؛ مسیر قراردادی جدید؛ پیش از آپلود انبوه روی باکت واقعی تأیید شود. | در CSV فعلی upload-map ردیفی ندارد."
"ویدیوی تدریس — درس ۵ - رهبری در دوران غیبت (۵۵)","کتاب‌های درسی · ویدیو","C902_E02-L03","Bucket/Media-files/C902-E02-L03-V01.mp4","https://c539776.parspack.net/Bucket/Media-files/C902-E02-L03-V01.mp4","mp4","StudyMedia.videoIds + BookToc","yes","بدون ردیف CSV","","","","","صوت/ویدیو: MediaVault؛ تازه‌سازی مشروط در شاخهٔ اصلاحی","1","شناسهٔ رسانه: C902-E02-L03-V01.mp4؛ مسیر قراردادی جدید؛ پیش از آپلود انبوه روی باکت واقعی تأیید شود. | در CSV فعلی upload-map ردیفی ندارد."
"ویدیوی تدریس — درس ۶ - وضو، غسل و تیمم","کتاب‌های درسی · ویدیو","C902_E03-L01","Bucket/Media-files/C902-E03-L01-V01.mp4","https://c539776.parspack.net/Bucket/Media-files/C902-E03-L01-V01.mp4","mp4","StudyMedia.videoIds + BookToc","yes","بدون ردیف CSV","","","","","صوت/ویدیو: MediaVault؛ تازه‌سازی مشروط در شاخهٔ اصلاحی","1","شناسهٔ رسانه: C902-E03-L01-V01.mp4؛ مسیر قراردادی جدید؛ پیش از آپلود انبوه روی باکت واقعی تأیید شود. | در CSV فعلی upload-map ردیفی ندارد."
"ویدیوی تدریس — درس ۷ - احکام نماز","کتاب‌های درسی · ویدیو","C902_E03-L02","Bucket/Media-files/C902-E03-L02-V01.mp4","https://c539776.parspack.net/Bucket/Media-files/C902-E03-L02-V01.mp4","mp4","StudyMedia.videoIds + BookToc","yes","بدون ردیف CSV","","","","","صوت/ویدیو: MediaVault؛ تازه‌سازی مشروط در شاخهٔ اصلاحی","1","شناسهٔ رسانه: C902-E03-L02-V01.mp4؛ مسیر قراردادی جدید؛ پیش از آپلود انبوه روی باکت واقعی تأیید شود. | در CSV فعلی upload-map ردیفی ندارد."
"ویدیوی تدریس — درس ۸ - همدلی و همراهی","کتاب‌های درسی · ویدیو","C902_E04-L01","Bucket/Media-files/C902-E04-L01-V01.mp4","https://c539776.parspack.net/Bucket/Media-files/C902-E04-L01-V01.mp4","mp4","StudyMedia.videoIds + BookToc","yes","بدون ردیف CSV","","","","","صوت/ویدیو: MediaVault؛ تازه‌سازی مشروط در شاخهٔ اصلاحی","1","شناسهٔ رسانه: C902-E04-L01-V01.mp4؛ مسیر قراردادی جدید؛ پیش از آپلود انبوه روی باکت واقعی تأیید شود. | در CSV فعلی upload-map ردیفی ندارد."
"ویدیوی تدریس — درس ۹ - انقلاب اسلامی ایران","کتاب‌های درسی · ویدیو","C902_E05-L01","Bucket/Media-files/C902-E05-L01-V01.mp4","https://c539776.parspack.net/Bucket/Media-files/C902-E05-L01-V01.mp4","mp4","StudyMedia.videoIds + BookToc","yes","بدون ردیف CSV","","","","","صوت/ویدیو: MediaVault؛ تازه‌سازی مشروط در شاخهٔ اصلاحی","1","شناسهٔ رسانه: C902-E05-L01-V01.mp4؛ مسیر قراردادی جدید؛ پیش از آپلود انبوه روی باکت واقعی تأیید شود. | در CSV فعلی upload-map ردیفی ندارد."
"ویدیوی تدریس — درس ۱۰ - مسئولیت همگانی","کتاب‌های درسی · ویدیو","C902_E05-L02","Bucket/Media-files/C902-E05-L02-V01.mp4","https://c539776.parspack.net/Bucket/Media-files/C902-E05-L02-V01.mp4","mp4","StudyMedia.videoIds + BookToc","yes","بدون ردیف CSV","","","","","صوت/ویدیو: MediaVault؛ تازه‌سازی مشروط در شاخهٔ اصلاحی","1","شناسهٔ رسانه: C902-E05-L02-V01.mp4؛ مسیر قراردادی جدید؛ پیش از آپلود انبوه روی باکت واقعی تأیید شود. | در CSV فعلی upload-map ردیفی ندارد."
"ویدیوی تدریس — درس ۱۱ - انفاق","کتاب‌های درسی · ویدیو","C902_E05-L03","Bucket/Media-files/C902-E05-L03-V01.mp4","https://c539776.parspack.net/Bucket/Media-files/C902-E05-L03-V01.mp4","mp4","StudyMedia.videoIds + BookToc","yes","بدون ردیف CSV","","","","","صوت/ویدیو: MediaVault؛ تازه‌سازی مشروط در شاخهٔ اصلاحی","1","شناسهٔ رسانه: C902-E05-L03-V01.mp4؛ مسیر قراردادی جدید؛ پیش از آپلود انبوه روی باکت واقعی تأیید شود. | در CSV فعلی upload-map ردیفی ندارد."
"ویدیوی تدریس — درس ۱۲ - جهاد","کتاب‌های درسی · ویدیو","C902_E05-L04","Bucket/Media-files/C902-E05-L04-V01.mp4","https://c539776.parspack.net/Bucket/Media-files/C902-E05-L04-V01.mp4","mp4","StudyMedia.videoIds + BookToc","yes","بدون ردیف CSV","","","","","صوت/ویدیو: MediaVault؛ تازه‌سازی مشروط در شاخهٔ اصلاحی","1","شناسهٔ رسانه: C902-E05-L04-V01.mp4؛ مسیر قراردادی جدید؛ پیش از آپلود انبوه روی باکت واقعی تأیید شود. | در CSV فعلی upload-map ردیفی ندارد."
"ویدیوی تدریس — اعلام؛ اشخاص و آثار","کتاب‌های درسی · ویدیو","C903_AALAM","Bucket/Media-files/C903-AALAM-V01.mp4","https://c539776.parspack.net/Bucket/Media-files/C903-AALAM-V01.mp4","mp4","StudyMedia.videoIds + BookToc","yes","بدون ردیف CSV","","","","","صوت/ویدیو: MediaVault؛ تازه‌سازی مشروط در شاخهٔ اصلاحی","1","شناسهٔ رسانه: C903-AALAM-V01.mp4؛ مسیر قراردادی جدید؛ پیش از آپلود انبوه روی باکت واقعی تأیید شود. | در CSV فعلی upload-map ردیفی ندارد."
"ویدیوی تدریس — درس ۱ - آفرینش همه تنبیه خداوند دل است (۱۲)","کتاب‌های درسی · ویدیو","C903_E01-L01","Bucket/Media-files/C903-E01-L01-V01.mp4","https://c539776.parspack.net/Bucket/Media-files/C903-E01-L01-V01.mp4","mp4","StudyMedia.videoIds + BookToc","yes","بدون ردیف CSV","","","","","صوت/ویدیو: MediaVault؛ تازه‌سازی مشروط در شاخهٔ اصلاحی","1","شناسهٔ رسانه: C903-E01-L01-V01.mp4؛ مسیر قراردادی جدید؛ پیش از آپلود انبوه روی باکت واقعی تأیید شود. | در CSV فعلی upload-map ردیفی ندارد."
"ویدیوی تدریس — حکایت: سفر (۱۶)","کتاب‌های درسی · ویدیو","C903_E01-L02","Bucket/Media-files/C903-E01-L02-V01.mp4","https://c539776.parspack.net/Bucket/Media-files/C903-E01-L02-V01.mp4","mp4","StudyMedia.videoIds + BookToc","yes","بدون ردیف CSV","","","","","صوت/ویدیو: MediaVault؛ تازه‌سازی مشروط در شاخهٔ اصلاحی","1","شناسهٔ رسانه: C903-E01-L02-V01.mp4؛ مسیر قراردادی جدید؛ پیش از آپلود انبوه روی باکت واقعی تأیید شود. | در CSV فعلی upload-map ردیفی ندارد."
"ویدیوی تدریس — درس ۲ - عجایب صنعِ حق تعالی (۱۷)","کتاب‌های درسی · ویدیو","C903_E01-L03","Bucket/Media-files/C903-E01-L03-V01.mp4","https://c539776.parspack.net/Bucket/Media-files/C903-E01-L03-V01.mp4","mp4","StudyMedia.videoIds + BookToc","yes","بدون ردیف CSV","","","","","صوت/ویدیو: MediaVault؛ تازه‌سازی مشروط در شاخهٔ اصلاحی","1","شناسهٔ رسانه: C903-E01-L03-V01.mp4؛ مسیر قراردادی جدید؛ پیش از آپلود انبوه روی باکت واقعی تأیید شود. | در CSV فعلی upload-map ردیفی ندارد."
"ویدیوی تدریس — شعرخوانی: پرواز (۲۲)","کتاب‌های درسی · ویدیو","C903_E01-L04","Bucket/Media-files/C903-E01-L04-V01.mp4","https://c539776.parspack.net/Bucket/Media-files/C903-E01-L04-V01.mp4","mp4","StudyMedia.videoIds + BookToc","yes","بدون ردیف CSV","","","","","صوت/ویدیو: MediaVault؛ تازه‌سازی مشروط در شاخهٔ اصلاحی","1","شناسهٔ رسانه: C903-E01-L04-V01.mp4؛ مسیر قراردادی جدید؛ پیش از آپلود انبوه روی باکت واقعی تأیید شود. | در CSV فعلی upload-map ردیفی ندارد."
"ویدیوی تدریس — درس ۳ - مثل آیینه، کار و شایستگی (۲۴)","کتاب‌های درسی · ویدیو","C903_E02-L01","Bucket/Media-files/C903-E02-L01-V01.mp4","https://c539776.parspack.net/Bucket/Media-files/C903-E02-L01-V01.mp4","mp4","StudyMedia.videoIds + BookToc","yes","بدون ردیف CSV","","","","","صوت/ویدیو: MediaVault؛ تازه‌سازی مشروط در شاخهٔ اصلاحی","1","شناسهٔ رسانه: C903-E02-L01-V01.mp4؛ مسیر قراردادی جدید؛ پیش از آپلود انبوه روی باکت واقعی تأیید شود. | در CSV فعلی upload-map ردیفی ندارد."
"ویدیوی تدریس — حکایت: باغبان نیک‌اندیش (۲۹)","کتاب‌های درسی · ویدیو","C903_E02-L02","Bucket/Media-files/C903-E02-L02-V01.mp4","https://c539776.parspack.net/Bucket/Media-files/C903-E02-L02-V01.mp4","mp4","StudyMedia.videoIds + BookToc","yes","بدون ردیف CSV","","","","","صوت/ویدیو: MediaVault؛ تازه‌سازی مشروط در شاخهٔ اصلاحی","1","شناسهٔ رسانه: C903-E02-L02-V01.mp4؛ مسیر قراردادی جدید؛ پیش از آپلود انبوه روی باکت واقعی تأیید شود. | در CSV فعلی upload-map ردیفی ندارد."
"ویدیوی تدریس — درس ۴ - هم‌نشین (۳۰)","کتاب‌های درسی · ویدیو","C903_E02-L03","Bucket/Media-files/C903-E02-L03-V01.mp4","https://c539776.parspack.net/Bucket/Media-files/C903-E02-L03-V01.mp4","mp4","StudyMedia.videoIds + BookToc","yes","بدون ردیف CSV","","","","","صوت/ویدیو: MediaVault؛ تازه‌سازی مشروط در شاخهٔ اصلاحی","1","شناسهٔ رسانه: C903-E02-L03-V01.mp4؛ مسیر قراردادی جدید؛ پیش از آپلود انبوه روی باکت واقعی تأیید شود. | در CSV فعلی upload-map ردیفی ندارد."
"ویدیوی تدریس — روان‌خوانی: دریچه‌های شکوفایی (۳۶)","کتاب‌های درسی · ویدیو","C903_E02-L04","Bucket/Media-files/C903-E02-L04-V01.mp4","https://c539776.parspack.net/Bucket/Media-files/C903-E02-L04-V01.mp4","mp4","StudyMedia.videoIds + BookToc","yes","بدون ردیف CSV","","","","","صوت/ویدیو: MediaVault؛ تازه‌سازی مشروط در شاخهٔ اصلاحی","1","شناسهٔ رسانه: C903-E02-L04-V01.mp4؛ مسیر قراردادی جدید؛ پیش از آپلود انبوه روی باکت واقعی تأیید شود. | در CSV فعلی upload-map ردیفی ندارد."
"ویدیوی تدریس — درس ۵ - درس آزاد (۴۲)","کتاب‌های درسی · ویدیو","C903_E03-L01","Bucket/Media-files/C903-E03-L01-V01.mp4","https://c539776.parspack.net/Bucket/Media-files/C903-E03-L01-V01.mp4","mp4","StudyMedia.videoIds + BookToc","yes","بدون ردیف CSV","","","","","صوت/ویدیو: MediaVault؛ تازه‌سازی مشروط در شاخهٔ اصلاحی","1","شناسهٔ رسانه: C903-E03-L01-V01.mp4؛ مسیر قراردادی جدید؛ پیش از آپلود انبوه روی باکت واقعی تأیید شود. | در CSV فعلی upload-map ردیفی ندارد."
"ویدیوی تدریس — حکایت (۴۵)","کتاب‌های درسی · ویدیو","C903_E03-L02","Bucket/Media-files/C903-E03-L02-V01.mp4","https://c539776.parspack.net/Bucket/Media-files/C903-E03-L02-V01.mp4","mp4","StudyMedia.videoIds + BookToc","yes","بدون ردیف CSV","","","","","صوت/ویدیو: MediaVault؛ تازه‌سازی مشروط در شاخهٔ اصلاحی","1","شناسهٔ رسانه: C903-E03-L02-V01.mp4؛ مسیر قراردادی جدید؛ پیش از آپلود انبوه روی باکت واقعی تأیید شود. | در CSV فعلی upload-map ردیفی ندارد."
"ویدیوی تدریس — شعرخوانی (۴۶)","کتاب‌های درسی · ویدیو","C903_E03-L03","Bucket/Media-files/C903-E03-L03-V01.mp4","https://c539776.parspack.net/Bucket/Media-files/C903-E03-L03-V01.mp4","mp4","StudyMedia.videoIds + BookToc","yes","بدون ردیف CSV","","","","","صوت/ویدیو: MediaVault؛ تازه‌سازی مشروط در شاخهٔ اصلاحی","1","شناسهٔ رسانه: C903-E03-L03-V01.mp4؛ مسیر قراردادی جدید؛ پیش از آپلود انبوه روی باکت واقعی تأیید شود. | در CSV فعلی upload-map ردیفی ندارد."
"ویدیوی تدریس — درس ۶ - آداب زندگانی (۴۸)","کتاب‌های درسی · ویدیو","C903_E04-L01","Bucket/Media-files/C903-E04-L01-V01.mp4","https://c539776.parspack.net/Bucket/Media-files/C903-E04-L01-V01.mp4","mp4","StudyMedia.videoIds + BookToc","yes","بدون ردیف CSV","","","","","صوت/ویدیو: MediaVault؛ تازه‌سازی مشروط در شاخهٔ اصلاحی","1","شناسهٔ رسانه: C903-E04-L01-V01.mp4؛ مسیر قراردادی جدید؛ پیش از آپلود انبوه روی باکت واقعی تأیید شود. | در CSV فعلی upload-map ردیفی ندارد."
"ویدیوی تدریس — حکایت: شو، خطرکن! (۵۳)","کتاب‌های درسی · ویدیو","C903_E04-L02","Bucket/Media-files/C903-E04-L02-V01.mp4","https://c539776.parspack.net/Bucket/Media-files/C903-E04-L02-V01.mp4","mp4","StudyMedia.videoIds + BookToc","yes","بدون ردیف CSV","","","","","صوت/ویدیو: MediaVault؛ تازه‌سازی مشروط در شاخهٔ اصلاحی","1","شناسهٔ رسانه: C903-E04-L02-V01.mp4؛ مسیر قراردادی جدید؛ پیش از آپلود انبوه روی باکت واقعی تأیید شود. | در CSV فعلی upload-map ردیفی ندارد."
"ویدیوی تدریس — درس ۷ - پرتو امید (۵۴)","کتاب‌های درسی · ویدیو","C903_E04-L03","Bucket/Media-files/C903-E04-L03-V01.mp4","https://c539776.parspack.net/Bucket/Media-files/C903-E04-L03-V01.mp4","mp4","StudyMedia.videoIds + BookToc","yes","بدون ردیف CSV","","","","","صوت/ویدیو: MediaVault؛ تازه‌سازی مشروط در شاخهٔ اصلاحی","1","شناسهٔ رسانه: C903-E04-L03-V01.mp4؛ مسیر قراردادی جدید؛ پیش از آپلود انبوه روی باکت واقعی تأیید شود. | در CSV فعلی upload-map ردیفی ندارد."
"ویدیوی تدریس — درس ۸ - همزیستی با مام میهن (۵۸)","کتاب‌های درسی · ویدیو","C903_E04-L04","Bucket/Media-files/C903-E04-L04-V01.mp4","https://c539776.parspack.net/Bucket/Media-files/C903-E04-L04-V01.mp4","mp4","StudyMedia.videoIds + BookToc","yes","بدون ردیف CSV","","","","","صوت/ویدیو: MediaVault؛ تازه‌سازی مشروط در شاخهٔ اصلاحی","1","شناسهٔ رسانه: C903-E04-L04-V01.mp4؛ مسیر قراردادی جدید؛ پیش از آپلود انبوه روی باکت واقعی تأیید شود. | در CSV فعلی upload-map ردیفی ندارد."
"ویدیوی تدریس — شعرخوانی: دوراندیشی (۶۴)","کتاب‌های درسی · ویدیو","C903_E04-L05","Bucket/Media-files/C903-E04-L05-V01.mp4","https://c539776.parspack.net/Bucket/Media-files/C903-E04-L05-V01.mp4","mp4","StudyMedia.videoIds + BookToc","yes","بدون ردیف CSV","","","","","صوت/ویدیو: MediaVault؛ تازه‌سازی مشروط در شاخهٔ اصلاحی","1","شناسهٔ رسانه: C903-E04-L05-V01.mp4؛ مسیر قراردادی جدید؛ پیش از آپلود انبوه روی باکت واقعی تأیید شود. | در CSV فعلی upload-map ردیفی ندارد."
"ویدیوی تدریس — درس ۹ - راز موفقیت","کتاب‌های درسی · ویدیو","C903_E05-L01","Bucket/Media-files/C903-E05-L01-V01.mp4","https://c539776.parspack.net/Bucket/Media-files/C903-E05-L01-V01.mp4","mp4","StudyMedia.videoIds + BookToc","yes","بدون ردیف CSV","","","","","صوت/ویدیو: MediaVault؛ تازه‌سازی مشروط در شاخهٔ اصلاحی","1","شناسهٔ رسانه: C903-E05-L01-V01.mp4؛ مسیر قراردادی جدید؛ پیش از آپلود انبوه روی باکت واقعی تأیید شود. | در CSV فعلی upload-map ردیفی ندارد."
"ویدیوی تدریس — درس ۱۰ - آرشی دیگر","کتاب‌های درسی · ویدیو","C903_E05-L02","Bucket/Media-files/C903-E05-L02-V01.mp4","https://c539776.parspack.net/Bucket/Media-files/C903-E05-L02-V01.mp4","mp4","StudyMedia.videoIds + BookToc","yes","بدون ردیف CSV","","","","","صوت/ویدیو: MediaVault؛ تازه‌سازی مشروط در شاخهٔ اصلاحی","1","شناسهٔ رسانه: C903-E05-L02-V01.mp4؛ مسیر قراردادی جدید؛ پیش از آپلود انبوه روی باکت واقعی تأیید شود. | در CSV فعلی upload-map ردیفی ندارد."
"ویدیوی تدریس — حکایت: نیک‌رایان","کتاب‌های درسی · ویدیو","C903_E05-L03","Bucket/Media-files/C903-E05-L03-V01.mp4","https://c539776.parspack.net/Bucket/Media-files/C903-E05-L03-V01.mp4","mp4","StudyMedia.videoIds + BookToc","yes","بدون ردیف CSV","","","","","صوت/ویدیو: MediaVault؛ تازه‌سازی مشروط در شاخهٔ اصلاحی","1","شناسهٔ رسانه: C903-E05-L03-V01.mp4؛ مسیر قراردادی جدید؛ پیش از آپلود انبوه روی باکت واقعی تأیید شود. | در CSV فعلی upload-map ردیفی ندارد."
"ویدیوی تدریس — درس ۱۱ - زن پارسا","کتاب‌های درسی · ویدیو","C903_E05-L04","Bucket/Media-files/C903-E05-L04-V01.mp4","https://c539776.parspack.net/Bucket/Media-files/C903-E05-L04-V01.mp4","mp4","StudyMedia.videoIds + BookToc","yes","بدون ردیف CSV","","","","","صوت/ویدیو: MediaVault؛ تازه‌سازی مشروط در شاخهٔ اصلاحی","1","شناسهٔ رسانه: C903-E05-L04-V01.mp4؛ مسیر قراردادی جدید؛ پیش از آپلود انبوه روی باکت واقعی تأیید شود. | در CSV فعلی upload-map ردیفی ندارد."
"ویدیوی تدریس — روان‌خوانی: دروازه‌ای به آسمان","کتاب‌های درسی · ویدیو","C903_E05-L05","Bucket/Media-files/C903-E05-L05-V01.mp4","https://c539776.parspack.net/Bucket/Media-files/C903-E05-L05-V01.mp4","mp4","StudyMedia.videoIds + BookToc","yes","بدون ردیف CSV","","","","","صوت/ویدیو: MediaVault؛ تازه‌سازی مشروط در شاخهٔ اصلاحی","1","شناسهٔ رسانه: C903-E05-L05-V01.mp4؛ مسیر قراردادی جدید؛ پیش از آپلود انبوه روی باکت واقعی تأیید شود. | در CSV فعلی upload-map ردیفی ندارد."
"ویدیوی تدریس — درس ۱۲ - پیام‌آور رحمت","کتاب‌های درسی · ویدیو","C903_E06-L01","Bucket/Media-files/C903-E06-L01-V01.mp4","https://c539776.parspack.net/Bucket/Media-files/C903-E06-L01-V01.mp4","mp4","StudyMedia.videoIds + BookToc","yes","بدون ردیف CSV","","","","","صوت/ویدیو: MediaVault؛ تازه‌سازی مشروط در شاخهٔ اصلاحی","1","شناسهٔ رسانه: C903-E06-L01-V01.mp4؛ مسیر قراردادی جدید؛ پیش از آپلود انبوه روی باکت واقعی تأیید شود. | در CSV فعلی upload-map ردیفی ندارد."
"ویدیوی تدریس — حکایت: سیرت سلمان","کتاب‌های درسی · ویدیو","C903_E06-L02","Bucket/Media-files/C903-E06-L02-V01.mp4","https://c539776.parspack.net/Bucket/Media-files/C903-E06-L02-V01.mp4","mp4","StudyMedia.videoIds + BookToc","yes","بدون ردیف CSV","","","","","صوت/ویدیو: MediaVault؛ تازه‌سازی مشروط در شاخهٔ اصلاحی","1","شناسهٔ رسانه: C903-E06-L02-V01.mp4؛ مسیر قراردادی جدید؛ پیش از آپلود انبوه روی باکت واقعی تأیید شود. | در CSV فعلی upload-map ردیفی ندارد."
"ویدیوی تدریس — درس ۱۳ - آشنای غریبان","کتاب‌های درسی · ویدیو","C903_E06-L03","Bucket/Media-files/C903-E06-L03-V01.mp4","https://c539776.parspack.net/Bucket/Media-files/C903-E06-L03-V01.mp4","mp4","StudyMedia.videoIds + BookToc","yes","بدون ردیف CSV","","","","","صوت/ویدیو: MediaVault؛ تازه‌سازی مشروط در شاخهٔ اصلاحی","1","شناسهٔ رسانه: C903-E06-L03-V01.mp4؛ مسیر قراردادی جدید؛ پیش از آپلود انبوه روی باکت واقعی تأیید شود. | در CSV فعلی upload-map ردیفی ندارد."
"ویدیوی تدریس — درس ۱۴ - پیدای پنهان","کتاب‌های درسی · ویدیو","C903_E06-L04","Bucket/Media-files/C903-E06-L04-V01.mp4","https://c539776.parspack.net/Bucket/Media-files/C903-E06-L04-V01.mp4","mp4","StudyMedia.videoIds + BookToc","yes","بدون ردیف CSV","","","","","صوت/ویدیو: MediaVault؛ تازه‌سازی مشروط در شاخهٔ اصلاحی","1","شناسهٔ رسانه: C903-E06-L04-V01.mp4؛ مسیر قراردادی جدید؛ پیش از آپلود انبوه روی باکت واقعی تأیید شود. | در CSV فعلی upload-map ردیفی ندارد."
"ویدیوی تدریس — شعرخوانی: بُوَد قدر تو افزون از مالیک","کتاب‌های درسی · ویدیو","C903_E06-L05","Bucket/Media-files/C903-E06-L05-V01.mp4","https://c539776.parspack.net/Bucket/Media-files/C903-E06-L05-V01.mp4","mp4","StudyMedia.videoIds + BookToc","yes","بدون ردیف CSV","","","","","صوت/ویدیو: MediaVault؛ تازه‌سازی مشروط در شاخهٔ اصلاحی","1","شناسهٔ رسانه: C903-E06-L05-V01.mp4؛ مسیر قراردادی جدید؛ پیش از آپلود انبوه روی باکت واقعی تأیید شود. | در CSV فعلی upload-map ردیفی ندارد."
"ویدیوی تدریس — درس ۱۵ - درس آزاد","کتاب‌های درسی · ویدیو","C903_E07-L01","Bucket/Media-files/C903-E07-L01-V01.mp4","https://c539776.parspack.net/Bucket/Media-files/C903-E07-L01-V01.mp4","mp4","StudyMedia.videoIds + BookToc","yes","بدون ردیف CSV","","","","","صوت/ویدیو: MediaVault؛ تازه‌سازی مشروط در شاخهٔ اصلاحی","1","شناسهٔ رسانه: C903-E07-L01-V01.mp4؛ مسیر قراردادی جدید؛ پیش از آپلود انبوه روی باکت واقعی تأیید شود. | در CSV فعلی upload-map ردیفی ندارد."
"ویدیوی تدریس — روان‌خوانی","کتاب‌های درسی · ویدیو","C903_E07-L02","Bucket/Media-files/C903-E07-L02-V01.mp4","https://c539776.parspack.net/Bucket/Media-files/C903-E07-L02-V01.mp4","mp4","StudyMedia.videoIds + BookToc","yes","بدون ردیف CSV","","","","","صوت/ویدیو: MediaVault؛ تازه‌سازی مشروط در شاخهٔ اصلاحی","1","شناسهٔ رسانه: C903-E07-L02-V01.mp4؛ مسیر قراردادی جدید؛ پیش از آپلود انبوه روی باکت واقعی تأیید شود. | در CSV فعلی upload-map ردیفی ندارد."
"ویدیوی تدریس — درس ۱۶ - آرزو","کتاب‌های درسی · ویدیو","C903_E08-L01","Bucket/Media-files/C903-E08-L01-V01.mp4","https://c539776.parspack.net/Bucket/Media-files/C903-E08-L01-V01.mp4","mp4","StudyMedia.videoIds + BookToc","yes","بدون ردیف CSV","","","","","صوت/ویدیو: MediaVault؛ تازه‌سازی مشروط در شاخهٔ اصلاحی","1","شناسهٔ رسانه: C903-E08-L01-V01.mp4؛ مسیر قراردادی جدید؛ پیش از آپلود انبوه روی باکت واقعی تأیید شود. | در CSV فعلی upload-map ردیفی ندارد."
"ویدیوی تدریس — درس ۱۷ - شازده کوچولو","کتاب‌های درسی · ویدیو","C903_E08-L02","Bucket/Media-files/C903-E08-L02-V01.mp4","https://c539776.parspack.net/Bucket/Media-files/C903-E08-L02-V01.mp4","mp4","StudyMedia.videoIds + BookToc","yes","بدون ردیف CSV","","","","","صوت/ویدیو: MediaVault؛ تازه‌سازی مشروط در شاخهٔ اصلاحی","1","شناسهٔ رسانه: C903-E08-L02-V01.mp4؛ مسیر قراردادی جدید؛ پیش از آپلود انبوه روی باکت واقعی تأیید شود. | در CSV فعلی upload-map ردیفی ندارد."
"ویدیوی تدریس — روان‌خوانی: دو نقاش","کتاب‌های درسی · ویدیو","C903_E08-L03","Bucket/Media-files/C903-E08-L03-V01.mp4","https://c539776.parspack.net/Bucket/Media-files/C903-E08-L03-V01.mp4","mp4","StudyMedia.videoIds + BookToc","yes","بدون ردیف CSV","","","","","صوت/ویدیو: MediaVault؛ تازه‌سازی مشروط در شاخهٔ اصلاحی","1","شناسهٔ رسانه: C903-E08-L03-V01.mp4؛ مسیر قراردادی جدید؛ پیش از آپلود انبوه روی باکت واقعی تأیید شود. | در CSV فعلی upload-map ردیفی ندارد."
"ویدیوی تدریس — کتاب‌نامه","کتاب‌های درسی · ویدیو","C903_KETABNAMEH","Bucket/Media-files/C903-KETABNAMEH-V01.mp4","https://c539776.parspack.net/Bucket/Media-files/C903-KETABNAMEH-V01.mp4","mp4","StudyMedia.videoIds + BookToc","yes","بدون ردیف CSV","","","","","صوت/ویدیو: MediaVault؛ تازه‌سازی مشروط در شاخهٔ اصلاحی","1","شناسهٔ رسانه: C903-KETABNAMEH-V01.mp4؛ مسیر قراردادی جدید؛ پیش از آپلود انبوه روی باکت واقعی تأیید شود. | در CSV فعلی upload-map ردیفی ندارد."
"ویدیوی تدریس — نیایش: بیا تا برآریم دستی ز دل","کتاب‌های درسی · ویدیو","C903_NIYAYESH","Bucket/Media-files/C903-NIYAYESH-V01.mp4","https://c539776.parspack.net/Bucket/Media-files/C903-NIYAYESH-V01.mp4","mp4","StudyMedia.videoIds + BookToc","yes","بدون ردیف CSV","","","","","صوت/ویدیو: MediaVault؛ تازه‌سازی مشروط در شاخهٔ اصلاحی","1","شناسهٔ رسانه: C903-NIYAYESH-V01.mp4؛ مسیر قراردادی جدید؛ پیش از آپلود انبوه روی باکت واقعی تأیید شود. | در CSV فعلی upload-map ردیفی ندارد."
"ویدیوی تدریس — ستایش: به نام خداوند جان و خرد (۹)","کتاب‌های درسی · ویدیو","C903_SETAYESH","Bucket/Media-files/C903-SETAYESH-V01.mp4","https://c539776.parspack.net/Bucket/Media-files/C903-SETAYESH-V01.mp4","mp4","StudyMedia.videoIds + BookToc","yes","بدون ردیف CSV","","","","","صوت/ویدیو: MediaVault؛ تازه‌سازی مشروط در شاخهٔ اصلاحی","1","شناسهٔ رسانه: C903-SETAYESH-V01.mp4؛ مسیر قراردادی جدید؛ پیش از آپلود انبوه روی باکت واقعی تأیید شود. | در CSV فعلی upload-map ردیفی ندارد."
"ویدیوی تدریس — واژه‌نامه","کتاب‌های درسی · ویدیو","C903_VAJEH","Bucket/Media-files/C903-VAJEH-V01.mp4","https://c539776.parspack.net/Bucket/Media-files/C903-VAJEH-V01.mp4","mp4","StudyMedia.videoIds + BookToc","yes","بدون ردیف CSV","","","","","صوت/ویدیو: MediaVault؛ تازه‌سازی مشروط در شاخهٔ اصلاحی","1","شناسهٔ رسانه: C903-VAJEH-V01.mp4؛ مسیر قراردادی جدید؛ پیش از آپلود انبوه روی باکت واقعی تأیید شود. | در CSV فعلی upload-map ردیفی ندارد."
"ویدیوی تدریس — درس اول - نظام ذهنی «پرورده» و «بند» بنویسیم","کتاب‌های درسی · ویدیو","C904_L01","Bucket/Media-files/C904-L01-V01.mp4","https://c539776.parspack.net/Bucket/Media-files/C904-L01-V01.mp4","mp4","StudyMedia.videoIds + BookToc","yes","بدون ردیف CSV","","","","","صوت/ویدیو: MediaVault؛ تازه‌سازی مشروط در شاخهٔ اصلاحی","1","شناسهٔ رسانه: C904-L01-V01.mp4؛ مسیر قراردادی جدید؛ پیش از آپلود انبوه روی باکت واقعی تأیید شود. | در CSV فعلی upload-map ردیفی ندارد."
"ویدیوی تدریس — درس دوم - واژه‌ها را بشناسیم، گزینش کنیم و به کار بگیریم","کتاب‌های درسی · ویدیو","C904_L02","Bucket/Media-files/C904-L02-V01.mp4","https://c539776.parspack.net/Bucket/Media-files/C904-L02-V01.mp4","mp4","StudyMedia.videoIds + BookToc","yes","بدون ردیف CSV","","","","","صوت/ویدیو: MediaVault؛ تازه‌سازی مشروط در شاخهٔ اصلاحی","1","شناسهٔ رسانه: C904-L02-V01.mp4؛ مسیر قراردادی جدید؛ پیش از آپلود انبوه روی باکت واقعی تأیید شود. | در CSV فعلی upload-map ردیفی ندارد."
"ویدیوی تدریس — درس سوم - نوع زبان نوشته را انتخاب کنیم","کتاب‌های درسی · ویدیو","C904_L03","Bucket/Media-files/C904-L03-V01.mp4","https://c539776.parspack.net/Bucket/Media-files/C904-L03-V01.mp4","mp4","StudyMedia.videoIds + BookToc","yes","بدون ردیف CSV","","","","","صوت/ویدیو: MediaVault؛ تازه‌سازی مشروط در شاخهٔ اصلاحی","1","شناسهٔ رسانه: C904-L03-V01.mp4؛ مسیر قراردادی جدید؛ پیش از آپلود انبوه روی باکت واقعی تأیید شود. | در CSV فعلی upload-map ردیفی ندارد."
"ویدیوی تدریس — درس چهارم - فضا و رنگ نوشته را تغییر دهیم","کتاب‌های درسی · ویدیو","C904_L04","Bucket/Media-files/C904-L04-V01.mp4","https://c539776.parspack.net/Bucket/Media-files/C904-L04-V01.mp4","mp4","StudyMedia.videoIds + BookToc","yes","بدون ردیف CSV","","","","","صوت/ویدیو: MediaVault؛ تازه‌سازی مشروط در شاخهٔ اصلاحی","1","شناسهٔ رسانه: C904-L04-V01.mp4؛ مسیر قراردادی جدید؛ پیش از آپلود انبوه روی باکت واقعی تأیید شود. | در CSV فعلی upload-map ردیفی ندارد."
"ویدیوی تدریس — درس پنجم - نوشته را به خوش آغاز کنیم؛ زیبا به پایان ببریم و نیکو نام‌گذاری کنیم","کتاب‌های درسی · ویدیو","C904_L05","Bucket/Media-files/C904-L05-V01.mp4","https://c539776.parspack.net/Bucket/Media-files/C904-L05-V01.mp4","mp4","StudyMedia.videoIds + BookToc","yes","بدون ردیف CSV","","","","","صوت/ویدیو: MediaVault؛ تازه‌سازی مشروط در شاخهٔ اصلاحی","1","شناسهٔ رسانه: C904-L05-V01.mp4؛ مسیر قراردادی جدید؛ پیش از آپلود انبوه روی باکت واقعی تأیید شود. | در CSV فعلی upload-map ردیفی ندارد."
"ویدیوی تدریس — درس ششم - قالبی برای نوشتن برگزینیم","کتاب‌های درسی · ویدیو","C904_L06","Bucket/Media-files/C904-L06-V01.mp4","https://c539776.parspack.net/Bucket/Media-files/C904-L06-V01.mp4","mp4","StudyMedia.videoIds + BookToc","yes","بدون ردیف CSV","","","","","صوت/ویدیو: MediaVault؛ تازه‌سازی مشروط در شاخهٔ اصلاحی","1","شناسهٔ رسانه: C904-L06-V01.mp4؛ مسیر قراردادی جدید؛ پیش از آپلود انبوه روی باکت واقعی تأیید شود. | در CSV فعلی upload-map ردیفی ندارد."
"ویدیوی تدریس — درس هفتم - وسعت و عمق نوشته را بیشتر کنیم","کتاب‌های درسی · ویدیو","C904_L07","Bucket/Media-files/C904-L07-V01.mp4","https://c539776.parspack.net/Bucket/Media-files/C904-L07-V01.mp4","mp4","StudyMedia.videoIds + BookToc","yes","بدون ردیف CSV","","","","","صوت/ویدیو: MediaVault؛ تازه‌سازی مشروط در شاخهٔ اصلاحی","1","شناسهٔ رسانه: C904-L07-V01.mp4؛ مسیر قراردادی جدید؛ پیش از آپلود انبوه روی باکت واقعی تأیید شود. | در CSV فعلی upload-map ردیفی ندارد."
"ویدیوی تدریس — درس هشتم - نوشته را ویرایش کنیم","کتاب‌های درسی · ویدیو","C904_L08","Bucket/Media-files/C904-L08-V01.mp4","https://c539776.parspack.net/Bucket/Media-files/C904-L08-V01.mp4","mp4","StudyMedia.videoIds + BookToc","yes","بدون ردیف CSV","","","","","صوت/ویدیو: MediaVault؛ تازه‌سازی مشروط در شاخهٔ اصلاحی","1","شناسهٔ رسانه: C904-L08-V01.mp4؛ مسیر قراردادی جدید؛ پیش از آپلود انبوه روی باکت واقعی تأیید شود. | در CSV فعلی upload-map ردیفی ندارد."
"ویدیوی تدریس — درس اول: معرفی مجموعه (۲)","کتاب‌های درسی · ویدیو","C905_E01-L01","Bucket/Media-files/C905-E01-L01-V01.mp4","https://c539776.parspack.net/Bucket/Media-files/C905-E01-L01-V01.mp4","mp4","StudyMedia.videoIds + BookToc","yes","بدون ردیف CSV","","","","","صوت/ویدیو: MediaVault؛ تازه‌سازی مشروط در شاخهٔ اصلاحی","1","شناسهٔ رسانه: C905-E01-L01-V01.mp4؛ مسیر قراردادی جدید؛ پیش از آپلود انبوه روی باکت واقعی تأیید شود. | در CSV فعلی upload-map ردیفی ندارد."
"ویدیوی تدریس — درس دوم: مجموعه‌های برابر و نمایش مجموعه‌ها (۶)","کتاب‌های درسی · ویدیو","C905_E01-L02","Bucket/Media-files/C905-E01-L02-V01.mp4","https://c539776.parspack.net/Bucket/Media-files/C905-E01-L02-V01.mp4","mp4","StudyMedia.videoIds + BookToc","yes","بدون ردیف CSV","","","","","صوت/ویدیو: MediaVault؛ تازه‌سازی مشروط در شاخهٔ اصلاحی","1","شناسهٔ رسانه: C905-E01-L02-V01.mp4؛ مسیر قراردادی جدید؛ پیش از آپلود انبوه روی باکت واقعی تأیید شود. | در CSV فعلی upload-map ردیفی ندارد."
"ویدیوی تدریس — درس سوم: اجتماع، اشتراک و تفاضلِ مجموعه‌ها (۱۱)","کتاب‌های درسی · ویدیو","C905_E01-L03","Bucket/Media-files/C905-E01-L03-V01.mp4","https://c539776.parspack.net/Bucket/Media-files/C905-E01-L03-V01.mp4","mp4","StudyMedia.videoIds + BookToc","yes","بدون ردیف CSV","","","","","صوت/ویدیو: MediaVault؛ تازه‌سازی مشروط در شاخهٔ اصلاحی","1","شناسهٔ رسانه: C905-E01-L03-V01.mp4؛ مسیر قراردادی جدید؛ پیش از آپلود انبوه روی باکت واقعی تأیید شود. | در CSV فعلی upload-map ردیفی ندارد."
"ویدیوی تدریس — درس چهارم: مجموعه‌ها و احتمال (۱۵)","کتاب‌های درسی · ویدیو","C905_E01-L04","Bucket/Media-files/C905-E01-L04-V01.mp4","https://c539776.parspack.net/Bucket/Media-files/C905-E01-L04-V01.mp4","mp4","StudyMedia.videoIds + BookToc","yes","بدون ردیف CSV","","","","","صوت/ویدیو: MediaVault؛ تازه‌سازی مشروط در شاخهٔ اصلاحی","1","شناسهٔ رسانه: C905-E01-L04-V01.mp4؛ مسیر قراردادی جدید؛ پیش از آپلود انبوه روی باکت واقعی تأیید شود. | در CSV فعلی upload-map ردیفی ندارد."
"ویدیوی تدریس — جمع‌بندی فصل ۱","کتاب‌های درسی · ویدیو","C905_E01-SUM","Bucket/Media-files/C905-E01-SUM-V01.mp4","https://c539776.parspack.net/Bucket/Media-files/C905-E01-SUM-V01.mp4","mp4","StudyMedia.videoIds + BookToc","yes","بدون ردیف CSV","","","","","صوت/ویدیو: MediaVault؛ تازه‌سازی مشروط در شاخهٔ اصلاحی","1","شناسهٔ رسانه: C905-E01-SUM-V01.mp4؛ مسیر قراردادی جدید؛ پیش از آپلود انبوه روی باکت واقعی تأیید شود. | در CSV فعلی upload-map ردیفی ندارد."
"ویدیوی تدریس — درس اول: عددهای گویا (۱۹)","کتاب‌های درسی · ویدیو","C905_E02-L01","Bucket/Media-files/C905-E02-L01-V01.mp4","https://c539776.parspack.net/Bucket/Media-files/C905-E02-L01-V01.mp4","mp4","StudyMedia.videoIds + BookToc","yes","بدون ردیف CSV","","","","","صوت/ویدیو: MediaVault؛ تازه‌سازی مشروط در شاخهٔ اصلاحی","1","شناسهٔ رسانه: C905-E02-L01-V01.mp4؛ مسیر قراردادی جدید؛ پیش از آپلود انبوه روی باکت واقعی تأیید شود. | در CSV فعلی upload-map ردیفی ندارد."
"ویدیوی تدریس — درس دوم: عددهای حقیقی (۲۳)","کتاب‌های درسی · ویدیو","C905_E02-L02","Bucket/Media-files/C905-E02-L02-V01.mp4","https://c539776.parspack.net/Bucket/Media-files/C905-E02-L02-V01.mp4","mp4","StudyMedia.videoIds + BookToc","yes","بدون ردیف CSV","","","","","صوت/ویدیو: MediaVault؛ تازه‌سازی مشروط در شاخهٔ اصلاحی","1","شناسهٔ رسانه: C905-E02-L02-V01.mp4؛ مسیر قراردادی جدید؛ پیش از آپلود انبوه روی باکت واقعی تأیید شود. | در CSV فعلی upload-map ردیفی ندارد."
"ویدیوی تدریس — درس سوم: قدر مطلق و محاسبهٔ تقریبی (۲۸)","کتاب‌های درسی · ویدیو","C905_E02-L03","Bucket/Media-files/C905-E02-L03-V01.mp4","https://c539776.parspack.net/Bucket/Media-files/C905-E02-L03-V01.mp4","mp4","StudyMedia.videoIds + BookToc","yes","بدون ردیف CSV","","","","","صوت/ویدیو: MediaVault؛ تازه‌سازی مشروط در شاخهٔ اصلاحی","1","شناسهٔ رسانه: C905-E02-L03-V01.mp4؛ مسیر قراردادی جدید؛ پیش از آپلود انبوه روی باکت واقعی تأیید شود. | در CSV فعلی upload-map ردیفی ندارد."
"ویدیوی تدریس — جمع‌بندی فصل ۲","کتاب‌های درسی · ویدیو","C905_E02-SUM","Bucket/Media-files/C905-E02-SUM-V01.mp4","https://c539776.parspack.net/Bucket/Media-files/C905-E02-SUM-V01.mp4","mp4","StudyMedia.videoIds + BookToc","yes","بدون ردیف CSV","","","","","صوت/ویدیو: MediaVault؛ تازه‌سازی مشروط در شاخهٔ اصلاحی","1","شناسهٔ رسانه: C905-E02-SUM-V01.mp4؛ مسیر قراردادی جدید؛ پیش از آپلود انبوه روی باکت واقعی تأیید شود. | در CSV فعلی upload-map ردیفی ندارد."
"ویدیوی تدریس — درس اول: استدلال (۳۳)","کتاب‌های درسی · ویدیو","C905_E03-L01","Bucket/Media-files/C905-E03-L01-V01.mp4","https://c539776.parspack.net/Bucket/Media-files/C905-E03-L01-V01.mp4","mp4","StudyMedia.videoIds + BookToc","yes","بدون ردیف CSV","","","","","صوت/ویدیو: MediaVault؛ تازه‌سازی مشروط در شاخهٔ اصلاحی","1","شناسهٔ رسانه: C905-E03-L01-V01.mp4؛ مسیر قراردادی جدید؛ پیش از آپلود انبوه روی باکت واقعی تأیید شود. | در CSV فعلی upload-map ردیفی ندارد."
"ویدیوی تدریس — درس دوم: آشنایی با اثبات در هندسه (۳۷)","کتاب‌های درسی · ویدیو","C905_E03-L02","Bucket/Media-files/C905-E03-L02-V01.mp4","https://c539776.parspack.net/Bucket/Media-files/C905-E03-L02-V01.mp4","mp4","StudyMedia.videoIds + BookToc","yes","بدون ردیف CSV","","","","","صوت/ویدیو: MediaVault؛ تازه‌سازی مشروط در شاخهٔ اصلاحی","1","شناسهٔ رسانه: C905-E03-L02-V01.mp4؛ مسیر قراردادی جدید؛ پیش از آپلود انبوه روی باکت واقعی تأیید شود. | در CSV فعلی upload-map ردیفی ندارد."
"ویدیوی تدریس — درس سوم: هم‌نهشتی مثلث‌ها (۴۴)","کتاب‌های درسی · ویدیو","C905_E03-L03","Bucket/Media-files/C905-E03-L03-V01.mp4","https://c539776.parspack.net/Bucket/Media-files/C905-E03-L03-V01.mp4","mp4","StudyMedia.videoIds + BookToc","yes","بدون ردیف CSV","","","","","صوت/ویدیو: MediaVault؛ تازه‌سازی مشروط در شاخهٔ اصلاحی","1","شناسهٔ رسانه: C905-E03-L03-V01.mp4؛ مسیر قراردادی جدید؛ پیش از آپلود انبوه روی باکت واقعی تأیید شود. | در CSV فعلی upload-map ردیفی ندارد."
"ویدیوی تدریس — درس چهارم: حل مسئله در هندسه (۴۹)","کتاب‌های درسی · ویدیو","C905_E03-L04","Bucket/Media-files/C905-E03-L04-V01.mp4","https://c539776.parspack.net/Bucket/Media-files/C905-E03-L04-V01.mp4","mp4","StudyMedia.videoIds + BookToc","yes","بدون ردیف CSV","","","","","صوت/ویدیو: MediaVault؛ تازه‌سازی مشروط در شاخهٔ اصلاحی","1","شناسهٔ رسانه: C905-E03-L04-V01.mp4؛ مسیر قراردادی جدید؛ پیش از آپلود انبوه روی باکت واقعی تأیید شود. | در CSV فعلی upload-map ردیفی ندارد."
"ویدیوی تدریس — درس پنجم: شکل‌های متشابه (۵۳)","کتاب‌های درسی · ویدیو","C905_E03-L05","Bucket/Media-files/C905-E03-L05-V01.mp4","https://c539776.parspack.net/Bucket/Media-files/C905-E03-L05-V01.mp4","mp4","StudyMedia.videoIds + BookToc","yes","بدون ردیف CSV","","","","","صوت/ویدیو: MediaVault؛ تازه‌سازی مشروط در شاخهٔ اصلاحی","1","شناسهٔ رسانه: C905-E03-L05-V01.mp4؛ مسیر قراردادی جدید؛ پیش از آپلود انبوه روی باکت واقعی تأیید شود. | در CSV فعلی upload-map ردیفی ندارد."
"ویدیوی تدریس — جمع‌بندی فصل ۳","کتاب‌های درسی · ویدیو","C905_E03-SUM","Bucket/Media-files/C905-E03-SUM-V01.mp4","https://c539776.parspack.net/Bucket/Media-files/C905-E03-SUM-V01.mp4","mp4","StudyMedia.videoIds + BookToc","yes","بدون ردیف CSV","","","","","صوت/ویدیو: MediaVault؛ تازه‌سازی مشروط در شاخهٔ اصلاحی","1","شناسهٔ رسانه: C905-E03-SUM-V01.mp4؛ مسیر قراردادی جدید؛ پیش از آپلود انبوه روی باکت واقعی تأیید شود. | در CSV فعلی upload-map ردیفی ندارد."
"ویدیوی تدریس — درس اول: توان صحیح (۶۰)","کتاب‌های درسی · ویدیو","C905_E04-L01","Bucket/Media-files/C905-E04-L01-V01.mp4","https://c539776.parspack.net/Bucket/Media-files/C905-E04-L01-V01.mp4","mp4","StudyMedia.videoIds + BookToc","yes","بدون ردیف CSV","","","","","صوت/ویدیو: MediaVault؛ تازه‌سازی مشروط در شاخهٔ اصلاحی","1","شناسهٔ رسانه: C905-E04-L01-V01.mp4؛ مسیر قراردادی جدید؛ پیش از آپلود انبوه روی باکت واقعی تأیید شود. | در CSV فعلی upload-map ردیفی ندارد."
"ویدیوی تدریس — درس دوم: نماد علمی (۶۵)","کتاب‌های درسی · ویدیو","C905_E04-L02","Bucket/Media-files/C905-E04-L02-V01.mp4","https://c539776.parspack.net/Bucket/Media-files/C905-E04-L02-V01.mp4","mp4","StudyMedia.videoIds + BookToc","yes","بدون ردیف CSV","","","","","صوت/ویدیو: MediaVault؛ تازه‌سازی مشروط در شاخهٔ اصلاحی","1","شناسهٔ رسانه: C905-E04-L02-V01.mp4؛ مسیر قراردادی جدید؛ پیش از آپلود انبوه روی باکت واقعی تأیید شود. | در CSV فعلی upload-map ردیفی ندارد."
"ویدیوی تدریس — درس سوم: ریشه‌گیری (۶۸)","کتاب‌های درسی · ویدیو","C905_E04-L03","Bucket/Media-files/C905-E04-L03-V01.mp4","https://c539776.parspack.net/Bucket/Media-files/C905-E04-L03-V01.mp4","mp4","StudyMedia.videoIds + BookToc","yes","بدون ردیف CSV","","","","","صوت/ویدیو: MediaVault؛ تازه‌سازی مشروط در شاخهٔ اصلاحی","1","شناسهٔ رسانه: C905-E04-L03-V01.mp4؛ مسیر قراردادی جدید؛ پیش از آپلود انبوه روی باکت واقعی تأیید شود. | در CSV فعلی upload-map ردیفی ندارد."
"ویدیوی تدریس — درس چهارم: جمع و تفریق رادیکال‌ها (۷۳)","کتاب‌های درسی · ویدیو","C905_E04-L04","Bucket/Media-files/C905-E04-L04-V01.mp4","https://c539776.parspack.net/Bucket/Media-files/C905-E04-L04-V01.mp4","mp4","StudyMedia.videoIds + BookToc","yes","بدون ردیف CSV","","","","","صوت/ویدیو: MediaVault؛ تازه‌سازی مشروط در شاخهٔ اصلاحی","1","شناسهٔ رسانه: C905-E04-L04-V01.mp4؛ مسیر قراردادی جدید؛ پیش از آپلود انبوه روی باکت واقعی تأیید شود. | در CSV فعلی upload-map ردیفی ندارد."
"ویدیوی تدریس — جمع‌بندی فصل ۴","کتاب‌های درسی · ویدیو","C905_E04-SUM","Bucket/Media-files/C905-E04-SUM-V01.mp4","https://c539776.parspack.net/Bucket/Media-files/C905-E04-SUM-V01.mp4","mp4","StudyMedia.videoIds + BookToc","yes","بدون ردیف CSV","","","","","صوت/ویدیو: MediaVault؛ تازه‌سازی مشروط در شاخهٔ اصلاحی","1","شناسهٔ رسانه: C905-E04-SUM-V01.mp4؛ مسیر قراردادی جدید؛ پیش از آپلود انبوه روی باکت واقعی تأیید شود. | در CSV فعلی upload-map ردیفی ندارد."
"ویدیوی تدریس — درس اول: عبارت‌های جبری و مفهوم اتحاد (۷۹)","کتاب‌های درسی · ویدیو","C905_E05-L01","Bucket/Media-files/C905-E05-L01-V01.mp4","https://c539776.parspack.net/Bucket/Media-files/C905-E05-L01-V01.mp4","mp4","StudyMedia.videoIds + BookToc","yes","بدون ردیف CSV","","","","","صوت/ویدیو: MediaVault؛ تازه‌سازی مشروط در شاخهٔ اصلاحی","1","شناسهٔ رسانه: C905-E05-L01-V01.mp4؛ مسیر قراردادی جدید؛ پیش از آپلود انبوه روی باکت واقعی تأیید شود. | در CSV فعلی upload-map ردیفی ندارد."
"ویدیوی تدریس — درس دوم: چند اتحاد دیگر، تجزیه و کاربردها (۸۶)","کتاب‌های درسی · ویدیو","C905_E05-L02","Bucket/Media-files/C905-E05-L02-V01.mp4","https://c539776.parspack.net/Bucket/Media-files/C905-E05-L02-V01.mp4","mp4","StudyMedia.videoIds + BookToc","yes","بدون ردیف CSV","","","","","صوت/ویدیو: MediaVault؛ تازه‌سازی مشروط در شاخهٔ اصلاحی","1","شناسهٔ رسانه: C905-E05-L02-V01.mp4؛ مسیر قراردادی جدید؛ پیش از آپلود انبوه روی باکت واقعی تأیید شود. | در CSV فعلی upload-map ردیفی ندارد."
"ویدیوی تدریس — درس سوم: نابرابری‌ها و نامعادله‌ها (۹۰)","کتاب‌های درسی · ویدیو","C905_E05-L03","Bucket/Media-files/C905-E05-L03-V01.mp4","https://c539776.parspack.net/Bucket/Media-files/C905-E05-L03-V01.mp4","mp4","StudyMedia.videoIds + BookToc","yes","بدون ردیف CSV","","","","","صوت/ویدیو: MediaVault؛ تازه‌سازی مشروط در شاخهٔ اصلاحی","1","شناسهٔ رسانه: C905-E05-L03-V01.mp4؛ مسیر قراردادی جدید؛ پیش از آپلود انبوه روی باکت واقعی تأیید شود. | در CSV فعلی upload-map ردیفی ندارد."
"ویدیوی تدریس — جمع‌بندی فصل ۵","کتاب‌های درسی · ویدیو","C905_E05-SUM","Bucket/Media-files/C905-E05-SUM-V01.mp4","https://c539776.parspack.net/Bucket/Media-files/C905-E05-SUM-V01.mp4","mp4","StudyMedia.videoIds + BookToc","yes","بدون ردیف CSV","","","","","صوت/ویدیو: MediaVault؛ تازه‌سازی مشروط در شاخهٔ اصلاحی","1","شناسهٔ رسانه: C905-E05-SUM-V01.mp4؛ مسیر قراردادی جدید؛ پیش از آپلود انبوه روی باکت واقعی تأیید شود. | در CSV فعلی upload-map ردیفی ندارد."
"ویدیوی تدریس — درس اول: معادلهٔ خط (۹۶)","کتاب‌های درسی · ویدیو","C905_E06-L01","Bucket/Media-files/C905-E06-L01-V01.mp4","https://c539776.parspack.net/Bucket/Media-files/C905-E06-L01-V01.mp4","mp4","StudyMedia.videoIds + BookToc","yes","بدون ردیف CSV","","","","","صوت/ویدیو: MediaVault؛ تازه‌سازی مشروط در شاخهٔ اصلاحی","1","شناسهٔ رسانه: C905-E06-L01-V01.mp4؛ مسیر قراردادی جدید؛ پیش از آپلود انبوه روی باکت واقعی تأیید شود. | در CSV فعلی upload-map ردیفی ندارد."
"ویدیوی تدریس — درس دوم: شیب خط و عرض از مبدأ (۱۰۲)","کتاب‌های درسی · ویدیو","C905_E06-L02","Bucket/Media-files/C905-E06-L02-V01.mp4","https://c539776.parspack.net/Bucket/Media-files/C905-E06-L02-V01.mp4","mp4","StudyMedia.videoIds + BookToc","yes","بدون ردیف CSV","","","","","صوت/ویدیو: MediaVault؛ تازه‌سازی مشروط در شاخهٔ اصلاحی","1","شناسهٔ رسانه: C905-E06-L02-V01.mp4؛ مسیر قراردادی جدید؛ پیش از آپلود انبوه روی باکت واقعی تأیید شود. | در CSV فعلی upload-map ردیفی ندارد."
"ویدیوی تدریس — درس سوم: دستگاه معادله‌های خطی (۱۰۸)","کتاب‌های درسی · ویدیو","C905_E06-L03","Bucket/Media-files/C905-E06-L03-V01.mp4","https://c539776.parspack.net/Bucket/Media-files/C905-E06-L03-V01.mp4","mp4","StudyMedia.videoIds + BookToc","yes","بدون ردیف CSV","","","","","صوت/ویدیو: MediaVault؛ تازه‌سازی مشروط در شاخهٔ اصلاحی","1","شناسهٔ رسانه: C905-E06-L03-V01.mp4؛ مسیر قراردادی جدید؛ پیش از آپلود انبوه روی باکت واقعی تأیید شود. | در CSV فعلی upload-map ردیفی ندارد."
"ویدیوی تدریس — جمع‌بندی فصل ۶","کتاب‌های درسی · ویدیو","C905_E06-SUM","Bucket/Media-files/C905-E06-SUM-V01.mp4","https://c539776.parspack.net/Bucket/Media-files/C905-E06-SUM-V01.mp4","mp4","StudyMedia.videoIds + BookToc","yes","بدون ردیف CSV","","","","","صوت/ویدیو: MediaVault؛ تازه‌سازی مشروط در شاخهٔ اصلاحی","1","شناسهٔ رسانه: C905-E06-SUM-V01.mp4؛ مسیر قراردادی جدید؛ پیش از آپلود انبوه روی باکت واقعی تأیید شود. | در CSV فعلی upload-map ردیفی ندارد."
"ویدیوی تدریس — درس اول: معرفی و ساده‌کردن عبارت‌های گویا (۱۱۴)","کتاب‌های درسی · ویدیو","C905_E07-L01","Bucket/Media-files/C905-E07-L01-V01.mp4","https://c539776.parspack.net/Bucket/Media-files/C905-E07-L01-V01.mp4","mp4","StudyMedia.videoIds + BookToc","yes","بدون ردیف CSV","","","","","صوت/ویدیو: MediaVault؛ تازه‌سازی مشروط در شاخهٔ اصلاحی","1","شناسهٔ رسانه: C905-E07-L01-V01.mp4؛ مسیر قراردادی جدید؛ پیش از آپلود انبوه روی باکت واقعی تأیید شود. | در CSV فعلی upload-map ردیفی ندارد."
"ویدیوی تدریس — درس دوم: محاسبات عبارت‌های گویا (۱۱۹)","کتاب‌های درسی · ویدیو","C905_E07-L02","Bucket/Media-files/C905-E07-L02-V01.mp4","https://c539776.parspack.net/Bucket/Media-files/C905-E07-L02-V01.mp4","mp4","StudyMedia.videoIds + BookToc","yes","بدون ردیف CSV","","","","","صوت/ویدیو: MediaVault؛ تازه‌سازی مشروط در شاخهٔ اصلاحی","1","شناسهٔ رسانه: C905-E07-L02-V01.mp4؛ مسیر قراردادی جدید؛ پیش از آپلود انبوه روی باکت واقعی تأیید شود. | در CSV فعلی upload-map ردیفی ندارد."
"ویدیوی تدریس — درس سوم: تقسیم چندجمله‌ای‌ها (۱۲۶)","کتاب‌های درسی · ویدیو","C905_E07-L03","Bucket/Media-files/C905-E07-L03-V01.mp4","https://c539776.parspack.net/Bucket/Media-files/C905-E07-L03-V01.mp4","mp4","StudyMedia.videoIds + BookToc","yes","بدون ردیف CSV","","","","","صوت/ویدیو: MediaVault؛ تازه‌سازی مشروط در شاخهٔ اصلاحی","1","شناسهٔ رسانه: C905-E07-L03-V01.mp4؛ مسیر قراردادی جدید؛ پیش از آپلود انبوه روی باکت واقعی تأیید شود. | در CSV فعلی upload-map ردیفی ندارد."
"ویدیوی تدریس — جمع‌بندی فصل ۷","کتاب‌های درسی · ویدیو","C905_E07-SUM","Bucket/Media-files/C905-E07-SUM-V01.mp4","https://c539776.parspack.net/Bucket/Media-files/C905-E07-SUM-V01.mp4","mp4","StudyMedia.videoIds + BookToc","yes","بدون ردیف CSV","","","","","صوت/ویدیو: MediaVault؛ تازه‌سازی مشروط در شاخهٔ اصلاحی","1","شناسهٔ رسانه: C905-E07-SUM-V01.mp4؛ مسیر قراردادی جدید؛ پیش از آپلود انبوه روی باکت واقعی تأیید شود. | در CSV فعلی upload-map ردیفی ندارد."
"ویدیوی تدریس — درس اول: حجم و مساحت کره (۱۳۱)","کتاب‌های درسی · ویدیو","C905_E08-L01","Bucket/Media-files/C905-E08-L01-V01.mp4","https://c539776.parspack.net/Bucket/Media-files/C905-E08-L01-V01.mp4","mp4","StudyMedia.videoIds + BookToc","yes","بدون ردیف CSV","","","","","صوت/ویدیو: MediaVault؛ تازه‌سازی مشروط در شاخهٔ اصلاحی","1","شناسهٔ رسانه: C905-E08-L01-V01.mp4؛ مسیر قراردادی جدید؛ پیش از آپلود انبوه روی باکت واقعی تأیید شود. | در CSV فعلی upload-map ردیفی ندارد."
"ویدیوی تدریس — درس دوم: حجم هرم و مخروط (۱۳۵)","کتاب‌های درسی · ویدیو","C905_E08-L02","Bucket/Media-files/C905-E08-L02-V01.mp4","https://c539776.parspack.net/Bucket/Media-files/C905-E08-L02-V01.mp4","mp4","StudyMedia.videoIds + BookToc","yes","بدون ردیف CSV","","","","","صوت/ویدیو: MediaVault؛ تازه‌سازی مشروط در شاخهٔ اصلاحی","1","شناسهٔ رسانه: C905-E08-L02-V01.mp4؛ مسیر قراردادی جدید؛ پیش از آپلود انبوه روی باکت واقعی تأیید شود. | در CSV فعلی upload-map ردیفی ندارد."
"ویدیوی تدریس — درس سوم: سطح و حجم (۱۴۰)","کتاب‌های درسی · ویدیو","C905_E08-L03","Bucket/Media-files/C905-E08-L03-V01.mp4","https://c539776.parspack.net/Bucket/Media-files/C905-E08-L03-V01.mp4","mp4","StudyMedia.videoIds + BookToc","yes","بدون ردیف CSV","","","","","صوت/ویدیو: MediaVault؛ تازه‌سازی مشروط در شاخهٔ اصلاحی","1","شناسهٔ رسانه: C905-E08-L03-V01.mp4؛ مسیر قراردادی جدید؛ پیش از آپلود انبوه روی باکت واقعی تأیید شود. | در CSV فعلی upload-map ردیفی ندارد."
"ویدیوی تدریس — جمع‌بندی فصل ۸","کتاب‌های درسی · ویدیو","C905_E08-SUM","Bucket/Media-files/C905-E08-SUM-V01.mp4","https://c539776.parspack.net/Bucket/Media-files/C905-E08-SUM-V01.mp4","mp4","StudyMedia.videoIds + BookToc","yes","بدون ردیف CSV","","","","","صوت/ویدیو: MediaVault؛ تازه‌سازی مشروط در شاخهٔ اصلاحی","1","شناسهٔ رسانه: C905-E08-SUM-V01.mp4؛ مسیر قراردادی جدید؛ پیش از آپلود انبوه روی باکت واقعی تأیید شود. | در CSV فعلی upload-map ردیفی ندارد."
"ویدیوی تدریس — فهرست","کتاب‌های درسی · ویدیو","C905_TOC","Bucket/Media-files/C905-TOC-V01.mp4","https://c539776.parspack.net/Bucket/Media-files/C905-TOC-V01.mp4","mp4","StudyMedia.videoIds + BookToc","yes","بدون ردیف CSV","","","","","صوت/ویدیو: MediaVault؛ تازه‌سازی مشروط در شاخهٔ اصلاحی","1","شناسهٔ رسانه: C905-TOC-V01.mp4؛ مسیر قراردادی جدید؛ پیش از آپلود انبوه روی باکت واقعی تأیید شود. | در CSV فعلی upload-map ردیفی ندارد."
"ویدیوی تدریس — فصل اول: مواد و نقش آن‌ها در زندگی (۱)","کتاب‌های درسی · ویدیو","C906_E01-L01","Bucket/Media-files/C906-E01-L01-V01.mp4","https://c539776.parspack.net/Bucket/Media-files/C906-E01-L01-V01.mp4","mp4","StudyMedia.videoIds + BookToc","yes","بدون ردیف CSV","","","","","صوت/ویدیو: MediaVault؛ تازه‌سازی مشروط در شاخهٔ اصلاحی","1","شناسهٔ رسانه: C906-E01-L01-V01.mp4؛ مسیر قراردادی جدید؛ پیش از آپلود انبوه روی باکت واقعی تأیید شود. | در CSV فعلی upload-map ردیفی ندارد."
"ویدیوی تدریس — فصل دوم: رفتار اتم‌ها با یکدیگر (۱۳)","کتاب‌های درسی · ویدیو","C906_E02-L01","Bucket/Media-files/C906-E02-L01-V01.mp4","https://c539776.parspack.net/Bucket/Media-files/C906-E02-L01-V01.mp4","mp4","StudyMedia.videoIds + BookToc","yes","بدون ردیف CSV","","","","","صوت/ویدیو: MediaVault؛ تازه‌سازی مشروط در شاخهٔ اصلاحی","1","شناسهٔ رسانه: C906-E02-L01-V01.mp4؛ مسیر قراردادی جدید؛ پیش از آپلود انبوه روی باکت واقعی تأیید شود. | در CSV فعلی upload-map ردیفی ندارد."
"ویدیوی تدریس — فصل سوم: به‌دنبال محیطی بهتر برای زندگی (۲۵)","کتاب‌های درسی · ویدیو","C906_E03-L01","Bucket/Media-files/C906-E03-L01-V01.mp4","https://c539776.parspack.net/Bucket/Media-files/C906-E03-L01-V01.mp4","mp4","StudyMedia.videoIds + BookToc","yes","بدون ردیف CSV","","","","","صوت/ویدیو: MediaVault؛ تازه‌سازی مشروط در شاخهٔ اصلاحی","1","شناسهٔ رسانه: C906-E03-L01-V01.mp4؛ مسیر قراردادی جدید؛ پیش از آپلود انبوه روی باکت واقعی تأیید شود. | در CSV فعلی upload-map ردیفی ندارد."
"ویدیوی تدریس — فصل چهارم: حرکت چیست؟ (۳۹)","کتاب‌های درسی · ویدیو","C906_E04-L01","Bucket/Media-files/C906-E04-L01-V01.mp4","https://c539776.parspack.net/Bucket/Media-files/C906-E04-L01-V01.mp4","mp4","StudyMedia.videoIds + BookToc","yes","بدون ردیف CSV","","","","","صوت/ویدیو: MediaVault؛ تازه‌سازی مشروط در شاخهٔ اصلاحی","1","شناسهٔ رسانه: C906-E04-L01-V01.mp4؛ مسیر قراردادی جدید؛ پیش از آپلود انبوه روی باکت واقعی تأیید شود. | در CSV فعلی upload-map ردیفی ندارد."
"ویدیوی تدریس — فصل پنجم: نیرو (۵۱)","کتاب‌های درسی · ویدیو","C906_E05-L01","Bucket/Media-files/C906-E05-L01-V01.mp4","https://c539776.parspack.net/Bucket/Media-files/C906-E05-L01-V01.mp4","mp4","StudyMedia.videoIds + BookToc","yes","بدون ردیف CSV","","","","","صوت/ویدیو: MediaVault؛ تازه‌سازی مشروط در شاخهٔ اصلاحی","1","شناسهٔ رسانه: C906-E05-L01-V01.mp4؛ مسیر قراردادی جدید؛ پیش از آپلود انبوه روی باکت واقعی تأیید شود. | در CSV فعلی upload-map ردیفی ندارد."
"ویدیوی تدریس — فصل ششم: زمین ساخت ورقه‌ای (۶۳)","کتاب‌های درسی · ویدیو","C906_E06-L01","Bucket/Media-files/C906-E06-L01-V01.mp4","https://c539776.parspack.net/Bucket/Media-files/C906-E06-L01-V01.mp4","mp4","StudyMedia.videoIds + BookToc","yes","بدون ردیف CSV","","","","","صوت/ویدیو: MediaVault؛ تازه‌سازی مشروط در شاخهٔ اصلاحی","1","شناسهٔ رسانه: C906-E06-L01-V01.mp4؛ مسیر قراردادی جدید؛ پیش از آپلود انبوه روی باکت واقعی تأیید شود. | در CSV فعلی upload-map ردیفی ندارد."
"ویدیوی تدریس — فصل هفتم: آثاری از گذشته زمین (۷۳)","کتاب‌های درسی · ویدیو","C906_E07-L01","Bucket/Media-files/C906-E07-L01-V01.mp4","https://c539776.parspack.net/Bucket/Media-files/C906-E07-L01-V01.mp4","mp4","StudyMedia.videoIds + BookToc","yes","بدون ردیف CSV","","","","","صوت/ویدیو: MediaVault؛ تازه‌سازی مشروط در شاخهٔ اصلاحی","1","شناسهٔ رسانه: C906-E07-L01-V01.mp4؛ مسیر قراردادی جدید؛ پیش از آپلود انبوه روی باکت واقعی تأیید شود. | در CSV فعلی upload-map ردیفی ندارد."
"ویدیوی تدریس — فصل هشتم: فشار و آثار آن (۸۳)","کتاب‌های درسی · ویدیو","C906_E08-L01","Bucket/Media-files/C906-E08-L01-V01.mp4","https://c539776.parspack.net/Bucket/Media-files/C906-E08-L01-V01.mp4","mp4","StudyMedia.videoIds + BookToc","yes","بدون ردیف CSV","","","","","صوت/ویدیو: MediaVault؛ تازه‌سازی مشروط در شاخهٔ اصلاحی","1","شناسهٔ رسانه: C906-E08-L01-V01.mp4؛ مسیر قراردادی جدید؛ پیش از آپلود انبوه روی باکت واقعی تأیید شود. | در CSV فعلی upload-map ردیفی ندارد."
"ویدیوی تدریس — فصل نهم: ماشین‌ها (۹۵)","کتاب‌های درسی · ویدیو","C906_E09-L01","Bucket/Media-files/C906-E09-L01-V01.mp4","https://c539776.parspack.net/Bucket/Media-files/C906-E09-L01-V01.mp4","mp4","StudyMedia.videoIds + BookToc","yes","بدون ردیف CSV","","","","","صوت/ویدیو: MediaVault؛ تازه‌سازی مشروط در شاخهٔ اصلاحی","1","شناسهٔ رسانه: C906-E09-L01-V01.mp4؛ مسیر قراردادی جدید؛ پیش از آپلود انبوه روی باکت واقعی تأیید شود. | در CSV فعلی upload-map ردیفی ندارد."
"ویدیوی تدریس — فصل دهم: نگاهی به فضا (۱۰۷)","کتاب‌های درسی · ویدیو","C906_E10-L01","Bucket/Media-files/C906-E10-L01-V01.mp4","https://c539776.parspack.net/Bucket/Media-files/C906-E10-L01-V01.mp4","mp4","StudyMedia.videoIds + BookToc","yes","بدون ردیف CSV","","","","","صوت/ویدیو: MediaVault؛ تازه‌سازی مشروط در شاخهٔ اصلاحی","1","شناسهٔ رسانه: C906-E10-L01-V01.mp4؛ مسیر قراردادی جدید؛ پیش از آپلود انبوه روی باکت واقعی تأیید شود. | در CSV فعلی upload-map ردیفی ندارد."
"ویدیوی تدریس — فصل یازدهم: گوناگونی جانداران (۱۲۱)","کتاب‌های درسی · ویدیو","C906_E11-L01","Bucket/Media-files/C906-E11-L01-V01.mp4","https://c539776.parspack.net/Bucket/Media-files/C906-E11-L01-V01.mp4","mp4","StudyMedia.videoIds + BookToc","yes","بدون ردیف CSV","","","","","صوت/ویدیو: MediaVault؛ تازه‌سازی مشروط در شاخهٔ اصلاحی","1","شناسهٔ رسانه: C906-E11-L01-V01.mp4؛ مسیر قراردادی جدید؛ پیش از آپلود انبوه روی باکت واقعی تأیید شود. | در CSV فعلی upload-map ردیفی ندارد."
"ویدیوی تدریس — فصل دوازدهم: دنیای گیاهان (۱۳۱)","کتاب‌های درسی · ویدیو","C906_E12-L01","Bucket/Media-files/C906-E12-L01-V01.mp4","https://c539776.parspack.net/Bucket/Media-files/C906-E12-L01-V01.mp4","mp4","StudyMedia.videoIds + BookToc","yes","بدون ردیف CSV","","","","","صوت/ویدیو: MediaVault؛ تازه‌سازی مشروط در شاخهٔ اصلاحی","1","شناسهٔ رسانه: C906-E12-L01-V01.mp4؛ مسیر قراردادی جدید؛ پیش از آپلود انبوه روی باکت واقعی تأیید شود. | در CSV فعلی upload-map ردیفی ندارد."
"ویدیوی تدریس — فصل سیزدهم: جانوران بی‌مهره (۱۴۱)","کتاب‌های درسی · ویدیو","C906_E13-L01","Bucket/Media-files/C906-E13-L01-V01.mp4","https://c539776.parspack.net/Bucket/Media-files/C906-E13-L01-V01.mp4","mp4","StudyMedia.videoIds + BookToc","yes","بدون ردیف CSV","","","","","صوت/ویدیو: MediaVault؛ تازه‌سازی مشروط در شاخهٔ اصلاحی","1","شناسهٔ رسانه: C906-E13-L01-V01.mp4؛ مسیر قراردادی جدید؛ پیش از آپلود انبوه روی باکت واقعی تأیید شود. | در CSV فعلی upload-map ردیفی ندارد."
"ویدیوی تدریس — فصل چهاردهم: جانوران مهره‌دار (۱۵۱)","کتاب‌های درسی · ویدیو","C906_E14-L01","Bucket/Media-files/C906-E14-L01-V01.mp4","https://c539776.parspack.net/Bucket/Media-files/C906-E14-L01-V01.mp4","mp4","StudyMedia.videoIds + BookToc","yes","بدون ردیف CSV","","","","","صوت/ویدیو: MediaVault؛ تازه‌سازی مشروط در شاخهٔ اصلاحی","1","شناسهٔ رسانه: C906-E14-L01-V01.mp4؛ مسیر قراردادی جدید؛ پیش از آپلود انبوه روی باکت واقعی تأیید شود. | در CSV فعلی upload-map ردیفی ندارد."
"ویدیوی تدریس — فصل پانزدهم: باهم‌زیستن (۱۶۳)","کتاب‌های درسی · ویدیو","C906_E15-L01","Bucket/Media-files/C906-E15-L01-V01.mp4","https://c539776.parspack.net/Bucket/Media-files/C906-E15-L01-V01.mp4","mp4","StudyMedia.videoIds + BookToc","yes","بدون ردیف CSV","","","","","صوت/ویدیو: MediaVault؛ تازه‌سازی مشروط در شاخهٔ اصلاحی","1","شناسهٔ رسانه: C906-E15-L01-V01.mp4؛ مسیر قراردادی جدید؛ پیش از آپلود انبوه روی باکت واقعی تأیید شود. | در CSV فعلی upload-map ردیفی ندارد."
"ویدیوی تدریس — درس ۱ - زمین، مهد زیبای انسان‌ها (۲)","کتاب‌های درسی · ویدیو","C907_E01-L01","Bucket/Media-files/C907-E01-L01-V01.mp4","https://c539776.parspack.net/Bucket/Media-files/C907-E01-L01-V01.mp4","mp4","StudyMedia.videoIds + BookToc","yes","بدون ردیف CSV","","","","","صوت/ویدیو: MediaVault؛ تازه‌سازی مشروط در شاخهٔ اصلاحی","1","شناسهٔ رسانه: C907-E01-L01-V01.mp4؛ مسیر قراردادی جدید؛ پیش از آپلود انبوه روی باکت واقعی تأیید شود. | در CSV فعلی upload-map ردیفی ندارد."
"ویدیوی تدریس — درس ۲ - حرکات زمین (۹)","کتاب‌های درسی · ویدیو","C907_E01-L02","Bucket/Media-files/C907-E01-L02-V01.mp4","https://c539776.parspack.net/Bucket/Media-files/C907-E01-L02-V01.mp4","mp4","StudyMedia.videoIds + BookToc","yes","بدون ردیف CSV","","","","","صوت/ویدیو: MediaVault؛ تازه‌سازی مشروط در شاخهٔ اصلاحی","1","شناسهٔ رسانه: C907-E01-L02-V01.mp4؛ مسیر قراردادی جدید؛ پیش از آپلود انبوه روی باکت واقعی تأیید شود. | در CSV فعلی upload-map ردیفی ندارد."
"ویدیوی تدریس — درس ۳ - چهرۀ زمین (۱۶)","کتاب‌های درسی · ویدیو","C907_E02-L01","Bucket/Media-files/C907-E02-L01-V01.mp4","https://c539776.parspack.net/Bucket/Media-files/C907-E02-L01-V01.mp4","mp4","StudyMedia.videoIds + BookToc","yes","بدون ردیف CSV","","","","","صوت/ویدیو: MediaVault؛ تازه‌سازی مشروط در شاخهٔ اصلاحی","1","شناسهٔ رسانه: C907-E02-L01-V01.mp4؛ مسیر قراردادی جدید؛ پیش از آپلود انبوه روی باکت واقعی تأیید شود. | در CSV فعلی upload-map ردیفی ندارد."
"ویدیوی تدریس — درس ۴ - آب فراوان، هوای پاک (۲۱)","کتاب‌های درسی · ویدیو","C907_E02-L02","Bucket/Media-files/C907-E02-L02-V01.mp4","https://c539776.parspack.net/Bucket/Media-files/C907-E02-L02-V01.mp4","mp4","StudyMedia.videoIds + BookToc","yes","بدون ردیف CSV","","","","","صوت/ویدیو: MediaVault؛ تازه‌سازی مشروط در شاخهٔ اصلاحی","1","شناسهٔ رسانه: C907-E02-L02-V01.mp4؛ مسیر قراردادی جدید؛ پیش از آپلود انبوه روی باکت واقعی تأیید شود. | در CSV فعلی upload-map ردیفی ندارد."
"ویدیوی تدریس — درس ۵ - پراکندگی زیست‌بوم‌های جهان (۳۰)","کتاب‌های درسی · ویدیو","C907_E03-L01","Bucket/Media-files/C907-E03-L01-V01.mp4","https://c539776.parspack.net/Bucket/Media-files/C907-E03-L01-V01.mp4","mp4","StudyMedia.videoIds + BookToc","yes","بدون ردیف CSV","","","","","صوت/ویدیو: MediaVault؛ تازه‌سازی مشروط در شاخهٔ اصلاحی","1","شناسهٔ رسانه: C907-E03-L01-V01.mp4؛ مسیر قراردادی جدید؛ پیش از آپلود انبوه روی باکت واقعی تأیید شود. | در CSV فعلی upload-map ردیفی ندارد."
"ویدیوی تدریس — درس ۶ - زیست‌بوم‌ها در خطرند (۳۶)","کتاب‌های درسی · ویدیو","C907_E03-L02","Bucket/Media-files/C907-E03-L02-V01.mp4","https://c539776.parspack.net/Bucket/Media-files/C907-E03-L02-V01.mp4","mp4","StudyMedia.videoIds + BookToc","yes","بدون ردیف CSV","","","","","صوت/ویدیو: MediaVault؛ تازه‌سازی مشروط در شاخهٔ اصلاحی","1","شناسهٔ رسانه: C907-E03-L02-V01.mp4؛ مسیر قراردادی جدید؛ پیش از آپلود انبوه روی باکت واقعی تأیید شود. | در CSV فعلی upload-map ردیفی ندارد."
"ویدیوی تدریس — درس ۷ - جمعیت جهان (۴۲)","کتاب‌های درسی · ویدیو","C907_E04-L01","Bucket/Media-files/C907-E04-L01-V01.mp4","https://c539776.parspack.net/Bucket/Media-files/C907-E04-L01-V01.mp4","mp4","StudyMedia.videoIds + BookToc","yes","بدون ردیف CSV","","","","","صوت/ویدیو: MediaVault؛ تازه‌سازی مشروط در شاخهٔ اصلاحی","1","شناسهٔ رسانه: C907-E04-L01-V01.mp4؛ مسیر قراردادی جدید؛ پیش از آپلود انبوه روی باکت واقعی تأیید شود. | در CSV فعلی upload-map ردیفی ندارد."
"ویدیوی تدریس — درس ۸ - بی‌عدالتی و نابرابری در جهان (۴۷)","کتاب‌های درسی · ویدیو","C907_E04-L02","Bucket/Media-files/C907-E04-L02-V01.mp4","https://c539776.parspack.net/Bucket/Media-files/C907-E04-L02-V01.mp4","mp4","StudyMedia.videoIds + BookToc","yes","بدون ردیف CSV","","","","","صوت/ویدیو: MediaVault؛ تازه‌سازی مشروط در شاخهٔ اصلاحی","1","شناسهٔ رسانه: C907-E04-L02-V01.mp4؛ مسیر قراردادی جدید؛ پیش از آپلود انبوه روی باکت واقعی تأیید شود. | در CSV فعلی upload-map ردیفی ندارد."
"ویدیوی تدریس — درس ۹ - ایرانی متحد و یکپارچه (۵۴)","کتاب‌های درسی · ویدیو","C907_E05-L01","Bucket/Media-files/C907-E05-L01-V01.mp4","https://c539776.parspack.net/Bucket/Media-files/C907-E05-L01-V01.mp4","mp4","StudyMedia.videoIds + BookToc","yes","بدون ردیف CSV","","","","","صوت/ویدیو: MediaVault؛ تازه‌سازی مشروط در شاخهٔ اصلاحی","1","شناسهٔ رسانه: C907-E05-L01-V01.mp4؛ مسیر قراردادی جدید؛ پیش از آپلود انبوه روی باکت واقعی تأیید شود. | در CSV فعلی upload-map ردیفی ندارد."
"ویدیوی تدریس — درس ۱۰ - اوضاع اجتماعی، اقتصادی، علمی و فرهنگی ایران در عصر صفوی (۶۰)","کتاب‌های درسی · ویدیو","C907_E05-L02","Bucket/Media-files/C907-E05-L02-V01.mp4","https://c539776.parspack.net/Bucket/Media-files/C907-E05-L02-V01.mp4","mp4","StudyMedia.videoIds + BookToc","yes","بدون ردیف CSV","","","","","صوت/ویدیو: MediaVault؛ تازه‌سازی مشروط در شاخهٔ اصلاحی","1","شناسهٔ رسانه: C907-E05-L02-V01.mp4؛ مسیر قراردادی جدید؛ پیش از آپلود انبوه روی باکت واقعی تأیید شود. | در CSV فعلی upload-map ردیفی ندارد."
"ویدیوی تدریس — درس ۱۱ - تلاش برای حفظ استقلال و اتحاد سیاسی ایران (۶۸)","کتاب‌های درسی · ویدیو","C907_E06-L01","Bucket/Media-files/C907-E06-L01-V01.mp4","https://c539776.parspack.net/Bucket/Media-files/C907-E06-L01-V01.mp4","mp4","StudyMedia.videoIds + BookToc","yes","بدون ردیف CSV","","","","","صوت/ویدیو: MediaVault؛ تازه‌سازی مشروط در شاخهٔ اصلاحی","1","شناسهٔ رسانه: C907-E06-L01-V01.mp4؛ مسیر قراردادی جدید؛ پیش از آپلود انبوه روی باکت واقعی تأیید شود. | در CSV فعلی upload-map ردیفی ندارد."
"ویدیوی تدریس — درس ۱۲ - در جست‌وجوی پیشرفت و رهایی از سلطۀ خارجی (۷۴)","کتاب‌های درسی · ویدیو","C907_E06-L02","Bucket/Media-files/C907-E06-L02-V01.mp4","https://c539776.parspack.net/Bucket/Media-files/C907-E06-L02-V01.mp4","mp4","StudyMedia.videoIds + BookToc","yes","بدون ردیف CSV","","","","","صوت/ویدیو: MediaVault؛ تازه‌سازی مشروط در شاخهٔ اصلاحی","1","شناسهٔ رسانه: C907-E06-L02-V01.mp4؛ مسیر قراردادی جدید؛ پیش از آپلود انبوه روی باکت واقعی تأیید شود. | در CSV فعلی upload-map ردیفی ندارد."
"ویدیوی تدریس — درس ۱۳ - نهضت مشروطه (۸۲)","کتاب‌های درسی · ویدیو","C907_E07-L01","Bucket/Media-files/C907-E07-L01-V01.mp4","https://c539776.parspack.net/Bucket/Media-files/C907-E07-L01-V01.mp4","mp4","StudyMedia.videoIds + BookToc","yes","بدون ردیف CSV","","","","","صوت/ویدیو: MediaVault؛ تازه‌سازی مشروط در شاخهٔ اصلاحی","1","شناسهٔ رسانه: C907-E07-L01-V01.mp4؛ مسیر قراردادی جدید؛ پیش از آپلود انبوه روی باکت واقعی تأیید شود. | در CSV فعلی upload-map ردیفی ندارد."
"ویدیوی تدریس — درس ۱۴ - ایران در دوران حکومت پهلوی (۸۸)","کتاب‌های درسی · ویدیو","C907_E07-L02","Bucket/Media-files/C907-E07-L02-V01.mp4","https://c539776.parspack.net/Bucket/Media-files/C907-E07-L02-V01.mp4","mp4","StudyMedia.videoIds + BookToc","yes","بدون ردیف CSV","","","","","صوت/ویدیو: MediaVault؛ تازه‌سازی مشروط در شاخهٔ اصلاحی","1","شناسهٔ رسانه: C907-E07-L02-V01.mp4؛ مسیر قراردادی جدید؛ پیش از آپلود انبوه روی باکت واقعی تأیید شود. | در CSV فعلی upload-map ردیفی ندارد."
"ویدیوی تدریس — درس ۱۵ - انقلاب اسلامی ایران (۹۶)","کتاب‌های درسی · ویدیو","C907_E08-L01","Bucket/Media-files/C907-E08-L01-V01.mp4","https://c539776.parspack.net/Bucket/Media-files/C907-E08-L01-V01.mp4","mp4","StudyMedia.videoIds + BookToc","yes","بدون ردیف CSV","","","","","صوت/ویدیو: MediaVault؛ تازه‌سازی مشروط در شاخهٔ اصلاحی","1","شناسهٔ رسانه: C907-E08-L01-V01.mp4؛ مسیر قراردادی جدید؛ پیش از آپلود انبوه روی باکت واقعی تأیید شود. | در CSV فعلی upload-map ردیفی ندارد."
"ویدیوی تدریس — درس ۱۶ - ایران در دوران پس از پیروزی انقلاب اسلامی (۱۰۵)","کتاب‌های درسی · ویدیو","C907_E08-L02","Bucket/Media-files/C907-E08-L02-V01.mp4","https://c539776.parspack.net/Bucket/Media-files/C907-E08-L02-V01.mp4","mp4","StudyMedia.videoIds + BookToc","yes","بدون ردیف CSV","","","","","صوت/ویدیو: MediaVault؛ تازه‌سازی مشروط در شاخهٔ اصلاحی","1","شناسهٔ رسانه: C907-E08-L02-V01.mp4؛ مسیر قراردادی جدید؛ پیش از آپلود انبوه روی باکت واقعی تأیید شود. | در CSV فعلی upload-map ردیفی ندارد."
"ویدیوی تدریس — درس ۱۷ - فرهنگ (۱۱۸)","کتاب‌های درسی · ویدیو","C907_E09-L01","Bucket/Media-files/C907-E09-L01-V01.mp4","https://c539776.parspack.net/Bucket/Media-files/C907-E09-L01-V01.mp4","mp4","StudyMedia.videoIds + BookToc","yes","بدون ردیف CSV","","","","","صوت/ویدیو: MediaVault؛ تازه‌سازی مشروط در شاخهٔ اصلاحی","1","شناسهٔ رسانه: C907-E09-L01-V01.mp4؛ مسیر قراردادی جدید؛ پیش از آپلود انبوه روی باکت واقعی تأیید شود. | در CSV فعلی upload-map ردیفی ندارد."
"ویدیوی تدریس — درس ۱۸ - هویت (۱۲۴)","کتاب‌های درسی · ویدیو","C907_E09-L02","Bucket/Media-files/C907-E09-L02-V01.mp4","https://c539776.parspack.net/Bucket/Media-files/C907-E09-L02-V01.mp4","mp4","StudyMedia.videoIds + BookToc","yes","بدون ردیف CSV","","","","","صوت/ویدیو: MediaVault؛ تازه‌سازی مشروط در شاخهٔ اصلاحی","1","شناسهٔ رسانه: C907-E09-L02-V01.mp4؛ مسیر قراردادی جدید؛ پیش از آپلود انبوه روی باکت واقعی تأیید شود. | در CSV فعلی upload-map ردیفی ندارد."
"ویدیوی تدریس — درس ۱۹ - ارزش‌ها و کارکردهای خانواده (۱۳۲)","کتاب‌های درسی · ویدیو","C907_E10-L01","Bucket/Media-files/C907-E10-L01-V01.mp4","https://c539776.parspack.net/Bucket/Media-files/C907-E10-L01-V01.mp4","mp4","StudyMedia.videoIds + BookToc","yes","بدون ردیف CSV","","","","","صوت/ویدیو: MediaVault؛ تازه‌سازی مشروط در شاخهٔ اصلاحی","1","شناسهٔ رسانه: C907-E10-L01-V01.mp4؛ مسیر قراردادی جدید؛ پیش از آپلود انبوه روی باکت واقعی تأیید شود. | در CSV فعلی upload-map ردیفی ندارد."
"ویدیوی تدریس — درس ۲۰ - آرامش در خانواده (۱۳۶)","کتاب‌های درسی · ویدیو","C907_E10-L02","Bucket/Media-files/C907-E10-L02-V01.mp4","https://c539776.parspack.net/Bucket/Media-files/C907-E10-L02-V01.mp4","mp4","StudyMedia.videoIds + BookToc","yes","بدون ردیف CSV","","","","","صوت/ویدیو: MediaVault؛ تازه‌سازی مشروط در شاخهٔ اصلاحی","1","شناسهٔ رسانه: C907-E10-L02-V01.mp4؛ مسیر قراردادی جدید؛ پیش از آپلود انبوه روی باکت واقعی تأیید شود. | در CSV فعلی upload-map ردیفی ندارد."
"ویدیوی تدریس — درس ۲۱ - نهاد حکومت (۱۴۴)","کتاب‌های درسی · ویدیو","C907_E11-L01","Bucket/Media-files/C907-E11-L01-V01.mp4","https://c539776.parspack.net/Bucket/Media-files/C907-E11-L01-V01.mp4","mp4","StudyMedia.videoIds + BookToc","yes","بدون ردیف CSV","","","","","صوت/ویدیو: MediaVault؛ تازه‌سازی مشروط در شاخهٔ اصلاحی","1","شناسهٔ رسانه: C907-E11-L01-V01.mp4؛ مسیر قراردادی جدید؛ پیش از آپلود انبوه روی باکت واقعی تأیید شود. | در CSV فعلی upload-map ردیفی ندارد."
"ویدیوی تدریس — درس ۲۲ - حقوق و تکالیف شهروندی (۱۵۰)","کتاب‌های درسی · ویدیو","C907_E11-L02","Bucket/Media-files/C907-E11-L02-V01.mp4","https://c539776.parspack.net/Bucket/Media-files/C907-E11-L02-V01.mp4","mp4","StudyMedia.videoIds + BookToc","yes","بدون ردیف CSV","","","","","صوت/ویدیو: MediaVault؛ تازه‌سازی مشروط در شاخهٔ اصلاحی","1","شناسهٔ رسانه: C907-E11-L02-V01.mp4؛ مسیر قراردادی جدید؛ پیش از آپلود انبوه روی باکت واقعی تأیید شود. | در CSV فعلی upload-map ردیفی ندارد."
"ویدیوی تدریس — درس ۲۳ - بهره‌وری چیست؟ (۱۵۸)","کتاب‌های درسی · ویدیو","C907_E12-L01","Bucket/Media-files/C907-E12-L01-V01.mp4","https://c539776.parspack.net/Bucket/Media-files/C907-E12-L01-V01.mp4","mp4","StudyMedia.videoIds + BookToc","yes","بدون ردیف CSV","","","","","صوت/ویدیو: MediaVault؛ تازه‌سازی مشروط در شاخهٔ اصلاحی","1","شناسهٔ رسانه: C907-E12-L01-V01.mp4؛ مسیر قراردادی جدید؛ پیش از آپلود انبوه روی باکت واقعی تأیید شود. | در CSV فعلی upload-map ردیفی ندارد."
"ویدیوی تدریس — درس ۲۴ - اقتصاد و بهره‌وری (۱۶۴)","کتاب‌های درسی · ویدیو","C907_E12-L02","Bucket/Media-files/C907-E12-L02-V01.mp4","https://c539776.parspack.net/Bucket/Media-files/C907-E12-L02-V01.mp4","mp4","StudyMedia.videoIds + BookToc","yes","بدون ردیف CSV","","","","","صوت/ویدیو: MediaVault؛ تازه‌سازی مشروط در شاخهٔ اصلاحی","1","شناسهٔ رسانه: C907-E12-L02-V01.mp4؛ مسیر قراردادی جدید؛ پیش از آپلود انبوه روی باکت واقعی تأیید شود. | در CSV فعلی upload-map ردیفی ندارد."
"ویدیوی تدریس — درس اول: فضا و عمق (۳)","کتاب‌های درسی · ویدیو","C908_E01-L01","Bucket/Media-files/C908-E01-L01-V01.mp4","https://c539776.parspack.net/Bucket/Media-files/C908-E01-L01-V01.mp4","mp4","StudyMedia.videoIds + BookToc","yes","بدون ردیف CSV","","","","","صوت/ویدیو: MediaVault؛ تازه‌سازی مشروط در شاخهٔ اصلاحی","1","شناسهٔ رسانه: C908-E01-L01-V01.mp4؛ مسیر قراردادی جدید؛ پیش از آپلود انبوه روی باکت واقعی تأیید شود. | در CSV فعلی upload-map ردیفی ندارد."
"ویدیوی تدریس — درس دوم: نور و حجم (۱۰)","کتاب‌های درسی · ویدیو","C908_E01-L02","Bucket/Media-files/C908-E01-L02-V01.mp4","https://c539776.parspack.net/Bucket/Media-files/C908-E01-L02-V01.mp4","mp4","StudyMedia.videoIds + BookToc","yes","بدون ردیف CSV","","","","","صوت/ویدیو: MediaVault؛ تازه‌سازی مشروط در شاخهٔ اصلاحی","1","شناسهٔ رسانه: C908-E01-L02-V01.mp4؛ مسیر قراردادی جدید؛ پیش از آپلود انبوه روی باکت واقعی تأیید شود. | در CSV فعلی upload-map ردیفی ندارد."
"ویدیوی تدریس — درس سوم: ابزارهای ترسیم (۲۰)","کتاب‌های درسی · ویدیو","C908_E01-L03","Bucket/Media-files/C908-E01-L03-V01.mp4","https://c539776.parspack.net/Bucket/Media-files/C908-E01-L03-V01.mp4","mp4","StudyMedia.videoIds + BookToc","yes","بدون ردیف CSV","","","","","صوت/ویدیو: MediaVault؛ تازه‌سازی مشروط در شاخهٔ اصلاحی","1","شناسهٔ رسانه: C908-E01-L03-V01.mp4؛ مسیر قراردادی جدید؛ پیش از آپلود انبوه روی باکت واقعی تأیید شود. | در CSV فعلی upload-map ردیفی ندارد."
"ویدیوی تدریس — درس چهارم: تعریف و کاربردهای طراحی (۳۰)","کتاب‌های درسی · ویدیو","C908_E01-L04","Bucket/Media-files/C908-E01-L04-V01.mp4","https://c539776.parspack.net/Bucket/Media-files/C908-E01-L04-V01.mp4","mp4","StudyMedia.videoIds + BookToc","yes","بدون ردیف CSV","","","","","صوت/ویدیو: MediaVault؛ تازه‌سازی مشروط در شاخهٔ اصلاحی","1","شناسهٔ رسانه: C908-E01-L04-V01.mp4؛ مسیر قراردادی جدید؛ پیش از آپلود انبوه روی باکت واقعی تأیید شود. | در CSV فعلی upload-map ردیفی ندارد."
"ویدیوی تدریس — درس اول: نگاشتار (گرافیک) و تبلیغات (۳۹)","کتاب‌های درسی · ویدیو","C908_E02-L01","Bucket/Media-files/C908-E02-L01-V01.mp4","https://c539776.parspack.net/Bucket/Media-files/C908-E02-L01-V01.mp4","mp4","StudyMedia.videoIds + BookToc","yes","بدون ردیف CSV","","","","","صوت/ویدیو: MediaVault؛ تازه‌سازی مشروط در شاخهٔ اصلاحی","1","شناسهٔ رسانه: C908-E02-L01-V01.mp4؛ مسیر قراردادی جدید؛ پیش از آپلود انبوه روی باکت واقعی تأیید شود. | در CSV فعلی upload-map ردیفی ندارد."
"ویدیوی تدریس — درس دوم: اعلان و صفحه‌آرایی (۴۴)","کتاب‌های درسی · ویدیو","C908_E02-L02","Bucket/Media-files/C908-E02-L02-V01.mp4","https://c539776.parspack.net/Bucket/Media-files/C908-E02-L02-V01.mp4","mp4","StudyMedia.videoIds + BookToc","yes","بدون ردیف CSV","","","","","صوت/ویدیو: MediaVault؛ تازه‌سازی مشروط در شاخهٔ اصلاحی","1","شناسهٔ رسانه: C908-E02-L02-V01.mp4؛ مسیر قراردادی جدید؛ پیش از آپلود انبوه روی باکت واقعی تأیید شود. | در CSV فعلی upload-map ردیفی ندارد."
"ویدیوی تدریس — درس سوم: نگاشتار (گرافیک) محیطی (۵۱)","کتاب‌های درسی · ویدیو","C908_E02-L03","Bucket/Media-files/C908-E02-L03-V01.mp4","https://c539776.parspack.net/Bucket/Media-files/C908-E02-L03-V01.mp4","mp4","StudyMedia.videoIds + BookToc","yes","بدون ردیف CSV","","","","","صوت/ویدیو: MediaVault؛ تازه‌سازی مشروط در شاخهٔ اصلاحی","1","شناسهٔ رسانه: C908-E02-L03-V01.mp4؛ مسیر قراردادی جدید؛ پیش از آپلود انبوه روی باکت واقعی تأیید شود. | در CSV فعلی upload-map ردیفی ندارد."
"ویدیوی تدریس — درس اول: عکس‌های ترکیبی (۵۷)","کتاب‌های درسی · ویدیو","C908_E03-L01","Bucket/Media-files/C908-E03-L01-V01.mp4","https://c539776.parspack.net/Bucket/Media-files/C908-E03-L01-V01.mp4","mp4","StudyMedia.videoIds + BookToc","yes","بدون ردیف CSV","","","","","صوت/ویدیو: MediaVault؛ تازه‌سازی مشروط در شاخهٔ اصلاحی","1","شناسهٔ رسانه: C908-E03-L01-V01.mp4؛ مسیر قراردادی جدید؛ پیش از آپلود انبوه روی باکت واقعی تأیید شود. | در CSV فعلی upload-map ردیفی ندارد."
"ویدیوی تدریس — درس دوم: عکاسی روایی (۶۱)","کتاب‌های درسی · ویدیو","C908_E03-L02","Bucket/Media-files/C908-E03-L02-V01.mp4","https://c539776.parspack.net/Bucket/Media-files/C908-E03-L02-V01.mp4","mp4","StudyMedia.videoIds + BookToc","yes","بدون ردیف CSV","","","","","صوت/ویدیو: MediaVault؛ تازه‌سازی مشروط در شاخهٔ اصلاحی","1","شناسهٔ رسانه: C908-E03-L02-V01.mp4؛ مسیر قراردادی جدید؛ پیش از آپلود انبوه روی باکت واقعی تأیید شود. | در CSV فعلی upload-map ردیفی ندارد."
"ویدیوی تدریس — درس سوم: گرایش‌های عکاسی (۶۷)","کتاب‌های درسی · ویدیو","C908_E03-L03","Bucket/Media-files/C908-E03-L03-V01.mp4","https://c539776.parspack.net/Bucket/Media-files/C908-E03-L03-V01.mp4","mp4","StudyMedia.videoIds + BookToc","yes","بدون ردیف CSV","","","","","صوت/ویدیو: MediaVault؛ تازه‌سازی مشروط در شاخهٔ اصلاحی","1","شناسهٔ رسانه: C908-E03-L03-V01.mp4؛ مسیر قراردادی جدید؛ پیش از آپلود انبوه روی باکت واقعی تأیید شود. | در CSV فعلی upload-map ردیفی ندارد."
"ویدیوی تدریس — درس اول: نحوهٔ تراشیدن قلم و قالب‌های اجرایی خوشنویسی (۷۴)","کتاب‌های درسی · ویدیو","C908_E04-L01","Bucket/Media-files/C908-E04-L01-V01.mp4","https://c539776.parspack.net/Bucket/Media-files/C908-E04-L01-V01.mp4","mp4","StudyMedia.videoIds + BookToc","yes","بدون ردیف CSV","","","","","صوت/ویدیو: MediaVault؛ تازه‌سازی مشروط در شاخهٔ اصلاحی","1","شناسهٔ رسانه: C908-E04-L01-V01.mp4؛ مسیر قراردادی جدید؛ پیش از آپلود انبوه روی باکت واقعی تأیید شود. | در CSV فعلی upload-map ردیفی ندارد."
"ویدیوی تدریس — درس دوم: معرفی خط نستعلیق و مشق سطرنویسی (۸۳)","کتاب‌های درسی · ویدیو","C908_E04-L02","Bucket/Media-files/C908-E04-L02-V01.mp4","https://c539776.parspack.net/Bucket/Media-files/C908-E04-L02-V01.mp4","mp4","StudyMedia.videoIds + BookToc","yes","بدون ردیف CSV","","","","","صوت/ویدیو: MediaVault؛ تازه‌سازی مشروط در شاخهٔ اصلاحی","1","شناسهٔ رسانه: C908-E04-L02-V01.mp4؛ مسیر قراردادی جدید؛ پیش از آپلود انبوه روی باکت واقعی تأیید شود. | در CSV فعلی upload-map ردیفی ندارد."
"ویدیوی تدریس — درس سوم: معرفی خط شکسته نستعلیق و مشق دوسطری‌نویسی (۹۱)","کتاب‌های درسی · ویدیو","C908_E04-L03","Bucket/Media-files/C908-E04-L03-V01.mp4","https://c539776.parspack.net/Bucket/Media-files/C908-E04-L03-V01.mp4","mp4","StudyMedia.videoIds + BookToc","yes","بدون ردیف CSV","","","","","صوت/ویدیو: MediaVault؛ تازه‌سازی مشروط در شاخهٔ اصلاحی","1","شناسهٔ رسانه: C908-E04-L03-V01.mp4؛ مسیر قراردادی جدید؛ پیش از آپلود انبوه روی باکت واقعی تأیید شود. | در CSV فعلی upload-map ردیفی ندارد."
"ویدیوی تدریس — درس چهارم: گرایش‌های هنری با بیان خوشنویسی و مشق دفتری‌نویسی (۹۹)","کتاب‌های درسی · ویدیو","C908_E04-L04","Bucket/Media-files/C908-E04-L04-V01.mp4","https://c539776.parspack.net/Bucket/Media-files/C908-E04-L04-V01.mp4","mp4","StudyMedia.videoIds + BookToc","yes","بدون ردیف CSV","","","","","صوت/ویدیو: MediaVault؛ تازه‌سازی مشروط در شاخهٔ اصلاحی","1","شناسهٔ رسانه: C908-E04-L04-V01.mp4؛ مسیر قراردادی جدید؛ پیش از آپلود انبوه روی باکت واقعی تأیید شود. | در CSV فعلی upload-map ردیفی ندارد."
"ویدیوی تدریس — درس اول: چهارلنگه (۱۰۸)","کتاب‌های درسی · ویدیو","C908_E05-L01","Bucket/Media-files/C908-E05-L01-V01.mp4","https://c539776.parspack.net/Bucket/Media-files/C908-E05-L01-V01.mp4","mp4","StudyMedia.videoIds + BookToc","yes","بدون ردیف CSV","","","","","صوت/ویدیو: MediaVault؛ تازه‌سازی مشروط در شاخهٔ اصلاحی","1","شناسهٔ رسانه: C908-E05-L01-V01.mp4؛ مسیر قراردادی جدید؛ پیش از آپلود انبوه روی باکت واقعی تأیید شود. | در CSV فعلی upload-map ردیفی ندارد."
"ویدیوی تدریس — درس دوم: گره هشت و چهارلنگه (۱۱۲)","کتاب‌های درسی · ویدیو","C908_E05-L02","Bucket/Media-files/C908-E05-L02-V01.mp4","https://c539776.parspack.net/Bucket/Media-files/C908-E05-L02-V01.mp4","mp4","StudyMedia.videoIds + BookToc","yes","بدون ردیف CSV","","","","","صوت/ویدیو: MediaVault؛ تازه‌سازی مشروط در شاخهٔ اصلاحی","1","شناسهٔ رسانه: C908-E05-L02-V01.mp4؛ مسیر قراردادی جدید؛ پیش از آپلود انبوه روی باکت واقعی تأیید شود. | در CSV فعلی upload-map ردیفی ندارد."
"ویدیوی تدریس — درس سوم: بته (بته‌جقه) (۱۱۵)","کتاب‌های درسی · ویدیو","C908_E05-L03","Bucket/Media-files/C908-E05-L03-V01.mp4","https://c539776.parspack.net/Bucket/Media-files/C908-E05-L03-V01.mp4","mp4","StudyMedia.videoIds + BookToc","yes","بدون ردیف CSV","","","","","صوت/ویدیو: MediaVault؛ تازه‌سازی مشروط در شاخهٔ اصلاحی","1","شناسهٔ رسانه: C908-E05-L03-V01.mp4؛ مسیر قراردادی جدید؛ پیش از آپلود انبوه روی باکت واقعی تأیید شود. | در CSV فعلی upload-map ردیفی ندارد."
"ویدیوی تدریس — درس اول: جلدسازی سنتی (زیرالکی با روش لایه‌های کاغذ) (۱۲۱)","کتاب‌های درسی · ویدیو","C908_E06-L01","Bucket/Media-files/C908-E06-L01-V01.mp4","https://c539776.parspack.net/Bucket/Media-files/C908-E06-L01-V01.mp4","mp4","StudyMedia.videoIds + BookToc","yes","بدون ردیف CSV","","","","","صوت/ویدیو: MediaVault؛ تازه‌سازی مشروط در شاخهٔ اصلاحی","1","شناسهٔ رسانه: C908-E06-L01-V01.mp4؛ مسیر قراردادی جدید؛ پیش از آپلود انبوه روی باکت واقعی تأیید شود. | در CSV فعلی upload-map ردیفی ندارد."
"ویدیوی تدریس — درس دوم: جعبه‌سازی روغنی (زیرالکی با روش نوار کاغذ) (۱۲۶)","کتاب‌های درسی · ویدیو","C908_E06-L02","Bucket/Media-files/C908-E06-L02-V01.mp4","https://c539776.parspack.net/Bucket/Media-files/C908-E06-L02-V01.mp4","mp4","StudyMedia.videoIds + BookToc","yes","بدون ردیف CSV","","","","","صوت/ویدیو: MediaVault؛ تازه‌سازی مشروط در شاخهٔ اصلاحی","1","شناسهٔ رسانه: C908-E06-L02-V01.mp4؛ مسیر قراردادی جدید؛ پیش از آپلود انبوه روی باکت واقعی تأیید شود. | در CSV فعلی upload-map ردیفی ندارد."
"ویدیوی تدریس — درس سوم: اشیای روغنی (زیرالکی روی چوب) (۱۳۰)","کتاب‌های درسی · ویدیو","C908_E06-L03","Bucket/Media-files/C908-E06-L03-V01.mp4","https://c539776.parspack.net/Bucket/Media-files/C908-E06-L03-V01.mp4","mp4","StudyMedia.videoIds + BookToc","yes","بدون ردیف CSV","","","","","صوت/ویدیو: MediaVault؛ تازه‌سازی مشروط در شاخهٔ اصلاحی","1","شناسهٔ رسانه: C908-E06-L03-V01.mp4؛ مسیر قراردادی جدید؛ پیش از آپلود انبوه روی باکت واقعی تأیید شود. | در CSV فعلی upload-map ردیفی ندارد."
"ویدیوی تدریس — درس اول: درویش‌دوزی (۱۳۶)","کتاب‌های درسی · ویدیو","C908_E07-L01","Bucket/Media-files/C908-E07-L01-V01.mp4","https://c539776.parspack.net/Bucket/Media-files/C908-E07-L01-V01.mp4","mp4","StudyMedia.videoIds + BookToc","yes","بدون ردیف CSV","","","","","صوت/ویدیو: MediaVault؛ تازه‌سازی مشروط در شاخهٔ اصلاحی","1","شناسهٔ رسانه: C908-E07-L01-V01.mp4؛ مسیر قراردادی جدید؛ پیش از آپلود انبوه روی باکت واقعی تأیید شود. | در CSV فعلی upload-map ردیفی ندارد."
"ویدیوی تدریس — درس دوم: زرتشتی‌دوزی (۱۴۰)","کتاب‌های درسی · ویدیو","C908_E07-L02","Bucket/Media-files/C908-E07-L02-V01.mp4","https://c539776.parspack.net/Bucket/Media-files/C908-E07-L02-V01.mp4","mp4","StudyMedia.videoIds + BookToc","yes","بدون ردیف CSV","","","","","صوت/ویدیو: MediaVault؛ تازه‌سازی مشروط در شاخهٔ اصلاحی","1","شناسهٔ رسانه: C908-E07-L02-V01.mp4؛ مسیر قراردادی جدید؛ پیش از آپلود انبوه روی باکت واقعی تأیید شود. | در CSV فعلی upload-map ردیفی ندارد."
"ویدیوی تدریس — درس سوم: پته‌دوزی (۱۴۴)","کتاب‌های درسی · ویدیو","C908_E07-L03","Bucket/Media-files/C908-E07-L03-V01.mp4","https://c539776.parspack.net/Bucket/Media-files/C908-E07-L03-V01.mp4","mp4","StudyMedia.videoIds + BookToc","yes","بدون ردیف CSV","","","","","صوت/ویدیو: MediaVault؛ تازه‌سازی مشروط در شاخهٔ اصلاحی","1","شناسهٔ رسانه: C908-E07-L03-V01.mp4؛ مسیر قراردادی جدید؛ پیش از آپلود انبوه روی باکت واقعی تأیید شود. | در CSV فعلی upload-map ردیفی ندارد."
"ویدیوی تدریس — درس اول: آواهای قومی (مردمی) (۱۵۱)","کتاب‌های درسی · ویدیو","C908_E08-L01","Bucket/Media-files/C908-E08-L01-V01.mp4","https://c539776.parspack.net/Bucket/Media-files/C908-E08-L01-V01.mp4","mp4","StudyMedia.videoIds + BookToc","yes","بدون ردیف CSV","","","","","صوت/ویدیو: MediaVault؛ تازه‌سازی مشروط در شاخهٔ اصلاحی","1","شناسهٔ رسانه: C908-E08-L01-V01.mp4؛ مسیر قراردادی جدید؛ پیش از آپلود انبوه روی باکت واقعی تأیید شود. | در CSV فعلی upload-map ردیفی ندارد."
"ویدیوی تدریس — درس دوم: ردیف دستگاهی ایران (۱۵۶)","کتاب‌های درسی · ویدیو","C908_E08-L02","Bucket/Media-files/C908-E08-L02-V01.mp4","https://c539776.parspack.net/Bucket/Media-files/C908-E08-L02-V01.mp4","mp4","StudyMedia.videoIds + BookToc","yes","بدون ردیف CSV","","","","","صوت/ویدیو: MediaVault؛ تازه‌سازی مشروط در شاخهٔ اصلاحی","1","شناسهٔ رسانه: C908-E08-L02-V01.mp4؛ مسیر قراردادی جدید؛ پیش از آپلود انبوه روی باکت واقعی تأیید شود. | در CSV فعلی upload-map ردیفی ندارد."
"ویدیوی تدریس — درس سوم: آواهای دینی ایران (۱۶۱)","کتاب‌های درسی · ویدیو","C908_E08-L03","Bucket/Media-files/C908-E08-L03-V01.mp4","https://c539776.parspack.net/Bucket/Media-files/C908-E08-L03-V01.mp4","mp4","StudyMedia.videoIds + BookToc","yes","بدون ردیف CSV","","","","","صوت/ویدیو: MediaVault؛ تازه‌سازی مشروط در شاخهٔ اصلاحی","1","شناسهٔ رسانه: C908-E08-L03-V01.mp4؛ مسیر قراردادی جدید؛ پیش از آپلود انبوه روی باکت واقعی تأیید شود. | در CSV فعلی upload-map ردیفی ندارد."
"ویدیوی تدریس — درس چهارم: وزن و ریتم در آواهای ایرانی (۱۶۸)","کتاب‌های درسی · ویدیو","C908_E08-L04","Bucket/Media-files/C908-E08-L04-V01.mp4","https://c539776.parspack.net/Bucket/Media-files/C908-E08-L04-V01.mp4","mp4","StudyMedia.videoIds + BookToc","yes","بدون ردیف CSV","","","","","صوت/ویدیو: MediaVault؛ تازه‌سازی مشروط در شاخهٔ اصلاحی","1","شناسهٔ رسانه: C908-E08-L04-V01.mp4؛ مسیر قراردادی جدید؛ پیش از آپلود انبوه روی باکت واقعی تأیید شود. | در CSV فعلی upload-map ردیفی ندارد."
"ویدیوی تدریس — درس پنجم: شکل (فرم) و گونه (ژانر)های آوایی (۱۷۳)","کتاب‌های درسی · ویدیو","C908_E08-L05","Bucket/Media-files/C908-E08-L05-V01.mp4","https://c539776.parspack.net/Bucket/Media-files/C908-E08-L05-V01.mp4","mp4","StudyMedia.videoIds + BookToc","yes","بدون ردیف CSV","","","","","صوت/ویدیو: MediaVault؛ تازه‌سازی مشروط در شاخهٔ اصلاحی","1","شناسهٔ رسانه: C908-E08-L05-V01.mp4؛ مسیر قراردادی جدید؛ پیش از آپلود انبوه روی باکت واقعی تأیید شود. | در CSV فعلی upload-map ردیفی ندارد."
"ویدیوی تدریس — درس اول: کارگردانی و انتخاب نمایشنامه (۱۷۸)","کتاب‌های درسی · ویدیو","C908_E09-L01","Bucket/Media-files/C908-E09-L01-V01.mp4","https://c539776.parspack.net/Bucket/Media-files/C908-E09-L01-V01.mp4","mp4","StudyMedia.videoIds + BookToc","yes","بدون ردیف CSV","","","","","صوت/ویدیو: MediaVault؛ تازه‌سازی مشروط در شاخهٔ اصلاحی","1","شناسهٔ رسانه: C908-E09-L01-V01.mp4؛ مسیر قراردادی جدید؛ پیش از آپلود انبوه روی باکت واقعی تأیید شود. | در CSV فعلی upload-map ردیفی ندارد."
"ویدیوی تدریس — درس دوم: انتخاب بازیگر و خواندن متن (۱۸۰)","کتاب‌های درسی · ویدیو","C908_E09-L02","Bucket/Media-files/C908-E09-L02-V01.mp4","https://c539776.parspack.net/Bucket/Media-files/C908-E09-L02-V01.mp4","mp4","StudyMedia.videoIds + BookToc","yes","بدون ردیف CSV","","","","","صوت/ویدیو: MediaVault؛ تازه‌سازی مشروط در شاخهٔ اصلاحی","1","شناسهٔ رسانه: C908-E09-L02-V01.mp4؛ مسیر قراردادی جدید؛ پیش از آپلود انبوه روی باکت واقعی تأیید شود. | در CSV فعلی upload-map ردیفی ندارد."
"ویدیوی تدریس — درس سوم: حرکت و چیدمان روی صحنه (۱۸۲)","کتاب‌های درسی · ویدیو","C908_E09-L03","Bucket/Media-files/C908-E09-L03-V01.mp4","https://c539776.parspack.net/Bucket/Media-files/C908-E09-L03-V01.mp4","mp4","StudyMedia.videoIds + BookToc","yes","بدون ردیف CSV","","","","","صوت/ویدیو: MediaVault؛ تازه‌سازی مشروط در شاخهٔ اصلاحی","1","شناسهٔ رسانه: C908-E09-L03-V01.mp4؛ مسیر قراردادی جدید؛ پیش از آپلود انبوه روی باکت واقعی تأیید شود. | در CSV فعلی upload-map ردیفی ندارد."
"ویدیوی تدریس — اَلدَّرْسُ الْأَوَّلُ: مُراجَعَةُ دُروسِ الصَّفِّ السّابِعِ وَ الثّامِنِ (١١)","کتاب‌های درسی · ویدیو","C909_L01","Bucket/Media-files/C909-L01-V01.mp4","https://c539776.parspack.net/Bucket/Media-files/C909-L01-V01.mp4","mp4","StudyMedia.videoIds + BookToc","yes","بدون ردیف CSV","","","","","صوت/ویدیو: MediaVault؛ تازه‌سازی مشروط در شاخهٔ اصلاحی","1","شناسهٔ رسانه: C909-L01-V01.mp4؛ مسیر قراردادی جدید؛ پیش از آپلود انبوه روی باکت واقعی تأیید شود. | در CSV فعلی upload-map ردیفی ندارد."
"ویدیوی تدریس — اَلدَّرْسُ الثّانی: اَلْعُبورُ الْآمِنُ (٢١)","کتاب‌های درسی · ویدیو","C909_L02","Bucket/Media-files/C909-L02-V01.mp4","https://c539776.parspack.net/Bucket/Media-files/C909-L02-V01.mp4","mp4","StudyMedia.videoIds + BookToc","yes","بدون ردیف CSV","","","","","صوت/ویدیو: MediaVault؛ تازه‌سازی مشروط در شاخهٔ اصلاحی","1","شناسهٔ رسانه: C909-L02-V01.mp4؛ مسیر قراردادی جدید؛ پیش از آپلود انبوه روی باکت واقعی تأیید شود. | در CSV فعلی upload-map ردیفی ندارد."
"ویدیوی تدریس — اَلدَّرْسُ الثّالِثُ: جِسْرُ الصَّداقَةِ (٣٧)","کتاب‌های درسی · ویدیو","C909_L03","Bucket/Media-files/C909-L03-V01.mp4","https://c539776.parspack.net/Bucket/Media-files/C909-L03-V01.mp4","mp4","StudyMedia.videoIds + BookToc","yes","بدون ردیف CSV","","","","","صوت/ویدیو: MediaVault؛ تازه‌سازی مشروط در شاخهٔ اصلاحی","1","شناسهٔ رسانه: C909-L03-V01.mp4؛ مسیر قراردادی جدید؛ پیش از آپلود انبوه روی باکت واقعی تأیید شود. | در CSV فعلی upload-map ردیفی ندارد."
"ویدیوی تدریس — اَلدَّرْسُ الرّابِعُ: اَلصَّبْرُ مِفْتاحُ الْفَرَجِ (٤٩)","کتاب‌های درسی · ویدیو","C909_L04","Bucket/Media-files/C909-L04-V01.mp4","https://c539776.parspack.net/Bucket/Media-files/C909-L04-V01.mp4","mp4","StudyMedia.videoIds + BookToc","yes","بدون ردیف CSV","","","","","صوت/ویدیو: MediaVault؛ تازه‌سازی مشروط در شاخهٔ اصلاحی","1","شناسهٔ رسانه: C909-L04-V01.mp4؛ مسیر قراردادی جدید؛ پیش از آپلود انبوه روی باکت واقعی تأیید شود. | در CSV فعلی upload-map ردیفی ندارد."
"ویدیوی تدریس — اَلدَّرْسُ الْخامِسُ: اَلرَّجاءُ (٦١)","کتاب‌های درسی · ویدیو","C909_L05","Bucket/Media-files/C909-L05-V01.mp4","https://c539776.parspack.net/Bucket/Media-files/C909-L05-V01.mp4","mp4","StudyMedia.videoIds + BookToc","yes","بدون ردیف CSV","","","","","صوت/ویدیو: MediaVault؛ تازه‌سازی مشروط در شاخهٔ اصلاحی","1","شناسهٔ رسانه: C909-L05-V01.mp4؛ مسیر قراردادی جدید؛ پیش از آپلود انبوه روی باکت واقعی تأیید شود. | در CSV فعلی upload-map ردیفی ندارد."
"ویدیوی تدریس — اَلدَّرْسُ السّادِسُ: تَغْییرُ الْحَیاةِ (٧٥)","کتاب‌های درسی · ویدیو","C909_L06","Bucket/Media-files/C909-L06-V01.mp4","https://c539776.parspack.net/Bucket/Media-files/C909-L06-V01.mp4","mp4","StudyMedia.videoIds + BookToc","yes","بدون ردیف CSV","","","","","صوت/ویدیو: MediaVault؛ تازه‌سازی مشروط در شاخهٔ اصلاحی","1","شناسهٔ رسانه: C909-L06-V01.mp4؛ مسیر قراردادی جدید؛ پیش از آپلود انبوه روی باکت واقعی تأیید شود. | در CSV فعلی upload-map ردیفی ندارد."
"ویدیوی تدریس — اَلدَّرْسُ السّابِعُ: ثَمَرَةُ الْجِدِّ (٨٧)","کتاب‌های درسی · ویدیو","C909_L07","Bucket/Media-files/C909-L07-V01.mp4","https://c539776.parspack.net/Bucket/Media-files/C909-L07-V01.mp4","mp4","StudyMedia.videoIds + BookToc","yes","بدون ردیف CSV","","","","","صوت/ویدیو: MediaVault؛ تازه‌سازی مشروط در شاخهٔ اصلاحی","1","شناسهٔ رسانه: C909-L07-V01.mp4؛ مسیر قراردادی جدید؛ پیش از آپلود انبوه روی باکت واقعی تأیید شود. | در CSV فعلی upload-map ردیفی ندارد."
"ویدیوی تدریس — اَلدَّرْسُ الثّامِنُ: حِوارٌ بَیْنَ الزّائِرِ وَ سائِقِ سَیّارَةِ الْأُجْرَةِ (٩٩)","کتاب‌های درسی · ویدیو","C909_L08","Bucket/Media-files/C909-L08-V01.mp4","https://c539776.parspack.net/Bucket/Media-files/C909-L08-V01.mp4","mp4","StudyMedia.videoIds + BookToc","yes","بدون ردیف CSV","","","","","صوت/ویدیو: MediaVault؛ تازه‌سازی مشروط در شاخهٔ اصلاحی","1","شناسهٔ رسانه: C909-L08-V01.mp4؛ مسیر قراردادی جدید؛ پیش از آپلود انبوه روی باکت واقعی تأیید شود. | در CSV فعلی upload-map ردیفی ندارد."
"ویدیوی تدریس — اَلدَّرْسُ التّاسِعُ: نُصوصٌ حَوْلَ الصِّحَّةِ (١١١)","کتاب‌های درسی · ویدیو","C909_L09","Bucket/Media-files/C909-L09-V01.mp4","https://c539776.parspack.net/Bucket/Media-files/C909-L09-V01.mp4","mp4","StudyMedia.videoIds + BookToc","yes","بدون ردیف CSV","","","","","صوت/ویدیو: MediaVault؛ تازه‌سازی مشروط در شاخهٔ اصلاحی","1","شناسهٔ رسانه: C909-L09-V01.mp4؛ مسیر قراردادی جدید؛ پیش از آپلود انبوه روی باکت واقعی تأیید شود. | در CSV فعلی upload-map ردیفی ندارد."
"ویدیوی تدریس — اَلدَّرْسُ الْعاشِرُ: رِسالَةُ الشَّهیدِ سُلَیْمانی (١٢٥)","کتاب‌های درسی · ویدیو","C909_L10","Bucket/Media-files/C909-L10-V01.mp4","https://c539776.parspack.net/Bucket/Media-files/C909-L10-V01.mp4","mp4","StudyMedia.videoIds + BookToc","yes","بدون ردیف CSV","","","","","صوت/ویدیو: MediaVault؛ تازه‌سازی مشروط در شاخهٔ اصلاحی","1","شناسهٔ رسانه: C909-L10-V01.mp4؛ مسیر قراردادی جدید؛ پیش از آپلود انبوه روی باکت واقعی تأیید شود. | در CSV فعلی upload-map ردیفی ندارد."
"ویدیوی تدریس — Lesson 1 - Personality","کتاب‌های درسی · ویدیو","C910_L01","Bucket/Media-files/C910-L01-V01.mp4","https://c539776.parspack.net/Bucket/Media-files/C910-L01-V01.mp4","mp4","StudyMedia.videoIds + BookToc","yes","بدون ردیف CSV","","","","","صوت/ویدیو: MediaVault؛ تازه‌سازی مشروط در شاخهٔ اصلاحی","1","شناسهٔ رسانه: C910-L01-V01.mp4؛ مسیر قراردادی جدید؛ پیش از آپلود انبوه روی باکت واقعی تأیید شود. | در CSV فعلی upload-map ردیفی ندارد."
"ویدیوی تدریس — Lesson 2 - Travel","کتاب‌های درسی · ویدیو","C910_L02","Bucket/Media-files/C910-L02-V01.mp4","https://c539776.parspack.net/Bucket/Media-files/C910-L02-V01.mp4","mp4","StudyMedia.videoIds + BookToc","yes","بدون ردیف CSV","","","","","صوت/ویدیو: MediaVault؛ تازه‌سازی مشروط در شاخهٔ اصلاحی","1","شناسهٔ رسانه: C910-L02-V01.mp4؛ مسیر قراردادی جدید؛ پیش از آپلود انبوه روی باکت واقعی تأیید شود. | در CSV فعلی upload-map ردیفی ندارد."
"ویدیوی تدریس — Review 1","کتاب‌های درسی · ویدیو","C910_L03","Bucket/Media-files/C910-L03-V01.mp4","https://c539776.parspack.net/Bucket/Media-files/C910-L03-V01.mp4","mp4","StudyMedia.videoIds + BookToc","yes","بدون ردیف CSV","","","","","صوت/ویدیو: MediaVault؛ تازه‌سازی مشروط در شاخهٔ اصلاحی","1","شناسهٔ رسانه: C910-L03-V01.mp4؛ مسیر قراردادی جدید؛ پیش از آپلود انبوه روی باکت واقعی تأیید شود. | در CSV فعلی upload-map ردیفی ندارد."
"ویدیوی تدریس — Lesson 3 - Festivals and Ceremonies","کتاب‌های درسی · ویدیو","C910_L04","Bucket/Media-files/C910-L04-V01.mp4","https://c539776.parspack.net/Bucket/Media-files/C910-L04-V01.mp4","mp4","StudyMedia.videoIds + BookToc","yes","بدون ردیف CSV","","","","","صوت/ویدیو: MediaVault؛ تازه‌سازی مشروط در شاخهٔ اصلاحی","1","شناسهٔ رسانه: C910-L04-V01.mp4؛ مسیر قراردادی جدید؛ پیش از آپلود انبوه روی باکت واقعی تأیید شود. | در CSV فعلی upload-map ردیفی ندارد."
"ویدیوی تدریس — Lesson 4 - Services","کتاب‌های درسی · ویدیو","C910_L05","Bucket/Media-files/C910-L05-V01.mp4","https://c539776.parspack.net/Bucket/Media-files/C910-L05-V01.mp4","mp4","StudyMedia.videoIds + BookToc","yes","بدون ردیف CSV","","","","","صوت/ویدیو: MediaVault؛ تازه‌سازی مشروط در شاخهٔ اصلاحی","1","شناسهٔ رسانه: C910-L05-V01.mp4؛ مسیر قراردادی جدید؛ پیش از آپلود انبوه روی باکت واقعی تأیید شود. | در CSV فعلی upload-map ردیفی ندارد."
"ویدیوی تدریس — Review 2","کتاب‌های درسی · ویدیو","C910_L06","Bucket/Media-files/C910-L06-V01.mp4","https://c539776.parspack.net/Bucket/Media-files/C910-L06-V01.mp4","mp4","StudyMedia.videoIds + BookToc","yes","بدون ردیف CSV","","","","","صوت/ویدیو: MediaVault؛ تازه‌سازی مشروط در شاخهٔ اصلاحی","1","شناسهٔ رسانه: C910-L06-V01.mp4؛ مسیر قراردادی جدید؛ پیش از آپلود انبوه روی باکت واقعی تأیید شود. | در CSV فعلی upload-map ردیفی ندارد."
"ویدیوی تدریس — Lesson 5 - Media","کتاب‌های درسی · ویدیو","C910_L07","Bucket/Media-files/C910-L07-V01.mp4","https://c539776.parspack.net/Bucket/Media-files/C910-L07-V01.mp4","mp4","StudyMedia.videoIds + BookToc","yes","بدون ردیف CSV","","","","","صوت/ویدیو: MediaVault؛ تازه‌سازی مشروط در شاخهٔ اصلاحی","1","شناسهٔ رسانه: C910-L07-V01.mp4؛ مسیر قراردادی جدید؛ پیش از آپلود انبوه روی باکت واقعی تأیید شود. | در CSV فعلی upload-map ردیفی ندارد."
"ویدیوی تدریس — Lesson 6 - Health and Injuries","کتاب‌های درسی · ویدیو","C910_L08","Bucket/Media-files/C910-L08-V01.mp4","https://c539776.parspack.net/Bucket/Media-files/C910-L08-V01.mp4","mp4","StudyMedia.videoIds + BookToc","yes","بدون ردیف CSV","","","","","صوت/ویدیو: MediaVault؛ تازه‌سازی مشروط در شاخهٔ اصلاحی","1","شناسهٔ رسانه: C910-L08-V01.mp4؛ مسیر قراردادی جدید؛ پیش از آپلود انبوه روی باکت واقعی تأیید شود. | در CSV فعلی upload-map ردیفی ندارد."
"ویدیوی تدریس — Review 3","کتاب‌های درسی · ویدیو","C910_L09","Bucket/Media-files/C910-L09-V01.mp4","https://c539776.parspack.net/Bucket/Media-files/C910-L09-V01.mp4","mp4","StudyMedia.videoIds + BookToc","yes","بدون ردیف CSV","","","","","صوت/ویدیو: MediaVault؛ تازه‌سازی مشروط در شاخهٔ اصلاحی","1","شناسهٔ رسانه: C910-L09-V01.mp4؛ مسیر قراردادی جدید؛ پیش از آپلود انبوه روی باکت واقعی تأیید شود. | در CSV فعلی upload-map ردیفی ندارد."
"ویدیوی تدریس — Lesson 1 - Personality (شخصیت)","کتاب‌های درسی · ویدیو","C911_L01","Bucket/Media-files/C911-L01-V01.mp4","https://c539776.parspack.net/Bucket/Media-files/C911-L01-V01.mp4","mp4","StudyMedia.videoIds + BookToc","yes","بدون ردیف CSV","","","","","صوت/ویدیو: MediaVault؛ تازه‌سازی مشروط در شاخهٔ اصلاحی","1","شناسهٔ رسانه: C911-L01-V01.mp4؛ مسیر قراردادی جدید؛ پیش از آپلود انبوه روی باکت واقعی تأیید شود. | در CSV فعلی upload-map ردیفی ندارد."
"ویدیوی تدریس — Lesson 2 - Travel (سفر)","کتاب‌های درسی · ویدیو","C911_L02","Bucket/Media-files/C911-L02-V01.mp4","https://c539776.parspack.net/Bucket/Media-files/C911-L02-V01.mp4","mp4","StudyMedia.videoIds + BookToc","yes","بدون ردیف CSV","","","","","صوت/ویدیو: MediaVault؛ تازه‌سازی مشروط در شاخهٔ اصلاحی","1","شناسهٔ رسانه: C911-L02-V01.mp4؛ مسیر قراردادی جدید؛ پیش از آپلود انبوه روی باکت واقعی تأیید شود. | در CSV فعلی upload-map ردیفی ندارد."
"ویدیوی تدریس — Lesson 3 - Festivals and Ceremonies (جشن‌ها و مراسم)","کتاب‌های درسی · ویدیو","C911_L03","Bucket/Media-files/C911-L03-V01.mp4","https://c539776.parspack.net/Bucket/Media-files/C911-L03-V01.mp4","mp4","StudyMedia.videoIds + BookToc","yes","بدون ردیف CSV","","","","","صوت/ویدیو: MediaVault؛ تازه‌سازی مشروط در شاخهٔ اصلاحی","1","شناسهٔ رسانه: C911-L03-V01.mp4؛ مسیر قراردادی جدید؛ پیش از آپلود انبوه روی باکت واقعی تأیید شود. | در CSV فعلی upload-map ردیفی ندارد."
"ویدیوی تدریس — Lesson 4 - Services (خدمات)","کتاب‌های درسی · ویدیو","C911_L04","Bucket/Media-files/C911-L04-V01.mp4","https://c539776.parspack.net/Bucket/Media-files/C911-L04-V01.mp4","mp4","StudyMedia.videoIds + BookToc","yes","بدون ردیف CSV","","","","","صوت/ویدیو: MediaVault؛ تازه‌سازی مشروط در شاخهٔ اصلاحی","1","شناسهٔ رسانه: C911-L04-V01.mp4؛ مسیر قراردادی جدید؛ پیش از آپلود انبوه روی باکت واقعی تأیید شود. | در CSV فعلی upload-map ردیفی ندارد."
"ویدیوی تدریس — Lesson 5 - Media (رسانه)","کتاب‌های درسی · ویدیو","C911_L05","Bucket/Media-files/C911-L05-V01.mp4","https://c539776.parspack.net/Bucket/Media-files/C911-L05-V01.mp4","mp4","StudyMedia.videoIds + BookToc","yes","بدون ردیف CSV","","","","","صوت/ویدیو: MediaVault؛ تازه‌سازی مشروط در شاخهٔ اصلاحی","1","شناسهٔ رسانه: C911-L05-V01.mp4؛ مسیر قراردادی جدید؛ پیش از آپلود انبوه روی باکت واقعی تأیید شود. | در CSV فعلی upload-map ردیفی ندارد."
"ویدیوی تدریس — Lesson 6 - Health and Injuries (سلامت و آسیب‌ها)","کتاب‌های درسی · ویدیو","C911_L06","Bucket/Media-files/C911-L06-V01.mp4","https://c539776.parspack.net/Bucket/Media-files/C911-L06-V01.mp4","mp4","StudyMedia.videoIds + BookToc","yes","بدون ردیف CSV","","","","","صوت/ویدیو: MediaVault؛ تازه‌سازی مشروط در شاخهٔ اصلاحی","1","شناسهٔ رسانه: C911-L06-V01.mp4؛ مسیر قراردادی جدید؛ پیش از آپلود انبوه روی باکت واقعی تأیید شود. | در CSV فعلی upload-map ردیفی ندارد."
"ویدیوی تدریس — درس ۱ — امنیت","کتاب‌های درسی · ویدیو","C915_E01-L01","Bucket/Media-files/C915-E01-L01-V01.mp4","https://c539776.parspack.net/Bucket/Media-files/C915-E01-L01-V01.mp4","mp4","StudyMedia.videoIds + BookToc","yes","بدون ردیف CSV","","","","","صوت/ویدیو: MediaVault؛ تازه‌سازی مشروط در شاخهٔ اصلاحی","1","شناسهٔ رسانه: C915-E01-L01-V01.mp4؛ مسیر قراردادی جدید؛ پیش از آپلود انبوه روی باکت واقعی تأیید شود. | در CSV فعلی upload-map ردیفی ندارد."
"ویدیوی تدریس — درس ۲ — دفاع و تهاجم","کتاب‌های درسی · ویدیو","C915_E01-L02","Bucket/Media-files/C915-E01-L02-V01.mp4","https://c539776.parspack.net/Bucket/Media-files/C915-E01-L02-V01.mp4","mp4","StudyMedia.videoIds + BookToc","yes","بدون ردیف CSV","","","","","صوت/ویدیو: MediaVault؛ تازه‌سازی مشروط در شاخهٔ اصلاحی","1","شناسهٔ رسانه: C915-E01-L02-V01.mp4؛ مسیر قراردادی جدید؛ پیش از آپلود انبوه روی باکت واقعی تأیید شود. | در CSV فعلی upload-map ردیفی ندارد."
"ویدیوی تدریس — درس ۳ — انقلاب اسلامی","کتاب‌های درسی · ویدیو","C915_E02-L01","Bucket/Media-files/C915-E02-L01-V01.mp4","https://c539776.parspack.net/Bucket/Media-files/C915-E02-L01-V01.mp4","mp4","StudyMedia.videoIds + BookToc","yes","بدون ردیف CSV","","","","","صوت/ویدیو: MediaVault؛ تازه‌سازی مشروط در شاخهٔ اصلاحی","1","شناسهٔ رسانه: C915-E02-L01-V01.mp4؛ مسیر قراردادی جدید؛ پیش از آپلود انبوه روی باکت واقعی تأیید شود. | در CSV فعلی upload-map ردیفی ندارد."
"ویدیوی تدریس — درس ۴ — بسیج، مدرسه‌ی عشق","کتاب‌های درسی · ویدیو","C915_E02-L02","Bucket/Media-files/C915-E02-L02-V01.mp4","https://c539776.parspack.net/Bucket/Media-files/C915-E02-L02-V01.mp4","mp4","StudyMedia.videoIds + BookToc","yes","بدون ردیف CSV","","","","","صوت/ویدیو: MediaVault؛ تازه‌سازی مشروط در شاخهٔ اصلاحی","1","شناسهٔ رسانه: C915-E02-L02-V01.mp4؛ مسیر قراردادی جدید؛ پیش از آپلود انبوه روی باکت واقعی تأیید شود. | در CSV فعلی upload-map ردیفی ندارد."
"ویدیوی تدریس — درس ۵ — آشنایی با حماسه‌ی دفاع مقدس","کتاب‌های درسی · ویدیو","C915_E02-L03","Bucket/Media-files/C915-E02-L03-V01.mp4","https://c539776.parspack.net/Bucket/Media-files/C915-E02-L03-V01.mp4","mp4","StudyMedia.videoIds + BookToc","yes","بدون ردیف CSV","","","","","صوت/ویدیو: MediaVault؛ تازه‌سازی مشروط در شاخهٔ اصلاحی","1","شناسهٔ رسانه: C915-E02-L03-V01.mp4؛ مسیر قراردادی جدید؛ پیش از آپلود انبوه روی باکت واقعی تأیید شود. | در CSV فعلی upload-map ردیفی ندارد."
"ویدیوی تدریس — درس ۶ — مردان مبارز و زنان قهرمان","کتاب‌های درسی · ویدیو","C915_E02-L04","Bucket/Media-files/C915-E02-L04-V01.mp4","https://c539776.parspack.net/Bucket/Media-files/C915-E02-L04-V01.mp4","mp4","StudyMedia.videoIds + BookToc","yes","بدون ردیف CSV","","","","","صوت/ویدیو: MediaVault؛ تازه‌سازی مشروط در شاخهٔ اصلاحی","1","شناسهٔ رسانه: C915-E02-L04-V01.mp4؛ مسیر قراردادی جدید؛ پیش از آپلود انبوه روی باکت واقعی تأیید شود. | در CSV فعلی upload-map ردیفی ندارد."
"ویدیوی تدریس — درس ۷ — سرباز اسلام، سردار دل‌ها","کتاب‌های درسی · ویدیو","C915_E02-L05","Bucket/Media-files/C915-E02-L05-V01.mp4","https://c539776.parspack.net/Bucket/Media-files/C915-E02-L05-V01.mp4","mp4","StudyMedia.videoIds + BookToc","yes","بدون ردیف CSV","","","","","صوت/ویدیو: MediaVault؛ تازه‌سازی مشروط در شاخهٔ اصلاحی","1","شناسهٔ رسانه: C915-E02-L05-V01.mp4؛ مسیر قراردادی جدید؛ پیش از آپلود انبوه روی باکت واقعی تأیید شود. | در CSV فعلی upload-map ردیفی ندارد."
"ویدیوی تدریس — درس ۸ — نظام جمع و شیوه‌های رزم انفرادی","کتاب‌های درسی · ویدیو","C915_E03-L01","Bucket/Media-files/C915-E03-L01-V01.mp4","https://c539776.parspack.net/Bucket/Media-files/C915-E03-L01-V01.mp4","mp4","StudyMedia.videoIds + BookToc","yes","بدون ردیف CSV","","","","","صوت/ویدیو: MediaVault؛ تازه‌سازی مشروط در شاخهٔ اصلاحی","1","شناسهٔ رسانه: C915-E03-L01-V01.mp4؛ مسیر قراردادی جدید؛ پیش از آپلود انبوه روی باکت واقعی تأیید شود. | در CSV فعلی upload-map ردیفی ندارد."
"ویدیوی تدریس — درس ۹ — شناخت و مقابله با جنگ نرم","کتاب‌های درسی · ویدیو","C915_E03-L02","Bucket/Media-files/C915-E03-L02-V01.mp4","https://c539776.parspack.net/Bucket/Media-files/C915-E03-L02-V01.mp4","mp4","StudyMedia.videoIds + BookToc","yes","بدون ردیف CSV","","","","","صوت/ویدیو: MediaVault؛ تازه‌سازی مشروط در شاخهٔ اصلاحی","1","شناسهٔ رسانه: C915-E03-L02-V01.mp4؛ مسیر قراردادی جدید؛ پیش از آپلود انبوه روی باکت واقعی تأیید شود. | در CSV فعلی upload-map ردیفی ندارد."
"ویدیوی تدریس — درس ۱۰ — پدافند غیرعامل","کتاب‌های درسی · ویدیو","C915_E03-L03","Bucket/Media-files/C915-E03-L03-V01.mp4","https://c539776.parspack.net/Bucket/Media-files/C915-E03-L03-V01.mp4","mp4","StudyMedia.videoIds + BookToc","yes","بدون ردیف CSV","","","","","صوت/ویدیو: MediaVault؛ تازه‌سازی مشروط در شاخهٔ اصلاحی","1","شناسهٔ رسانه: C915-E03-L03-V01.mp4؛ مسیر قراردادی جدید؛ پیش از آپلود انبوه روی باکت واقعی تأیید شود. | در CSV فعلی upload-map ردیفی ندارد."
"ویدیوی تدریس — درس ۱۱ — آمادگی و ایمنی در برابر زمین‌لرزه","کتاب‌های درسی · ویدیو","C915_E03-L04","Bucket/Media-files/C915-E03-L04-V01.mp4","https://c539776.parspack.net/Bucket/Media-files/C915-E03-L04-V01.mp4","mp4","StudyMedia.videoIds + BookToc","yes","بدون ردیف CSV","","","","","صوت/ویدیو: MediaVault؛ تازه‌سازی مشروط در شاخهٔ اصلاحی","1","شناسهٔ رسانه: C915-E03-L04-V01.mp4؛ مسیر قراردادی جدید؛ پیش از آپلود انبوه روی باکت واقعی تأیید شود. | در CSV فعلی upload-map ردیفی ندارد."
"ویدیوی تدریس — پودمان ۱: الگوریتم (۳)","کتاب‌های درسی · ویدیو","C917_E01-L01","Bucket/Media-files/C917-E01-L01-V01.mp4","https://c539776.parspack.net/Bucket/Media-files/C917-E01-L01-V01.mp4","mp4","StudyMedia.videoIds + BookToc","yes","بدون ردیف CSV","","","","","صوت/ویدیو: MediaVault؛ تازه‌سازی مشروط در شاخهٔ اصلاحی","1","شناسهٔ رسانه: C917-E01-L01-V01.mp4؛ مسیر قراردادی جدید؛ پیش از آپلود انبوه روی باکت واقعی تأیید شود. | در CSV فعلی upload-map ردیفی ندارد."
"ویدیوی تدریس — پودمان ۲: ترسیم با رایانه (۱۳)","کتاب‌های درسی · ویدیو","C917_E01-L02","Bucket/Media-files/C917-E01-L02-V01.mp4","https://c539776.parspack.net/Bucket/Media-files/C917-E01-L02-V01.mp4","mp4","StudyMedia.videoIds + BookToc","yes","بدون ردیف CSV","","","","","صوت/ویدیو: MediaVault؛ تازه‌سازی مشروط در شاخهٔ اصلاحی","1","شناسهٔ رسانه: C917-E01-L02-V01.mp4؛ مسیر قراردادی جدید؛ پیش از آپلود انبوه روی باکت واقعی تأیید شود. | در CSV فعلی upload-map ردیفی ندارد."
"ویدیوی تدریس — پودمان ۳: ساز و کارهای حرکتی (۲۵)","کتاب‌های درسی · ویدیو","C917_E01-L03","Bucket/Media-files/C917-E01-L03-V01.mp4","https://c539776.parspack.net/Bucket/Media-files/C917-E01-L03-V01.mp4","mp4","StudyMedia.videoIds + BookToc","yes","بدون ردیف CSV","","","","","صوت/ویدیو: MediaVault؛ تازه‌سازی مشروط در شاخهٔ اصلاحی","1","شناسهٔ رسانه: C917-E01-L03-V01.mp4؛ مسیر قراردادی جدید؛ پیش از آپلود انبوه روی باکت واقعی تأیید شود. | در CSV فعلی upload-map ردیفی ندارد."
"ویدیوی تدریس — پودمان ۴: برنامه‌نویسی پایتون (۳) (۳۹)","کتاب‌های درسی · ویدیو","C917_E01-L04","Bucket/Media-files/C917-E01-L04-V01.mp4","https://c539776.parspack.net/Bucket/Media-files/C917-E01-L04-V01.mp4","mp4","StudyMedia.videoIds + BookToc","yes","بدون ردیف CSV","","","","","صوت/ویدیو: MediaVault؛ تازه‌سازی مشروط در شاخهٔ اصلاحی","1","شناسهٔ رسانه: C917-E01-L04-V01.mp4؛ مسیر قراردادی جدید؛ پیش از آپلود انبوه روی باکت واقعی تأیید شود. | در CSV فعلی upload-map ردیفی ندارد."
"ویدیوی تدریس — پودمان ۵: هدایت تحصیلی - حرفه‌ای (۵۷)","کتاب‌های درسی · ویدیو","C917_E01-L05","Bucket/Media-files/C917-E01-L05-V01.mp4","https://c539776.parspack.net/Bucket/Media-files/C917-E01-L05-V01.mp4","mp4","StudyMedia.videoIds + BookToc","yes","بدون ردیف CSV","","","","","صوت/ویدیو: MediaVault؛ تازه‌سازی مشروط در شاخهٔ اصلاحی","1","شناسهٔ رسانه: C917-E01-L05-V01.mp4؛ مسیر قراردادی جدید؛ پیش از آپلود انبوه روی باکت واقعی تأیید شود. | در CSV فعلی upload-map ردیفی ندارد."
"ویدیوی تدریس — پودمان ۶: برق (۷۳)","کتاب‌های درسی · ویدیو","C917_E02-L01","Bucket/Media-files/C917-E02-L01-V01.mp4","https://c539776.parspack.net/Bucket/Media-files/C917-E02-L01-V01.mp4","mp4","StudyMedia.videoIds + BookToc","yes","بدون ردیف CSV","","","","","صوت/ویدیو: MediaVault؛ تازه‌سازی مشروط در شاخهٔ اصلاحی","1","شناسهٔ رسانه: C917-E02-L01-V01.mp4؛ مسیر قراردادی جدید؛ پیش از آپلود انبوه روی باکت واقعی تأیید شود. | در CSV فعلی upload-map ردیفی ندارد."
"ویدیوی تدریس — پودمان ۷: تأسیسات مکانیکی (۸۷)","کتاب‌های درسی · ویدیو","C917_E02-L02","Bucket/Media-files/C917-E02-L02-V01.mp4","https://c539776.parspack.net/Bucket/Media-files/C917-E02-L02-V01.mp4","mp4","StudyMedia.videoIds + BookToc","yes","بدون ردیف CSV","","","","","صوت/ویدیو: MediaVault؛ تازه‌سازی مشروط در شاخهٔ اصلاحی","1","شناسهٔ رسانه: C917-E02-L02-V01.mp4؛ مسیر قراردادی جدید؛ پیش از آپلود انبوه روی باکت واقعی تأیید شود. | در CSV فعلی upload-map ردیفی ندارد."
"ویدیوی تدریس — پودمان ۸: عمران (۱۰۱)","کتاب‌های درسی · ویدیو","C917_E02-L03","Bucket/Media-files/C917-E02-L03-V01.mp4","https://c539776.parspack.net/Bucket/Media-files/C917-E02-L03-V01.mp4","mp4","StudyMedia.videoIds + BookToc","yes","بدون ردیف CSV","","","","","صوت/ویدیو: MediaVault؛ تازه‌سازی مشروط در شاخهٔ اصلاحی","1","شناسهٔ رسانه: C917-E02-L03-V01.mp4؛ مسیر قراردادی جدید؛ پیش از آپلود انبوه روی باکت واقعی تأیید شود. | در CSV فعلی upload-map ردیفی ندارد."
"ویدیوی تدریس — پودمان ۹: خودرو (۱۱۵)","کتاب‌های درسی · ویدیو","C917_E02-L04","Bucket/Media-files/C917-E02-L04-V01.mp4","https://c539776.parspack.net/Bucket/Media-files/C917-E02-L04-V01.mp4","mp4","StudyMedia.videoIds + BookToc","yes","بدون ردیف CSV","","","","","صوت/ویدیو: MediaVault؛ تازه‌سازی مشروط در شاخهٔ اصلاحی","1","شناسهٔ رسانه: C917-E02-L04-V01.mp4؛ مسیر قراردادی جدید؛ پیش از آپلود انبوه روی باکت واقعی تأیید شود. | در CSV فعلی upload-map ردیفی ندارد."
"ویدیوی تدریس — پودمان ۱۰: پایش رشد و تکامل کودک (۱۲۹)","کتاب‌های درسی · ویدیو","C917_E02-L05","Bucket/Media-files/C917-E02-L05-V01.mp4","https://c539776.parspack.net/Bucket/Media-files/C917-E02-L05-V01.mp4","mp4","StudyMedia.videoIds + BookToc","yes","بدون ردیف CSV","","","","","صوت/ویدیو: MediaVault؛ تازه‌سازی مشروط در شاخهٔ اصلاحی","1","شناسهٔ رسانه: C917-E02-L05-V01.mp4؛ مسیر قراردادی جدید؛ پیش از آپلود انبوه روی باکت واقعی تأیید شود. | در CSV فعلی upload-map ردیفی ندارد."
"ویدیوی تدریس — پودمان ۱۱: صنایع دستی (برجسته‌کاری روی فلز مس) (۱۴۱)","کتاب‌های درسی · ویدیو","C917_E02-L06","Bucket/Media-files/C917-E02-L06-V01.mp4","https://c539776.parspack.net/Bucket/Media-files/C917-E02-L06-V01.mp4","mp4","StudyMedia.videoIds + BookToc","yes","بدون ردیف CSV","","","","","صوت/ویدیو: MediaVault؛ تازه‌سازی مشروط در شاخهٔ اصلاحی","1","شناسهٔ رسانه: C917-E02-L06-V01.mp4؛ مسیر قراردادی جدید؛ پیش از آپلود انبوه روی باکت واقعی تأیید شود. | در CSV فعلی upload-map ردیفی ندارد."
"ویدیوی تدریس — درس ۱ - شروع یک ماجرا (۱۵)","کتاب‌های درسی · ویدیو","C941_L01","Bucket/Media-files/C941-L01-V01.mp4","https://c539776.parspack.net/Bucket/Media-files/C941-L01-V01.mp4","mp4","StudyMedia.videoIds + BookToc","yes","بدون ردیف CSV","","","","","صوت/ویدیو: MediaVault؛ تازه‌سازی مشروط در شاخهٔ اصلاحی","1","شناسهٔ رسانه: C941-L01-V01.mp4؛ مسیر قراردادی جدید؛ پیش از آپلود انبوه روی باکت واقعی تأیید شود. | در CSV فعلی upload-map ردیفی ندارد."
"ویدیوی تدریس — درس ۲ - توطئه‌ای به نام بازی (۲۹)","کتاب‌های درسی · ویدیو","C941_L02","Bucket/Media-files/C941-L02-V01.mp4","https://c539776.parspack.net/Bucket/Media-files/C941-L02-V01.mp4","mp4","StudyMedia.videoIds + BookToc","yes","بدون ردیف CSV","","","","","صوت/ویدیو: MediaVault؛ تازه‌سازی مشروط در شاخهٔ اصلاحی","1","شناسهٔ رسانه: C941-L02-V01.mp4؛ مسیر قراردادی جدید؛ پیش از آپلود انبوه روی باکت واقعی تأیید شود. | در CSV فعلی upload-map ردیفی ندارد."
"ویدیوی تدریس — درس ۳ - کاروان سرنوشت (۴۳)","کتاب‌های درسی · ویدیو","C941_L03","Bucket/Media-files/C941-L03-V01.mp4","https://c539776.parspack.net/Bucket/Media-files/C941-L03-V01.mp4","mp4","StudyMedia.videoIds + BookToc","yes","بدون ردیف CSV","","","","","صوت/ویدیو: MediaVault؛ تازه‌سازی مشروط در شاخهٔ اصلاحی","1","شناسهٔ رسانه: C941-L03-V01.mp4؛ مسیر قراردادی جدید؛ پیش از آپلود انبوه روی باکت واقعی تأیید شود. | در CSV فعلی upload-map ردیفی ندارد."
"ویدیوی تدریس — درس ۴ - فرار به سوی خدا (۵۵)","کتاب‌های درسی · ویدیو","C941_L04","Bucket/Media-files/C941-L04-V01.mp4","https://c539776.parspack.net/Bucket/Media-files/C941-L04-V01.mp4","mp4","StudyMedia.videoIds + BookToc","yes","بدون ردیف CSV","","","","","صوت/ویدیو: MediaVault؛ تازه‌سازی مشروط در شاخهٔ اصلاحی","1","شناسهٔ رسانه: C941-L04-V01.mp4؛ مسیر قراردادی جدید؛ پیش از آپلود انبوه روی باکت واقعی تأیید شود. | در CSV فعلی upload-map ردیفی ندارد."
"ویدیوی تدریس — درس ۵ - مهمانی رسوایی (۶۸)","کتاب‌های درسی · ویدیو","C941_L05","Bucket/Media-files/C941-L05-V01.mp4","https://c539776.parspack.net/Bucket/Media-files/C941-L05-V01.mp4","mp4","StudyMedia.videoIds + BookToc","yes","بدون ردیف CSV","","","","","صوت/ویدیو: MediaVault؛ تازه‌سازی مشروط در شاخهٔ اصلاحی","1","شناسهٔ رسانه: C941-L05-V01.mp4؛ مسیر قراردادی جدید؛ پیش از آپلود انبوه روی باکت واقعی تأیید شود. | در CSV فعلی upload-map ردیفی ندارد."
"ویدیوی تدریس — درس ۶ - پیروزی تأمل‌برانگیز (۸۱)","کتاب‌های درسی · ویدیو","C941_L06","Bucket/Media-files/C941-L06-V01.mp4","https://c539776.parspack.net/Bucket/Media-files/C941-L06-V01.mp4","mp4","StudyMedia.videoIds + BookToc","yes","بدون ردیف CSV","","","","","صوت/ویدیو: MediaVault؛ تازه‌سازی مشروط در شاخهٔ اصلاحی","1","شناسهٔ رسانه: C941-L06-V01.mp4؛ مسیر قراردادی جدید؛ پیش از آپلود انبوه روی باکت واقعی تأیید شود. | در CSV فعلی upload-map ردیفی ندارد."
"ویدیوی تدریس — درس ۷ - کلاس توحید در زندان (۹۵)","کتاب‌های درسی · ویدیو","C941_L07","Bucket/Media-files/C941-L07-V01.mp4","https://c539776.parspack.net/Bucket/Media-files/C941-L07-V01.mp4","mp4","StudyMedia.videoIds + BookToc","yes","بدون ردیف CSV","","","","","صوت/ویدیو: MediaVault؛ تازه‌سازی مشروط در شاخهٔ اصلاحی","1","شناسهٔ رسانه: C941-L07-V01.mp4؛ مسیر قراردادی جدید؛ پیش از آپلود انبوه روی باکت واقعی تأیید شود. | در CSV فعلی upload-map ردیفی ندارد."
"ویدیوی تدریس — درس ۸ - رؤیای سرنوشت‌ساز (۱۰۹)","کتاب‌های درسی · ویدیو","C941_L08","Bucket/Media-files/C941-L08-V01.mp4","https://c539776.parspack.net/Bucket/Media-files/C941-L08-V01.mp4","mp4","StudyMedia.videoIds + BookToc","yes","بدون ردیف CSV","","","","","صوت/ویدیو: MediaVault؛ تازه‌سازی مشروط در شاخهٔ اصلاحی","1","شناسهٔ رسانه: C941-L08-V01.mp4؛ مسیر قراردادی جدید؛ پیش از آپلود انبوه روی باکت واقعی تأیید شود. | در CSV فعلی upload-map ردیفی ندارد."
"ویدیوی تدریس — درس ۹ - اسیری که امیر شد (۱۲۱)","کتاب‌های درسی · ویدیو","C941_L09","Bucket/Media-files/C941-L09-V01.mp4","https://c539776.parspack.net/Bucket/Media-files/C941-L09-V01.mp4","mp4","StudyMedia.videoIds + BookToc","yes","بدون ردیف CSV","","","","","صوت/ویدیو: MediaVault؛ تازه‌سازی مشروط در شاخهٔ اصلاحی","1","شناسهٔ رسانه: C941-L09-V01.mp4؛ مسیر قراردادی جدید؛ پیش از آپلود انبوه روی باکت واقعی تأیید شود. | در CSV فعلی upload-map ردیفی ندارد."
"ویدیوی تدریس — درس ۱۰ - دیدارها تازه می‌شود (۱۳۷)","کتاب‌های درسی · ویدیو","C941_L10","Bucket/Media-files/C941-L10-V01.mp4","https://c539776.parspack.net/Bucket/Media-files/C941-L10-V01.mp4","mp4","StudyMedia.videoIds + BookToc","yes","بدون ردیف CSV","","","","","صوت/ویدیو: MediaVault؛ تازه‌سازی مشروط در شاخهٔ اصلاحی","1","شناسهٔ رسانه: C941-L10-V01.mp4؛ مسیر قراردادی جدید؛ پیش از آپلود انبوه روی باکت واقعی تأیید شود. | در CSV فعلی upload-map ردیفی ندارد."
"ویدیوی تدریس — درس ۱۱ - ماجرای ظرف قیمتی (۱۵۳)","کتاب‌های درسی · ویدیو","C941_L11","Bucket/Media-files/C941-L11-V01.mp4","https://c539776.parspack.net/Bucket/Media-files/C941-L11-V01.mp4","mp4","StudyMedia.videoIds + BookToc","yes","بدون ردیف CSV","","","","","صوت/ویدیو: MediaVault؛ تازه‌سازی مشروط در شاخهٔ اصلاحی","1","شناسهٔ رسانه: C941-L11-V01.mp4؛ مسیر قراردادی جدید؛ پیش از آپلود انبوه روی باکت واقعی تأیید شود. | در CSV فعلی upload-map ردیفی ندارد."
"ویدیوی تدریس — درس ۱۲ - پایان یک ماجرا (۱۶۹)","کتاب‌های درسی · ویدیو","C941_L12","Bucket/Media-files/C941-L12-V01.mp4","https://c539776.parspack.net/Bucket/Media-files/C941-L12-V01.mp4","mp4","StudyMedia.videoIds + BookToc","yes","بدون ردیف CSV","","","","","صوت/ویدیو: MediaVault؛ تازه‌سازی مشروط در شاخهٔ اصلاحی","1","شناسهٔ رسانه: C941-L12-V01.mp4؛ مسیر قراردادی جدید؛ پیش از آپلود انبوه روی باکت واقعی تأیید شود. | در CSV فعلی upload-map ردیفی ندارد."
"جنگل آرام","کسب آرامش","cj-01","Bucket/Html-files/app/calm/journey/01-calm-forest.html","https://c539776.parspack.net/Bucket/Html-files/app/calm/journey/01-calm-forest.html","html","app-content.tsv ; app-Parspack-upload-map.csv","yes","active","جنگل آرام","cj-01","https://c539776.parspack.net/Bucket/Html-files/app/calm/journey/01-calm-forest.html","یکسان","HTML: LessonCache؛ کش HMK1 + اعتبارسنجی تغییر","2","سفر ذهنی"
"ساحل و امواج","کسب آرامش","cj-02","Bucket/Html-files/app/calm/journey/02-beach-waves.html","https://c539776.parspack.net/Bucket/Html-files/app/calm/journey/02-beach-waves.html","html","app-content.tsv ; app-Parspack-upload-map.csv","yes","active","ساحل و امواج","cj-02","https://c539776.parspack.net/Bucket/Html-files/app/calm/journey/02-beach-waves.html","یکسان","HTML: LessonCache؛ کش HMK1 + اعتبارسنجی تغییر","2","سفر ذهنی"
"کلبه کوهستانی","کسب آرامش","cj-03","Bucket/Html-files/app/calm/journey/03-mountain-cabin.html","https://c539776.parspack.net/Bucket/Html-files/app/calm/journey/03-mountain-cabin.html","html","app-content.tsv ; app-Parspack-upload-map.csv","yes","active","کلبه کوهستانی","cj-03","https://c539776.parspack.net/Bucket/Html-files/app/calm/journey/03-mountain-cabin.html","یکسان","HTML: LessonCache؛ کش HMK1 + اعتبارسنجی تغییر","2","سفر ذهنی"
"باغ مخفی","کسب آرامش","cj-04","Bucket/Html-files/app/calm/journey/04-secret-garden.html","https://c539776.parspack.net/Bucket/Html-files/app/calm/journey/04-secret-garden.html","html","app-content.tsv ; app-Parspack-upload-map.csv","yes","active","باغ مخفی","cj-04","https://c539776.parspack.net/Bucket/Html-files/app/calm/journey/04-secret-garden.html","یکسان","HTML: LessonCache؛ کش HMK1 + اعتبارسنجی تغییر","2","سفر ذهنی"
"قایق روی رودخانه","کسب آرامش","cj-05","Bucket/Html-files/app/calm/journey/05-river-boat.html","https://c539776.parspack.net/Bucket/Html-files/app/calm/journey/05-river-boat.html","html","app-content.tsv ; app-Parspack-upload-map.csv","yes","active","قایق روی رودخانه","cj-05","https://c539776.parspack.net/Bucket/Html-files/app/calm/journey/05-river-boat.html","یکسان","HTML: LessonCache؛ کش HMK1 + اعتبارسنجی تغییر","2","سفر ذهنی"
"پیاده‌روی زیر باران","کسب آرامش","cj-06","Bucket/Html-files/app/calm/journey/06-rain-walk.html","https://c539776.parspack.net/Bucket/Html-files/app/calm/journey/06-rain-walk.html","html","app-content.tsv ; app-Parspack-upload-map.csv","yes","active","پیاده‌روی زیر باران","cj-06","https://c539776.parspack.net/Bucket/Html-files/app/calm/journey/06-rain-walk.html","یکسان","HTML: LessonCache؛ کش HMK1 + اعتبارسنجی تغییر","2","سفر ذهنی"
"جنگل حسی","کسب آرامش","cj-07","Bucket/Html-files/app/calm/journey/07-sensory-forest.html","https://c539776.parspack.net/Bucket/Html-files/app/calm/journey/07-sensory-forest.html","html","app-content.tsv ; app-Parspack-upload-map.csv","yes","active","جنگل حسی","cj-07","https://c539776.parspack.net/Bucket/Html-files/app/calm/journey/07-sensory-forest.html","یکسان","HTML: LessonCache؛ کش HMK1 + اعتبارسنجی تغییر","2","سفر ذهنی"
"پناهگاه امن ذهنی","کسب آرامش","cj-08","Bucket/Html-files/app/calm/journey/08-safe-mental-refuge.html","https://c539776.parspack.net/Bucket/Html-files/app/calm/journey/08-safe-mental-refuge.html","html","app-content.tsv ; app-Parspack-upload-map.csv","yes","active","پناهگاه امن ذهنی","cj-08","https://c539776.parspack.net/Bucket/Html-files/app/calm/journey/08-safe-mental-refuge.html","یکسان","HTML: LessonCache؛ کش HMK1 + اعتبارسنجی تغییر","2","سفر ذهنی"
"فضای سبز شهری","کسب آرامش","cj-09","Bucket/Html-files/app/calm/journey/09-urban-green-space.html","https://c539776.parspack.net/Bucket/Html-files/app/calm/journey/09-urban-green-space.html","html","app-content.tsv ; app-Parspack-upload-map.csv","yes","active","فضای سبز شهری","cj-09","https://c539776.parspack.net/Bucket/Html-files/app/calm/journey/09-urban-green-space.html","یکسان","HTML: LessonCache؛ کش HMK1 + اعتبارسنجی تغییر","2","سفر ذهنی"
"باغ پنج‌حس","کسب آرامش","cj-10","Bucket/Html-files/app/calm/journey/10-five-senses-garden.html","https://c539776.parspack.net/Bucket/Html-files/app/calm/journey/10-five-senses-garden.html","html","app-content.tsv ; app-Parspack-upload-map.csv","yes","active","باغ پنج‌حس","cj-10","https://c539776.parspack.net/Bucket/Html-files/app/calm/journey/10-five-senses-garden.html","یکسان","HTML: LessonCache؛ کش HMK1 + اعتبارسنجی تغییر","2","سفر ذهنی"
"فضای آبی آرام","کسب آرامش","cj-11","Bucket/Html-files/app/calm/journey/11-calm-blue-space.html","https://c539776.parspack.net/Bucket/Html-files/app/calm/journey/11-calm-blue-space.html","html","app-content.tsv ; app-Parspack-upload-map.csv","yes","active","فضای آبی آرام","cj-11","https://c539776.parspack.net/Bucket/Html-files/app/calm/journey/11-calm-blue-space.html","یکسان","HTML: LessonCache؛ کش HMK1 + اعتبارسنجی تغییر","2","سفر ذهنی"
"طبیعت مجازی","کسب آرامش","cj-12","Bucket/Html-files/app/calm/journey/12-virtual-nature.html","https://c539776.parspack.net/Bucket/Html-files/app/calm/journey/12-virtual-nature.html","html","app-content.tsv ; app-Parspack-upload-map.csv","yes","active","طبیعت مجازی","cj-12","https://c539776.parspack.net/Bucket/Html-files/app/calm/journey/12-virtual-nature.html","یکسان","HTML: LessonCache؛ کش HMK1 + اعتبارسنجی تغییر","2","سفر ذهنی"
"نسخه‌ی کامل سر تا پا","کسب آرامش","cp-pmr-01","Bucket/Html-files/app/calm/pmr/01-full-body-pmr.html","https://c539776.parspack.net/Bucket/Html-files/app/calm/pmr/01-full-body-pmr.html","html","app-content.tsv ; app-Parspack-upload-map.csv","yes","active","نسخه‌ی کامل سر تا پا","cp-pmr-01","https://c539776.parspack.net/Bucket/Html-files/app/calm/pmr/01-full-body-pmr.html","یکسان","HTML: LessonCache؛ کش HMK1 + اعتبارسنجی تغییر","2","آرام‌سازی عضلانی پیش‌رونده"
"نسخه‌ی کوتاه دست و شانه","کسب آرامش","cp-pmr-02","Bucket/Html-files/app/calm/pmr/02-hands-shoulders-pmr.html","https://c539776.parspack.net/Bucket/Html-files/app/calm/pmr/02-hands-shoulders-pmr.html","html","app-content.tsv ; app-Parspack-upload-map.csv","yes","active","نسخه‌ی کوتاه دست و شانه","cp-pmr-02","https://c539776.parspack.net/Bucket/Html-files/app/calm/pmr/02-hands-shoulders-pmr.html","یکسان","HTML: LessonCache؛ کش HMK1 + اعتبارسنجی تغییر","2","وسط روز، پشت میز"
"432Hz","کسب آرامش","cs-freq-01","Bucket/Html-files/app/calm/sounds/frequency/01-432hz-evidence.html","https://c539776.parspack.net/Bucket/Html-files/app/calm/sounds/frequency/01-432hz-evidence.html","html","app-content.tsv ; app-Parspack-upload-map.csv","yes","active","432Hz","cs-freq-01","https://c539776.parspack.net/Bucket/Html-files/app/calm/sounds/frequency/01-432hz-evidence.html","یکسان","HTML: LessonCache؛ کش HMK1 + اعتبارسنجی تغییر","2","شواهد و مرجع tuning"
"440Hz","کسب آرامش","cs-freq-02","Bucket/Html-files/app/calm/sounds/frequency/02-440hz-reference.html","https://c539776.parspack.net/Bucket/Html-files/app/calm/sounds/frequency/02-440hz-reference.html","html","app-content.tsv ; app-Parspack-upload-map.csv","yes","active","440Hz","cs-freq-02","https://c539776.parspack.net/Bucket/Html-files/app/calm/sounds/frequency/02-440hz-reference.html","یکسان","HTML: LessonCache؛ کش HMK1 + اعتبارسنجی تغییر","2","مرجع tuning"
"Binaural / Theta","کسب آرامش","cs-freq-03","Bucket/Html-files/app/calm/sounds/frequency/03-binaural-theta.html","https://c539776.parspack.net/Bucket/Html-files/app/calm/sounds/frequency/03-binaural-theta.html","html","app-content.tsv ; app-Parspack-upload-map.csv","yes","active","Binaural / Theta","cs-freq-03","https://c539776.parspack.net/Bucket/Html-files/app/calm/sounds/frequency/03-binaural-theta.html","یکسان","HTML: LessonCache؛ کش HMK1 + اعتبارسنجی تغییر","2","شواهد محدود یا متناقض"
"Binaural / Alpha","کسب آرامش","cs-freq-04","Bucket/Html-files/app/calm/sounds/frequency/04-binaural-alpha.html","https://c539776.parspack.net/Bucket/Html-files/app/calm/sounds/frequency/04-binaural-alpha.html","html","app-content.tsv ; app-Parspack-upload-map.csv","yes","active","Binaural / Alpha","cs-freq-04","https://c539776.parspack.net/Bucket/Html-files/app/calm/sounds/frequency/04-binaural-alpha.html","یکسان","HTML: LessonCache؛ کش HMK1 + اعتبارسنجی تغییر","2","شواهد محدود یا متناقض"
"سایر فرکانس‌ها","کسب آرامش","cs-freq-05","Bucket/Html-files/app/calm/sounds/frequency/05-other-frequency-evidence.html","https://c539776.parspack.net/Bucket/Html-files/app/calm/sounds/frequency/05-other-frequency-evidence.html","html","app-content.tsv ; app-Parspack-upload-map.csv","yes","active","سایر فرکانس‌ها","cs-freq-05","https://c539776.parspack.net/Bucket/Html-files/app/calm/sounds/frequency/05-other-frequency-evidence.html","یکسان","HTML: LessonCache؛ کش HMK1 + اعتبارسنجی تغییر","2","آنچه شواهد نشان می‌دهد"
"باران","کسب آرامش","cs-nature-01","Bucket/Html-files/app/calm/sounds/nature/01-rain.html","https://c539776.parspack.net/Bucket/Html-files/app/calm/sounds/nature/01-rain.html","html","app-content.tsv ; app-Parspack-upload-map.csv","yes","active","باران","cs-nature-01","https://c539776.parspack.net/Bucket/Html-files/app/calm/sounds/nature/01-rain.html","یکسان","HTML: LessonCache؛ کش HMK1 + اعتبارسنجی تغییر","2","صدای طبیعت"
"جنگل","کسب آرامش","cs-nature-02","Bucket/Html-files/app/calm/sounds/nature/02-forest.html","https://c539776.parspack.net/Bucket/Html-files/app/calm/sounds/nature/02-forest.html","html","app-content.tsv ; app-Parspack-upload-map.csv","yes","active","جنگل","cs-nature-02","https://c539776.parspack.net/Bucket/Html-files/app/calm/sounds/nature/02-forest.html","یکسان","HTML: LessonCache؛ کش HMK1 + اعتبارسنجی تغییر","2","صدای طبیعت"
"رودخانه","کسب آرامش","cs-nature-03","Bucket/Html-files/app/calm/sounds/nature/03-river.html","https://c539776.parspack.net/Bucket/Html-files/app/calm/sounds/nature/03-river.html","html","app-content.tsv ; app-Parspack-upload-map.csv","yes","active","رودخانه","cs-nature-03","https://c539776.parspack.net/Bucket/Html-files/app/calm/sounds/nature/03-river.html","یکسان","HTML: LessonCache؛ کش HMK1 + اعتبارسنجی تغییر","2","صدای طبیعت"
"دریا","کسب آرامش","cs-nature-04","Bucket/Html-files/app/calm/sounds/nature/04-ocean.html","https://c539776.parspack.net/Bucket/Html-files/app/calm/sounds/nature/04-ocean.html","html","app-content.tsv ; app-Parspack-upload-map.csv","yes","active","دریا","cs-nature-04","https://c539776.parspack.net/Bucket/Html-files/app/calm/sounds/nature/04-ocean.html","یکسان","HTML: LessonCache؛ کش HMK1 + اعتبارسنجی تغییر","2","صدای طبیعت"
"نویز سفید","کسب آرامش","cs-noise-01","Bucket/Html-files/app/calm/sounds/noise/01-white-noise.html","https://c539776.parspack.net/Bucket/Html-files/app/calm/sounds/noise/01-white-noise.html","html","app-content.tsv ; app-Parspack-upload-map.csv","yes","active","نویز سفید","cs-noise-01","https://c539776.parspack.net/Bucket/Html-files/app/calm/sounds/noise/01-white-noise.html","یکسان","HTML: LessonCache؛ کش HMK1 + اعتبارسنجی تغییر","2","نویز"
"نویز صورتی","کسب آرامش","cs-noise-02","Bucket/Html-files/app/calm/sounds/noise/02-pink-noise.html","https://c539776.parspack.net/Bucket/Html-files/app/calm/sounds/noise/02-pink-noise.html","html","app-content.tsv ; app-Parspack-upload-map.csv","yes","active","نویز صورتی","cs-noise-02","https://c539776.parspack.net/Bucket/Html-files/app/calm/sounds/noise/02-pink-noise.html","یکسان","HTML: LessonCache؛ کش HMK1 + اعتبارسنجی تغییر","2","نویز"
"نویز قهوه‌ای","کسب آرامش","cs-noise-03","Bucket/Html-files/app/calm/sounds/noise/03-brown-noise.html","https://c539776.parspack.net/Bucket/Html-files/app/calm/sounds/noise/03-brown-noise.html","html","app-content.tsv ; app-Parspack-upload-map.csv","yes","active","نویز قهوه‌ای","cs-noise-03","https://c539776.parspack.net/Bucket/Html-files/app/calm/sounds/noise/03-brown-noise.html","یکسان","HTML: LessonCache؛ کش HMK1 + اعتبارسنجی تغییر","2","نویز"
"موسیقی آرام","کسب آرامش","cs-stress-01","Bucket/Html-files/app/calm/sounds/stress/01-calm-stress-relief.html","https://c539776.parspack.net/Bucket/Html-files/app/calm/sounds/stress/01-calm-stress-relief.html","html","app-content.tsv ; app-Parspack-upload-map.csv","yes","active","موسیقی آرام","cs-stress-01","https://c539776.parspack.net/Bucket/Html-files/app/calm/sounds/stress/01-calm-stress-relief.html","یکسان","HTML: LessonCache؛ کش HMK1 + اعتبارسنجی تغییر","2","کاهش استرس"
"موسیقی طبیعت","کسب آرامش","cs-stress-02","Bucket/Html-files/app/calm/sounds/stress/02-nature-stress-relief.html","https://c539776.parspack.net/Bucket/Html-files/app/calm/sounds/stress/02-nature-stress-relief.html","html","app-content.tsv ; app-Parspack-upload-map.csv","yes","active","موسیقی طبیعت","cs-stress-02","https://c539776.parspack.net/Bucket/Html-files/app/calm/sounds/stress/02-nature-stress-relief.html","یکسان","HTML: LessonCache؛ کش HMK1 + اعتبارسنجی تغییر","2","کاهش استرس"
"موسیقی تنفس","کسب آرامش","cs-stress-03","Bucket/Html-files/app/calm/sounds/stress/03-breath-paced-music.html","https://c539776.parspack.net/Bucket/Html-files/app/calm/sounds/stress/03-breath-paced-music.html","html","app-content.tsv ; app-Parspack-upload-map.csv","yes","active","موسیقی تنفس","cs-stress-03","https://c539776.parspack.net/Bucket/Html-files/app/calm/sounds/stress/03-breath-paced-music.html","یکسان","HTML: LessonCache؛ کش HMK1 + اعتبارسنجی تغییر","2","کاهش استرس"
"موسیقی بدون کلام","کسب آرامش","cs-study-01","Bucket/Html-files/app/calm/sounds/study/01-study-instrumental.html","https://c539776.parspack.net/Bucket/Html-files/app/calm/sounds/study/01-study-instrumental.html","html","app-content.tsv ; app-Parspack-upload-map.csv","yes","active","موسیقی بدون کلام","cs-study-01","https://c539776.parspack.net/Bucket/Html-files/app/calm/sounds/study/01-study-instrumental.html","یکسان","HTML: LessonCache؛ کش HMK1 + اعتبارسنجی تغییر","2","موسیقی مطالعه"
"موسیقی کم‌حواس‌پرتی","کسب آرامش","cs-study-02","Bucket/Html-files/app/calm/sounds/study/02-low-distraction-study.html","https://c539776.parspack.net/Bucket/Html-files/app/calm/sounds/study/02-low-distraction-study.html","html","app-content.tsv ; app-Parspack-upload-map.csv","yes","active","موسیقی کم‌حواس‌پرتی","cs-study-02","https://c539776.parspack.net/Bucket/Html-files/app/calm/sounds/study/02-low-distraction-study.html","یکسان","HTML: LessonCache؛ کش HMK1 + اعتبارسنجی تغییر","2","موسیقی مطالعه"
"موسیقی مطالعه عمیق","کسب آرامش","cs-study-03","Bucket/Html-files/app/calm/sounds/study/03-deep-study.html","https://c539776.parspack.net/Bucket/Html-files/app/calm/sounds/study/03-deep-study.html","html","app-content.tsv ; app-Parspack-upload-map.csv","yes","active","موسیقی مطالعه عمیق","cs-study-03","https://c539776.parspack.net/Bucket/Html-files/app/calm/sounds/study/03-deep-study.html","یکسان","HTML: LessonCache؛ کش HMK1 + اعتبارسنجی تغییر","2","موسیقی مطالعه"
"پلیر کامل موسیقی طبیعت","محتوای سرور","background-music-full.html","Bucket/Html-files/background-music-full.html","https://c539776.parspack.net/Bucket/Html-files/background-music-full.html","html","server-map.json ; app-Parspack-upload-map.csv","yes","active","پلیر کامل موسیقی طبیعت","background-music-full.html","https://c539776.parspack.net/Bucket/Html-files/background-music-full.html","یکسان","HTML: LessonCache؛ کش HMK1 + اعتبارسنجی تغییر","2","منبع CSV: server-map.json;NatureWhisperPlayerViewModel.kt"
"کاشی موسیقی صفحهٔ خواب","محتوای سرور","background-music-tile.html","Bucket/Html-files/background-music-tile.html","https://c539776.parspack.net/Bucket/Html-files/background-music-tile.html","html","server-map.json ; app-Parspack-upload-map.csv","yes","active","کاشی موسیقی صفحهٔ خواب","background-music-tile.html","https://c539776.parspack.net/Bucket/Html-files/background-music-tile.html","یکسان","HTML: LessonCache؛ کش HMK1 + اعتبارسنجی تغییر","2","منبع CSV: server-map.json;BackgroundMusicTileHost.kt"
"پلیر موسیقی داخل iframe","محتوای سرور","background-music.html","Bucket/Html-files/background-music.html","https://c539776.parspack.net/Bucket/Html-files/background-music.html","html","server-map.json ; app-Parspack-upload-map.csv","yes","active","پلیر موسیقی داخل iframe","background-music.html","https://c539776.parspack.net/Bucket/Html-files/background-music.html","یکسان","HTML: LessonCache؛ کش HMK1 + اعتبارسنجی تغییر","2","منبع CSV: server-map.json;HTML iframe / runtime reference"
"صفحهٔ محتوای در دست تولید","محتوای سرور","spaceholder.html","Bucket/Html-files/spaceholder.html","https://c539776.parspack.net/Bucket/Html-files/spaceholder.html","html","server-map.json ; app-Parspack-upload-map.csv","yes","active","صفحهٔ محتوای در دست تولید","spaceholder.html","https://c539776.parspack.net/Bucket/Html-files/spaceholder.html","یکسان","HTML: LessonCache؛ کش HMK1 + اعتبارسنجی تغییر","2","منبع CSV: server-map.json;BooksMenu.kt"
"حالت کودک","یوگا","yga-01","Bucket/Html-files/01 - حالت کودک.html","https://c539776.parspack.net/Bucket/Html-files/01%20-%20%D8%AD%D8%A7%D9%84%D8%AA%20%DA%A9%D9%88%D8%AF%DA%A9.html","html","catalog.json ; server-map.json ; app-Parspack-upload-map.csv","yes","active","حالت کودک","yga-01","https://c539776.parspack.net/Bucket/Html-files/01%20-%20%D8%AD%D8%A7%D9%84%D8%AA%20%DA%A9%D9%88%D8%AF%DA%A9.html","یکسان","HTML: LessonCache؛ کش HMK1 + اعتبارسنجی تغییر","3","منبع CSV: catalog.json;server-map.json"
"گربه–گاو","یوگا","yga-02","Bucket/Html-files/02 - گربه–گاو.html","https://c539776.parspack.net/Bucket/Html-files/02%20-%20%DA%AF%D8%B1%D8%A8%D9%87%E2%80%93%DA%AF%D8%A7%D9%88.html","html","catalog.json ; server-map.json ; app-Parspack-upload-map.csv","yes","active","گربه–گاو","yga-02","https://c539776.parspack.net/Bucket/Html-files/02%20-%20%DA%AF%D8%B1%D8%A8%D9%87%E2%80%93%DA%AF%D8%A7%D9%88.html","یکسان","HTML: LessonCache؛ کش HMK1 + اعتبارسنجی تغییر","3","منبع CSV: catalog.json;server-map.json"
"سگ سر پایین","یوگا","yga-03","Bucket/Html-files/03 - سگ سر پایین.html","https://c539776.parspack.net/Bucket/Html-files/03%20-%20%D8%B3%DA%AF%20%D8%B3%D8%B1%20%D9%BE%D8%A7%DB%8C%DB%8C%D9%86.html","html","catalog.json ; server-map.json ; app-Parspack-upload-map.csv","yes","active","سگ سر پایین","yga-03","https://c539776.parspack.net/Bucket/Html-files/03%20-%20%D8%B3%DA%AF%20%D8%B3%D8%B1%20%D9%BE%D8%A7%DB%8C%DB%8C%D9%86.html","یکسان","HTML: LessonCache؛ کش HMK1 + اعتبارسنجی تغییر","3","منبع CSV: catalog.json;server-map.json"
"کبرای ملایم","یوگا","yga-04","Bucket/Html-files/04 - کبرای ملایم.html","https://c539776.parspack.net/Bucket/Html-files/04%20-%20%DA%A9%D8%A8%D8%B1%D8%A7%DB%8C%20%D9%85%D9%84%D8%A7%DB%8C%D9%85.html","html","catalog.json ; server-map.json ; app-Parspack-upload-map.csv","yes","active","کبرای ملایم","yga-04","https://c539776.parspack.net/Bucket/Html-files/04%20-%20%DA%A9%D8%A8%D8%B1%D8%A7%DB%8C%20%D9%85%D9%84%D8%A7%DB%8C%D9%85.html","یکسان","HTML: LessonCache؛ کش HMK1 + اعتبارسنجی تغییر","3","منبع CSV: catalog.json;server-map.json"
"جنگجوی یک","یوگا","yga-05","Bucket/Html-files/05 - جنگجوی یک.html","https://c539776.parspack.net/Bucket/Html-files/05%20-%20%D8%AC%D9%86%DA%AF%D8%AC%D9%88%DB%8C%20%DB%8C%DA%A9.html","html","catalog.json ; server-map.json ; app-Parspack-upload-map.csv","yes","active","جنگجوی یک","yga-05","https://c539776.parspack.net/Bucket/Html-files/05%20-%20%D8%AC%D9%86%DA%AF%D8%AC%D9%88%DB%8C%20%DB%8C%DA%A9.html","یکسان","HTML: LessonCache؛ کش HMK1 + اعتبارسنجی تغییر","3","منبع CSV: catalog.json;server-map.json"
"جنگجوی دو","یوگا","yga-06","Bucket/Html-files/06 - جنگجوی دو.html","https://c539776.parspack.net/Bucket/Html-files/06%20-%20%D8%AC%D9%86%DA%AF%D8%AC%D9%88%DB%8C%20%D8%AF%D9%88.html","html","catalog.json ; server-map.json ; app-Parspack-upload-map.csv","yes","active","جنگجوی دو","yga-06","https://c539776.parspack.net/Bucket/Html-files/06%20-%20%D8%AC%D9%86%DA%AF%D8%AC%D9%88%DB%8C%20%D8%AF%D9%88.html","یکسان","HTML: LessonCache؛ کش HMK1 + اعتبارسنجی تغییر","3","منبع CSV: catalog.json;server-map.json"
"درخت","یوگا","yga-07","Bucket/Html-files/07 - درخت.html","https://c539776.parspack.net/Bucket/Html-files/07%20-%20%D8%AF%D8%B1%D8%AE%D8%AA.html","html","catalog.json ; server-map.json ; app-Parspack-upload-map.csv","yes","active","درخت","yga-07","https://c539776.parspack.net/Bucket/Html-files/07%20-%20%D8%AF%D8%B1%D8%AE%D8%AA.html","یکسان","HTML: LessonCache؛ کش HMK1 + اعتبارسنجی تغییر","3","منبع CSV: catalog.json;server-map.json"
"پل","یوگا","yga-08","Bucket/Html-files/08 - پل.html","https://c539776.parspack.net/Bucket/Html-files/08%20-%20%D9%BE%D9%84.html","html","catalog.json ; server-map.json ; app-Parspack-upload-map.csv","yes","active","پل","yga-08","https://c539776.parspack.net/Bucket/Html-files/08%20-%20%D9%BE%D9%84.html","یکسان","HTML: LessonCache؛ کش HMK1 + اعتبارسنجی تغییر","3","منبع CSV: catalog.json;server-map.json"
"چرخش نشسته","یوگا","yga-09","Bucket/Html-files/09 - چرخش نشسته.html","https://c539776.parspack.net/Bucket/Html-files/09%20-%20%DA%86%D8%B1%D8%AE%D8%B4%20%D9%86%D8%B4%D8%B3%D8%AA%D9%87.html","html","catalog.json ; server-map.json ; app-Parspack-upload-map.csv","yes","active","چرخش نشسته","yga-09","https://c539776.parspack.net/Bucket/Html-files/09%20-%20%DA%86%D8%B1%D8%AE%D8%B4%20%D9%86%D8%B4%D8%B3%D8%AA%D9%87.html","یکسان","HTML: LessonCache؛ کش HMK1 + اعتبارسنجی تغییر","3","منبع CSV: catalog.json;server-map.json"
"حالت کودک با زانوهای باز","یوگا","yga-10","Bucket/Html-files/10 - حالت کودک با زانوهای باز.html","https://c539776.parspack.net/Bucket/Html-files/10%20-%20%D8%AD%D8%A7%D9%84%D8%AA%20%DA%A9%D9%88%D8%AF%DA%A9%20%D8%A8%D8%A7%20%D8%B2%D8%A7%D9%86%D9%88%D9%87%D8%A7%DB%8C%20%D8%A8%D8%A7%D8%B2.html","html","catalog.json ; server-map.json ; app-Parspack-upload-map.csv","yes","active","حالت کودک با زانوهای باز","yga-10","https://c539776.parspack.net/Bucket/Html-files/10%20-%20%D8%AD%D8%A7%D9%84%D8%AA%20%DA%A9%D9%88%D8%AF%DA%A9%20%D8%A8%D8%A7%20%D8%B2%D8%A7%D9%86%D9%88%D9%87%D8%A7%DB%8C%20%D8%A8%D8%A7%D8%B2.html","یکسان","HTML: LessonCache؛ کش HMK1 + اعتبارسنجی تغییر","3","منبع CSV: catalog.json;server-map.json"
"کبوتر حمایت‌شده","یوگا","yga-11","Bucket/Html-files/11 - کبوتر حمایت‌شده.html","https://c539776.parspack.net/Bucket/Html-files/11%20-%20%DA%A9%D8%A8%D9%88%D8%AA%D8%B1%20%D8%AD%D9%85%D8%A7%DB%8C%D8%AA%E2%80%8C%D8%B4%D8%AF%D9%87.html","html","catalog.json ; server-map.json ; app-Parspack-upload-map.csv","yes","active","کبوتر حمایت‌شده","yga-11","https://c539776.parspack.net/Bucket/Html-files/11%20-%20%DA%A9%D8%A8%D9%88%D8%AA%D8%B1%20%D8%AD%D9%85%D8%A7%DB%8C%D8%AA%E2%80%8C%D8%B4%D8%AF%D9%87.html","یکسان","HTML: LessonCache؛ کش HMK1 + اعتبارسنجی تغییر","3","منبع CSV: catalog.json;server-map.json"
"مثلث","یوگا","yga-12","Bucket/Html-files/12 - مثلث.html","https://c539776.parspack.net/Bucket/Html-files/12%20-%20%D9%85%D8%AB%D9%84%D8%AB.html","html","catalog.json ; server-map.json ; app-Parspack-upload-map.csv","yes","active","مثلث","yga-12","https://c539776.parspack.net/Bucket/Html-files/12%20-%20%D9%85%D8%AB%D9%84%D8%AB.html","یکسان","HTML: LessonCache؛ کش HMK1 + اعتبارسنجی تغییر","3","منبع CSV: catalog.json;server-map.json"
"استراحت به پشت","یوگا","yga-13","Bucket/Html-files/13 - استراحت به پشت.html","https://c539776.parspack.net/Bucket/Html-files/13%20-%20%D8%A7%D8%B3%D8%AA%D8%B1%D8%A7%D8%AD%D8%AA%20%D8%A8%D9%87%20%D9%BE%D8%B4%D8%AA.html","html","catalog.json ; server-map.json ; app-Parspack-upload-map.csv","yes","active","استراحت به پشت","yga-13","https://c539776.parspack.net/Bucket/Html-files/13%20-%20%D8%A7%D8%B3%D8%AA%D8%B1%D8%A7%D8%AD%D8%AA%20%D8%A8%D9%87%20%D9%BE%D8%B4%D8%AA.html","یکسان","HTML: LessonCache؛ کش HMK1 + اعتبارسنجی تغییر","3","منبع CSV: catalog.json;server-map.json"
"نیم‌قایق با زانوهای خم","یوگا","yga-14","Bucket/Html-files/14 - نیم‌قایق با زانوهای خم.html","https://c539776.parspack.net/Bucket/Html-files/14%20-%20%D9%86%DB%8C%D9%85%E2%80%8C%D9%82%D8%A7%DB%8C%D9%82%20%D8%A8%D8%A7%20%D8%B2%D8%A7%D9%86%D9%88%D9%87%D8%A7%DB%8C%20%D8%AE%D9%85.html","html","catalog.json ; server-map.json ; app-Parspack-upload-map.csv","yes","active","نیم‌قایق با زانوهای خم","yga-14","https://c539776.parspack.net/Bucket/Html-files/14%20-%20%D9%86%DB%8C%D9%85%E2%80%8C%D9%82%D8%A7%DB%8C%D9%82%20%D8%A8%D8%A7%20%D8%B2%D8%A7%D9%86%D9%88%D9%87%D8%A7%DB%8C%20%D8%AE%D9%85.html","یکسان","HTML: LessonCache؛ کش HMK1 + اعتبارسنجی تغییر","3","منبع CSV: catalog.json;server-map.json"
"خم‌شدن به جلو ایستاده","یوگا","yga-15","Bucket/Html-files/15 - خم‌شدن به جلو ایستاده.html","https://c539776.parspack.net/Bucket/Html-files/15%20-%20%D8%AE%D9%85%E2%80%8C%D8%B4%D8%AF%D9%86%20%D8%A8%D9%87%20%D8%AC%D9%84%D9%88%20%D8%A7%DB%8C%D8%B3%D8%AA%D8%A7%D8%AF%D9%87.html","html","catalog.json ; server-map.json ; app-Parspack-upload-map.csv","yes","active","خم‌شدن به جلو ایستاده","yga-15","https://c539776.parspack.net/Bucket/Html-files/15%20-%20%D8%AE%D9%85%E2%80%8C%D8%B4%D8%AF%D9%86%20%D8%A8%D9%87%20%D8%AC%D9%84%D9%88%20%D8%A7%DB%8C%D8%B3%D8%AA%D8%A7%D8%AF%D9%87.html","یکسان","HTML: LessonCache؛ کش HMK1 + اعتبارسنجی تغییر","3","منبع CSV: catalog.json;server-map.json"
"جنگل آرام","calm","cj-01","Bucket/Html-files/سفرهای ذهنی/cj-01.html","https://c539776.parspack.net/Bucket/Html-files/%D8%B3%D9%81%D8%B1%D9%87%D8%A7%DB%8C%20%D8%B0%D9%87%D9%86%DB%8C/cj-01.html","html","catalog.json ; server-map.json ; app-Parspack-upload-map.csv","yes","active","جنگل آرام","cj-01","https://c539776.parspack.net/Bucket/Html-files/%D8%B3%D9%81%D8%B1%D9%87%D8%A7%DB%8C%20%D8%B0%D9%87%D9%86%DB%8C/cj-01.html","یکسان","HTML: LessonCache؛ کش HMK1 + اعتبارسنجی تغییر","3","منبع CSV: catalog.json;server-map.json"
"ساحل و امواج","calm","cj-02","Bucket/Html-files/سفرهای ذهنی/cj-02.html","https://c539776.parspack.net/Bucket/Html-files/%D8%B3%D9%81%D8%B1%D9%87%D8%A7%DB%8C%20%D8%B0%D9%87%D9%86%DB%8C/cj-02.html","html","catalog.json ; server-map.json ; app-Parspack-upload-map.csv","yes","active","ساحل و امواج","cj-02","https://c539776.parspack.net/Bucket/Html-files/%D8%B3%D9%81%D8%B1%D9%87%D8%A7%DB%8C%20%D8%B0%D9%87%D9%86%DB%8C/cj-02.html","یکسان","HTML: LessonCache؛ کش HMK1 + اعتبارسنجی تغییر","3","منبع CSV: catalog.json;server-map.json"
"کلبه‌ی کوهستانی برفی","calm","cj-03","Bucket/Html-files/سفرهای ذهنی/cj-03.html","https://c539776.parspack.net/Bucket/Html-files/%D8%B3%D9%81%D8%B1%D9%87%D8%A7%DB%8C%20%D8%B0%D9%87%D9%86%DB%8C/cj-03.html","html","catalog.json ; server-map.json ; app-Parspack-upload-map.csv","yes","active","کلبه‌ی کوهستانی برفی","cj-03","https://c539776.parspack.net/Bucket/Html-files/%D8%B3%D9%81%D8%B1%D9%87%D8%A7%DB%8C%20%D8%B0%D9%87%D9%86%DB%8C/cj-03.html","یکسان","HTML: LessonCache؛ کش HMK1 + اعتبارسنجی تغییر","3","منبع CSV: catalog.json;server-map.json"
"باغ مخفی","calm","cj-04","Bucket/Html-files/سفرهای ذهنی/cj-04.html","https://c539776.parspack.net/Bucket/Html-files/%D8%B3%D9%81%D8%B1%D9%87%D8%A7%DB%8C%20%D8%B0%D9%87%D9%86%DB%8C/cj-04.html","html","catalog.json ; server-map.json ; app-Parspack-upload-map.csv","yes","active","باغ مخفی","cj-04","https://c539776.parspack.net/Bucket/Html-files/%D8%B3%D9%81%D8%B1%D9%87%D8%A7%DB%8C%20%D8%B0%D9%87%D9%86%DB%8C/cj-04.html","یکسان","HTML: LessonCache؛ کش HMK1 + اعتبارسنجی تغییر","3","منبع CSV: catalog.json;server-map.json"
"قایق روی رودخانه‌ی آرام","calm","cj-05","Bucket/Html-files/سفرهای ذهنی/cj-05.html","https://c539776.parspack.net/Bucket/Html-files/%D8%B3%D9%81%D8%B1%D9%87%D8%A7%DB%8C%20%D8%B0%D9%87%D9%86%DB%8C/cj-05.html","html","catalog.json ; server-map.json ; app-Parspack-upload-map.csv","yes","active","قایق روی رودخانه‌ی آرام","cj-05","https://c539776.parspack.net/Bucket/Html-files/%D8%B3%D9%81%D8%B1%D9%87%D8%A7%DB%8C%20%D8%B0%D9%87%D9%86%DB%8C/cj-05.html","یکسان","HTML: LessonCache؛ کش HMK1 + اعتبارسنجی تغییر","3","منبع CSV: catalog.json;server-map.json"
"پیاده‌روی زیر باران بهاری","calm","cj-06","Bucket/Html-files/سفرهای ذهنی/cj-06.html","https://c539776.parspack.net/Bucket/Html-files/%D8%B3%D9%81%D8%B1%D9%87%D8%A7%DB%8C%20%D8%B0%D9%87%D9%86%DB%8C/cj-06.html","html","catalog.json ; server-map.json ; app-Parspack-upload-map.csv","yes","active","پیاده‌روی زیر باران بهاری","cj-06","https://c539776.parspack.net/Bucket/Html-files/%D8%B3%D9%81%D8%B1%D9%87%D8%A7%DB%8C%20%D8%B0%D9%87%D9%86%DB%8C/cj-06.html","یکسان","HTML: LessonCache؛ کش HMK1 + اعتبارسنجی تغییر","3","منبع CSV: catalog.json;server-map.json"
"تجسم ورود آروم به جلسه","hypnosis","mh-exam-01","Bucket/Html-files/خودهیپنوتیزم/mh-exam-01.html","https://c539776.parspack.net/Bucket/Html-files/%D8%AE%D9%88%D8%AF%D9%87%DB%8C%D9%BE%D9%86%D9%88%D8%AA%DB%8C%D8%B2%D9%85/mh-exam-01.html","html","catalog.json ; server-map.json ; app-Parspack-upload-map.csv","yes","active","تجسم ورود آروم به جلسه","mh-exam-01","https://c539776.parspack.net/Bucket/Html-files/%D8%AE%D9%88%D8%AF%D9%87%DB%8C%D9%BE%D9%86%D9%88%D8%AA%DB%8C%D8%B2%D9%85/mh-exam-01.html","یکسان","HTML: LessonCache؛ کش HMK1 + اعتبارسنجی تغییر","3","منبع CSV: catalog.json;server-map.json"
"حافظه‌ام در دسترسمه","hypnosis","mh-exam-02","Bucket/Html-files/خودهیپنوتیزم/mh-exam-02.html","https://c539776.parspack.net/Bucket/Html-files/%D8%AE%D9%88%D8%AF%D9%87%DB%8C%D9%BE%D9%86%D9%88%D8%AA%DB%8C%D8%B2%D9%85/mh-exam-02.html","html","catalog.json ; server-map.json ; app-Parspack-upload-map.csv","yes","active","حافظه‌ام در دسترسمه","mh-exam-02","https://c539776.parspack.net/Bucket/Html-files/%D8%AE%D9%88%D8%AF%D9%87%DB%8C%D9%BE%D9%86%D9%88%D8%AA%DB%8C%D8%B2%D9%85/mh-exam-02.html","یکسان","HTML: LessonCache؛ کش HMK1 + اعتبارسنجی تغییر","3","منبع CSV: catalog.json;server-map.json"
"مدیریت اضطراب پیش از امتحان","hypnosis","mh-exam-03","Bucket/Html-files/خودهیپنوتیزم/mh-exam-03.html","https://c539776.parspack.net/Bucket/Html-files/%D8%AE%D9%88%D8%AF%D9%87%DB%8C%D9%BE%D9%86%D9%88%D8%AA%DB%8C%D8%B2%D9%85/mh-exam-03.html","html","catalog.json ; server-map.json ; app-Parspack-upload-map.csv","yes","active","مدیریت اضطراب پیش از امتحان","mh-exam-03","https://c539776.parspack.net/Bucket/Html-files/%D8%AE%D9%88%D8%AF%D9%87%DB%8C%D9%BE%D9%86%D9%88%D8%AA%DB%8C%D8%B2%D9%85/mh-exam-03.html","یکسان","HTML: LessonCache؛ کش HMK1 + اعتبارسنجی تغییر","3","منبع CSV: catalog.json;server-map.json"
"آرامش پیش از گفت‌وگوی سخت","hypnosis","mh-social-01","Bucket/Html-files/خودهیپنوتیزم/mh-social-01.html","https://c539776.parspack.net/Bucket/Html-files/%D8%AE%D9%88%D8%AF%D9%87%DB%8C%D9%BE%D9%86%D9%88%D8%AA%DB%8C%D8%B2%D9%85/mh-social-01.html","html","catalog.json ; server-map.json ; app-Parspack-upload-map.csv","yes","active","آرامش پیش از گفت‌وگوی سخت","mh-social-01","https://c539776.parspack.net/Bucket/Html-files/%D8%AE%D9%88%D8%AF%D9%87%DB%8C%D9%BE%D9%86%D9%88%D8%AA%DB%8C%D8%B2%D9%85/mh-social-01.html","یکسان","HTML: LessonCache؛ کش HMK1 + اعتبارسنجی تغییر","3","منبع CSV: catalog.json;server-map.json"
"دیدن از زاویه‌ی دیگری","hypnosis","mh-social-02","Bucket/Html-files/خودهیپنوتیزم/mh-social-02.html","https://c539776.parspack.net/Bucket/Html-files/%D8%AE%D9%88%D8%AF%D9%87%DB%8C%D9%BE%D9%86%D9%88%D8%AA%DB%8C%D8%B2%D9%85/mh-social-02.html","html","catalog.json ; server-map.json ; app-Parspack-upload-map.csv","yes","active","دیدن از زاویه‌ی دیگری","mh-social-02","https://c539776.parspack.net/Bucket/Html-files/%D8%AE%D9%88%D8%AF%D9%87%DB%8C%D9%BE%D9%86%D9%88%D8%AA%DB%8C%D8%B2%D9%85/mh-social-02.html","یکسان","HTML: LessonCache؛ کش HMK1 + اعتبارسنجی تغییر","3","منبع CSV: catalog.json;server-map.json"
"رهاسازی خشم کوچک","hypnosis","mh-social-03","Bucket/Html-files/خودهیپنوتیزم/mh-social-03.html","https://c539776.parspack.net/Bucket/Html-files/%D8%AE%D9%88%D8%AF%D9%87%DB%8C%D9%BE%D9%86%D9%88%D8%AA%DB%8C%D8%B2%D9%85/mh-social-03.html","html","catalog.json ; server-map.json ; app-Parspack-upload-map.csv","yes","active","رهاسازی خشم کوچک","mh-social-03","https://c539776.parspack.net/Bucket/Html-files/%D8%AE%D9%88%D8%AF%D9%87%DB%8C%D9%BE%D9%86%D9%88%D8%AA%DB%8C%D8%B2%D9%85/mh-social-03.html","یکسان","HTML: LessonCache؛ کش HMK1 + اعتبارسنجی تغییر","3","منبع CSV: catalog.json;server-map.json"
"من می‌تونم تمرکز کنم","hypnosis","mh-study-01","Bucket/Html-files/خودهیپنوتیزم/mh-study-01.html","https://c539776.parspack.net/Bucket/Html-files/%D8%AE%D9%88%D8%AF%D9%87%DB%8C%D9%BE%D9%86%D9%88%D8%AA%DB%8C%D8%B2%D9%85/mh-study-01.html","html","catalog.json ; server-map.json ; app-Parspack-upload-map.csv","yes","active","من می‌تونم تمرکز کنم","mh-study-01","https://c539776.parspack.net/Bucket/Html-files/%D8%AE%D9%88%D8%AF%D9%87%DB%8C%D9%BE%D9%86%D9%88%D8%AA%DB%8C%D8%B2%D9%85/mh-study-01.html","یکسان","HTML: LessonCache؛ کش HMK1 + اعتبارسنجی تغییر","3","منبع CSV: catalog.json;server-map.json"
"تجسم کامل‌کردن یک فصل","hypnosis","mh-study-02","Bucket/Html-files/خودهیپنوتیزم/mh-study-02.html","https://c539776.parspack.net/Bucket/Html-files/%D8%AE%D9%88%D8%AF%D9%87%DB%8C%D9%BE%D9%86%D9%88%D8%AA%DB%8C%D8%B2%D9%85/mh-study-02.html","html","catalog.json ; server-map.json ; app-Parspack-upload-map.csv","yes","active","تجسم کامل‌کردن یک فصل","mh-study-02","https://c539776.parspack.net/Bucket/Html-files/%D8%AE%D9%88%D8%AF%D9%87%DB%8C%D9%BE%D9%86%D9%88%D8%AA%DB%8C%D8%B2%D9%85/mh-study-02.html","یکسان","HTML: LessonCache؛ کش HMK1 + اعتبارسنجی تغییر","3","منبع CSV: catalog.json;server-map.json"
"رهاسازی اهمال‌کاری","hypnosis","mh-study-03","Bucket/Html-files/خودهیپنوتیزم/mh-study-03.html","https://c539776.parspack.net/Bucket/Html-files/%D8%AE%D9%88%D8%AF%D9%87%DB%8C%D9%BE%D9%86%D9%88%D8%AA%DB%8C%D8%B2%D9%85/mh-study-03.html","html","catalog.json ; server-map.json ; app-Parspack-upload-map.csv","yes","active","رهاسازی اهمال‌کاری","mh-study-03","https://c539776.parspack.net/Bucket/Html-files/%D8%AE%D9%88%D8%AF%D9%87%DB%8C%D9%BE%D9%86%D9%88%D8%AA%DB%8C%D8%B2%D9%85/mh-study-03.html","یکسان","HTML: LessonCache؛ کش HMK1 + اعتبارسنجی تغییر","3","منبع CSV: catalog.json;server-map.json"
"بازنویسی فکر منفی","hypnosis","mh-thoughts-01","Bucket/Html-files/خودهیپنوتیزم/mh-thoughts-01.html","https://c539776.parspack.net/Bucket/Html-files/%D8%AE%D9%88%D8%AF%D9%87%DB%8C%D9%BE%D9%86%D9%88%D8%AA%DB%8C%D8%B2%D9%85/mh-thoughts-01.html","html","catalog.json ; server-map.json ; app-Parspack-upload-map.csv","yes","active","بازنویسی فکر منفی","mh-thoughts-01","https://c539776.parspack.net/Bucket/Html-files/%D8%AE%D9%88%D8%AF%D9%87%DB%8C%D9%BE%D9%86%D9%88%D8%AA%DB%8C%D8%B2%D9%85/mh-thoughts-01.html","یکسان","HTML: LessonCache؛ کش HMK1 + اعتبارسنجی تغییر","3","منبع CSV: catalog.json;server-map.json"
"تلقین عزت‌نفس","hypnosis","mh-thoughts-02","Bucket/Html-files/خودهیپنوتیزم/mh-thoughts-02.html","https://c539776.parspack.net/Bucket/Html-files/%D8%AE%D9%88%D8%AF%D9%87%DB%8C%D9%BE%D9%86%D9%88%D8%AA%DB%8C%D8%B2%D9%85/mh-thoughts-02.html","html","catalog.json ; server-map.json ; app-Parspack-upload-map.csv","yes","active","تلقین عزت‌نفس","mh-thoughts-02","https://c539776.parspack.net/Bucket/Html-files/%D8%AE%D9%88%D8%AF%D9%87%DB%8C%D9%BE%D9%86%D9%88%D8%AA%DB%8C%D8%B2%D9%85/mh-thoughts-02.html","یکسان","HTML: LessonCache؛ کش HMK1 + اعتبارسنجی تغییر","3","منبع CSV: catalog.json;server-map.json"
"رهاسازی مقایسه با دیگران","hypnosis","mh-thoughts-03","Bucket/Html-files/خودهیپنوتیزم/mh-thoughts-03.html","https://c539776.parspack.net/Bucket/Html-files/%D8%AE%D9%88%D8%AF%D9%87%DB%8C%D9%BE%D9%86%D9%88%D8%AA%DB%8C%D8%B2%D9%85/mh-thoughts-03.html","html","catalog.json ; server-map.json ; app-Parspack-upload-map.csv","yes","active","رهاسازی مقایسه با دیگران","mh-thoughts-03","https://c539776.parspack.net/Bucket/Html-files/%D8%AE%D9%88%D8%AF%D9%87%DB%8C%D9%BE%D9%86%D9%88%D8%AA%DB%8C%D8%B2%D9%85/mh-thoughts-03.html","یکسان","HTML: LessonCache؛ کش HMK1 + اعتبارسنجی تغییر","3","منبع CSV: catalog.json;server-map.json"
"آرام‌سازی بدنی قبل خواب","sleep","sp-body ; hs-prep-01 ; sp-body;hs-prep-01","Bucket/Html-files/app/health/sleep/preparation/01-pre-sleep-body-relaxation.html","https://c539776.parspack.net/Bucket/Html-files/app/health/sleep/preparation/01-pre-sleep-body-relaxation.html","html","catalog.json ; server-map.json ; app-content.tsv ; app-Parspack-upload-map.csv","yes","active","آرام‌سازی بدنی قبل خواب","sp-body;hs-prep-01","https://c539776.parspack.net/Bucket/Html-files/app/health/sleep/preparation/01-pre-sleep-body-relaxation.html","یکسان","HTML: LessonCache؛ کش HMK1 + اعتبارسنجی تغییر","4","۲۸ دقیقه"
"رهاکردن فکرهای روز","sleep","sp-release ; hs-prep-02 ; sp-release;hs-prep-02","Bucket/Html-files/app/health/sleep/preparation/02-release-day-thoughts.html","https://c539776.parspack.net/Bucket/Html-files/app/health/sleep/preparation/02-release-day-thoughts.html","html","catalog.json ; server-map.json ; app-content.tsv ; app-Parspack-upload-map.csv","yes","active","رهاکردن فکرهای روز","sp-release;hs-prep-02","https://c539776.parspack.net/Bucket/Html-files/app/health/sleep/preparation/02-release-day-thoughts.html","یکسان","HTML: LessonCache؛ کش HMK1 + اعتبارسنجی تغییر","4","۲۵ دقیقه"